{
"type": "FeatureCollection",
"name": "restaurant_density",
"crs": { "type": "name", "properties": { "name": "urn:ogc:def:crs:EPSG::3006" } },
"features": [
{ "type": "Feature", "properties": { "restaurant_count": 0 }, "geometry": { "type": "Polygon", "coordinates": [ [ [ 354870.546723371371627, 6203145.881060540676117 ], [ 354870.546723371371627, 6203645.881060540676117 ], [ 354370.546723371371627, 6203645.881060540676117 ], [ 354370.546723371371627, 6203145.881060540676117 ], [ 354870.546723371371627, 6203145.881060540676117 ] ] ] } },
{ "type": "Feature", "properties": { "restaurant_count": 0 }, "geometry": { "type": "Polygon", "coordinates": [ [ [ 354870.546723371371627, 6203645.881060540676117 ], [ 354870.546723371371627, 6204145.881060540676117 ], [ 354370.546723371371627, 6204145.881060540676117 ], [ 354370.546723371371627, 6203645.881060540676117 ], [ 354870.546723371371627, 6203645.881060540676117 ] ] ] } },
{ "type": "Feature", "properties": { "restaurant_count": 0 }, "geometry": { "type": "Polygon", "coordinates": [ [ [ 354870.546723371371627, 6204145.881060540676117 ], [ 354870.546723371371627, 6204645.881060540676117 ], [ 354370.546723371371627, 6204645.881060540676117 ], [ 354370.546723371371627, 6204145.881060540676117 ], [ 354870.546723371371627, 6204145.881060540676117 ] ] ] } },
{ "type": "Feature", "properties": { "restaurant_count": 0 }, "geometry": { "type": "Polygon", "coordinates": [ [ [ 354870.546723371371627, 6204645.881060540676117 ], [ 354870.546723371371627, 6205145.881060540676117 ], [ 354370.546723371371627, 6205145.881060540676117 ], [ 354370.546723371371627, 6204645.881060540676117 ], [ 354870.546723371371627, 6204645.881060540676117 ] ] ] } },
{ "type": "Feature", "properties": { "restaurant_count": 0 }, "geometry": { "type": "Polygon", "coordinates": [ [ [ 354870.546723371371627, 6205145.881060540676117 ], [ 354870.546723371371627, 6205645.881060540676117 ], [ 354370.546723371371627, 6205645.881060540676117 ], [ 354370.546723371371627, 6205145.881060540676117 ], [ 354870.546723371371627, 6205145.881060540676117 ] ] ] } },
{ "type": "Feature", "properties": { "restaurant_count": 0 }, "geometry": { "type": "Polygon", "coordinates": [ [ [ 354870.546723371371627, 6205645.881060540676117 ], [ 354870.546723371371627, 6206145.881060540676117 ], [ 354370.546723371371627, 6206145.881060540676117 ], [ 354370.546723371371627, 6205645.881060540676117 ], [ 354870.546723371371627, 6205645.881060540676117 ] ] ] } },
{ "type": "Feature", "properties": { "restaurant_count": 0 }, "geometry": { "type": "Polygon", "coordinates": [ [ [ 354870.546723371371627, 6206145.881060540676117 ], [ 354870.546723371371627, 6206645.881060540676117 ], [ 354370.546723371371627, 6206645.881060540676117 ], [ 354370.546723371371627, 6206145.881060540676117 ], [ 354870.546723371371627, 6206145.881060540676117 ] ] ] } },
{ "type": "Feature", "properties": { "restaurant_count": 0 }, "geometry": { "type": "Polygon", "coordinates": [ [ [ 354870.546723371371627, 6206645.881060540676117 ], [ 354870.546723371371627, 6207145.881060540676117 ], [ 354370.546723371371627, 6207145.881060540676117 ], [ 354370.546723371371627, 6206645.881060540676117 ], [ 354870.546723371371627, 6206645.881060540676117 ] ] ] } },
{ "type": "Feature", "properties": { "restaurant_count": 0 }, "geometry": { "type": "Polygon", "coordinates": [ [ [ 354870.546723371371627, 6207145.881060540676117 ], [ 354870.546723371371627, 6207645.881060540676117 ], [ 354370.546723371371627, 6207645.881060540676117 ], [ 354370.546723371371627, 6207145.881060540676117 ], [ 354870.546723371371627, 6207145.881060540676117 ] ] ] } },
{ "type": "Feature", "properties": { "restaurant_count": 0 }, "geometry": { "type": "Polygon", "coordinates": [ [ [ 354870.546723371371627, 6207645.881060540676117 ], [ 354870.546723371371627, 6208145.881060540676117 ], [ 354370.546723371371627, 6208145.881060540676117 ], [ 354370.546723371371627, 6207645.881060540676117 ], [ 354870.546723371371627, 6207645.881060540676117 ] ] ] } },
{ "type": "Feature", "properties": { "restaurant_count": 0 }, "geometry": { "type": "Polygon", "coordinates": [ [ [ 354870.546723371371627, 6208145.881060540676117 ], [ 354870.546723371371627, 6208645.881060540676117 ], [ 354370.546723371371627, 6208645.881060540676117 ], [ 354370.546723371371627, 6208145.881060540676117 ], [ 354870.546723371371627, 6208145.881060540676117 ] ] ] } },
{ "type": "Feature", "properties": { "restaurant_count": 0 }, "geometry": { "type": "Polygon", "coordinates": [ [ [ 354870.546723371371627, 6208645.881060540676117 ], [ 354870.546723371371627, 6209145.881060540676117 ], [ 354370.546723371371627, 6209145.881060540676117 ], [ 354370.546723371371627, 6208645.881060540676117 ], [ 354870.546723371371627, 6208645.881060540676117 ] ] ] } },
{ "type": "Feature", "properties": { "restaurant_count": 0 }, "geometry": { "type": "Polygon", "coordinates": [ [ [ 354870.546723371371627, 6209145.881060540676117 ], [ 354870.546723371371627, 6209645.881060540676117 ], [ 354370.546723371371627, 6209645.881060540676117 ], [ 354370.546723371371627, 6209145.881060540676117 ], [ 354870.546723371371627, 6209145.881060540676117 ] ] ] } },
{ "type": "Feature", "properties": { "restaurant_count": 0 }, "geometry": { "type": "Polygon", "coordinates": [ [ [ 354870.546723371371627, 6209645.881060540676117 ], [ 354870.546723371371627, 6210145.881060540676117 ], [ 354370.546723371371627, 6210145.881060540676117 ], [ 354370.546723371371627, 6209645.881060540676117 ], [ 354870.546723371371627, 6209645.881060540676117 ] ] ] } },
{ "type": "Feature", "properties": { "restaurant_count": 0 }, "geometry": { "type": "Polygon", "coordinates": [ [ [ 354870.546723371371627, 6210145.881060540676117 ], [ 354870.546723371371627, 6210645.881060540676117 ], [ 354370.546723371371627, 6210645.881060540676117 ], [ 354370.546723371371627, 6210145.881060540676117 ], [ 354870.546723371371627, 6210145.881060540676117 ] ] ] } },
{ "type": "Feature", "properties": { "restaurant_count": 0 }, "geometry": { "type": "Polygon", "coordinates": [ [ [ 354870.546723371371627, 6210645.881060540676117 ], [ 354870.546723371371627, 6211145.881060540676117 ], [ 354370.546723371371627, 6211145.881060540676117 ], [ 354370.546723371371627, 6210645.881060540676117 ], [ 354870.546723371371627, 6210645.881060540676117 ] ] ] } },
{ "type": "Feature", "properties": { "restaurant_count": 0 }, "geometry": { "type": "Polygon", "coordinates": [ [ [ 354870.546723371371627, 6211145.881060540676117 ], [ 354870.546723371371627, 6211645.881060540676117 ], [ 354370.546723371371627, 6211645.881060540676117 ], [ 354370.546723371371627, 6211145.881060540676117 ], [ 354870.546723371371627, 6211145.881060540676117 ] ] ] } },
{ "type": "Feature", "properties": { "restaurant_count": 0 }, "geometry": { "type": "Polygon", "coordinates": [ [ [ 354870.546723371371627, 6211645.881060540676117 ], [ 354870.546723371371627, 6212145.881060540676117 ], [ 354370.546723371371627, 6212145.881060540676117 ], [ 354370.546723371371627, 6211645.881060540676117 ], [ 354870.546723371371627, 6211645.881060540676117 ] ] ] } },
{ "type": "Feature", "properties": { "restaurant_count": 0 }, "geometry": { "type": "Polygon", "coordinates": [ [ [ 354870.546723371371627, 6212145.881060540676117 ], [ 354870.546723371371627, 6212645.881060540676117 ], [ 354370.546723371371627, 6212645.881060540676117 ], [ 354370.546723371371627, 6212145.881060540676117 ], [ 354870.546723371371627, 6212145.881060540676117 ] ] ] } },
{ "type": "Feature", "properties": { "restaurant_count": 0 }, "geometry": { "type": "Polygon", "coordinates": [ [ [ 354870.546723371371627, 6212645.881060540676117 ], [ 354870.546723371371627, 6213145.881060540676117 ], [ 354370.546723371371627, 6213145.881060540676117 ], [ 354370.546723371371627, 6212645.881060540676117 ], [ 354870.546723371371627, 6212645.881060540676117 ] ] ] } },
{ "type": "Feature", "properties": { "restaurant_count": 0 }, "geometry": { "type": "Polygon", "coordinates": [ [ [ 354870.546723371371627, 6213145.881060540676117 ], [ 354870.546723371371627, 6213645.881060540676117 ], [ 354370.546723371371627, 6213645.881060540676117 ], [ 354370.546723371371627, 6213145.881060540676117 ], [ 354870.546723371371627, 6213145.881060540676117 ] ] ] } },
{ "type": "Feature", "properties": { "restaurant_count": 0 }, "geometry": { "type": "Polygon", "coordinates": [ [ [ 354870.546723371371627, 6213645.881060540676117 ], [ 354870.546723371371627, 6214145.881060540676117 ], [ 354370.546723371371627, 6214145.881060540676117 ], [ 354370.546723371371627, 6213645.881060540676117 ], [ 354870.546723371371627, 6213645.881060540676117 ] ] ] } },
{ "type": "Feature", "properties": { "restaurant_count": 0 }, "geometry": { "type": "Polygon", "coordinates": [ [ [ 354870.546723371371627, 6214145.881060540676117 ], [ 354870.546723371371627, 6214645.881060540676117 ], [ 354370.546723371371627, 6214645.881060540676117 ], [ 354370.546723371371627, 6214145.881060540676117 ], [ 354870.546723371371627, 6214145.881060540676117 ] ] ] } },
{ "type": "Feature", "properties": { "restaurant_count": 0 }, "geometry": { "type": "Polygon", "coordinates": [ [ [ 354870.546723371371627, 6214645.881060540676117 ], [ 354870.546723371371627, 6215145.881060540676117 ], [ 354370.546723371371627, 6215145.881060540676117 ], [ 354370.546723371371627, 6214645.881060540676117 ], [ 354870.546723371371627, 6214645.881060540676117 ] ] ] } },
{ "type": "Feature", "properties": { "restaurant_count": 0 }, "geometry": { "type": "Polygon", "coordinates": [ [ [ 354870.546723371371627, 6215145.881060540676117 ], [ 354870.546723371371627, 6215645.881060540676117 ], [ 354370.546723371371627, 6215645.881060540676117 ], [ 354370.546723371371627, 6215145.881060540676117 ], [ 354870.546723371371627, 6215145.881060540676117 ] ] ] } },
{ "type": "Feature", "properties": { "restaurant_count": 0 }, "geometry": { "type": "Polygon", "coordinates": [ [ [ 354870.546723371371627, 6215645.881060540676117 ], [ 354870.546723371371627, 6216145.881060540676117 ], [ 354370.546723371371627, 6216145.881060540676117 ], [ 354370.546723371371627, 6215645.881060540676117 ], [ 354870.546723371371627, 6215645.881060540676117 ] ] ] } },
{ "type": "Feature", "properties": { "restaurant_count": 0 }, "geometry": { "type": "Polygon", "coordinates": [ [ [ 354870.546723371371627, 6216145.881060540676117 ], [ 354870.546723371371627, 6216645.881060540676117 ], [ 354370.546723371371627, 6216645.881060540676117 ], [ 354370.546723371371627, 6216145.881060540676117 ], [ 354870.546723371371627, 6216145.881060540676117 ] ] ] } },
{ "type": "Feature", "properties": { "restaurant_count": 0 }, "geometry": { "type": "Polygon", "coordinates": [ [ [ 354870.546723371371627, 6216645.881060540676117 ], [ 354870.546723371371627, 6217145.881060540676117 ], [ 354370.546723371371627, 6217145.881060540676117 ], [ 354370.546723371371627, 6216645.881060540676117 ], [ 354870.546723371371627, 6216645.881060540676117 ] ] ] } },
{ "type": "Feature", "properties": { "restaurant_count": 1 }, "geometry": { "type": "Polygon", "coordinates": [ [ [ 354870.546723371371627, 6217145.881060540676117 ], [ 354870.546723371371627, 6217645.881060540676117 ], [ 354370.546723371371627, 6217645.881060540676117 ], [ 354370.546723371371627, 6217145.881060540676117 ], [ 354870.546723371371627, 6217145.881060540676117 ] ] ] } },
{ "type": "Feature", "properties": { "restaurant_count": 0 }, "geometry": { "type": "Polygon", "coordinates": [ [ [ 354870.546723371371627, 6217645.881060540676117 ], [ 354870.546723371371627, 6218145.881060540676117 ], [ 354370.546723371371627, 6218145.881060540676117 ], [ 354370.546723371371627, 6217645.881060540676117 ], [ 354870.546723371371627, 6217645.881060540676117 ] ] ] } },
{ "type": "Feature", "properties": { "restaurant_count": 0 }, "geometry": { "type": "Polygon", "coordinates": [ [ [ 354870.546723371371627, 6218145.881060540676117 ], [ 354870.546723371371627, 6218645.881060540676117 ], [ 354370.546723371371627, 6218645.881060540676117 ], [ 354370.546723371371627, 6218145.881060540676117 ], [ 354870.546723371371627, 6218145.881060540676117 ] ] ] } },
{ "type": "Feature", "properties": { "restaurant_count": 0 }, "geometry": { "type": "Polygon", "coordinates": [ [ [ 354870.546723371371627, 6218645.881060540676117 ], [ 354870.546723371371627, 6219145.881060540676117 ], [ 354370.546723371371627, 6219145.881060540676117 ], [ 354370.546723371371627, 6218645.881060540676117 ], [ 354870.546723371371627, 6218645.881060540676117 ] ] ] } },
{ "type": "Feature", "properties": { "restaurant_count": 0 }, "geometry": { "type": "Polygon", "coordinates": [ [ [ 354870.546723371371627, 6219145.881060540676117 ], [ 354870.546723371371627, 6219645.881060540676117 ], [ 354370.546723371371627, 6219645.881060540676117 ], [ 354370.546723371371627, 6219145.881060540676117 ], [ 354870.546723371371627, 6219145.881060540676117 ] ] ] } },
{ "type": "Feature", "properties": { "restaurant_count": 0 }, "geometry": { "type": "Polygon", "coordinates": [ [ [ 354870.546723371371627, 6219645.881060540676117 ], [ 354870.546723371371627, 6220145.881060540676117 ], [ 354370.546723371371627, 6220145.881060540676117 ], [ 354370.546723371371627, 6219645.881060540676117 ], [ 354870.546723371371627, 6219645.881060540676117 ] ] ] } },
{ "type": "Feature", "properties": { "restaurant_count": 0 }, "geometry": { "type": "Polygon", "coordinates": [ [ [ 354870.546723371371627, 6220145.881060540676117 ], [ 354870.546723371371627, 6220645.881060540676117 ], [ 354370.546723371371627, 6220645.881060540676117 ], [ 354370.546723371371627, 6220145.881060540676117 ], [ 354870.546723371371627, 6220145.881060540676117 ] ] ] } },
{ "type": "Feature", "properties": { "restaurant_count": 0 }, "geometry": { "type": "Polygon", "coordinates": [ [ [ 354870.546723371371627, 6220645.881060540676117 ], [ 354870.546723371371627, 6221145.881060540676117 ], [ 354370.546723371371627, 6221145.881060540676117 ], [ 354370.546723371371627, 6220645.881060540676117 ], [ 354870.546723371371627, 6220645.881060540676117 ] ] ] } },
{ "type": "Feature", "properties": { "restaurant_count": 0 }, "geometry": { "type": "Polygon", "coordinates": [ [ [ 354870.546723371371627, 6221145.881060540676117 ], [ 354870.546723371371627, 6221645.881060540676117 ], [ 354370.546723371371627, 6221645.881060540676117 ], [ 354370.546723371371627, 6221145.881060540676117 ], [ 354870.546723371371627, 6221145.881060540676117 ] ] ] } },
{ "type": "Feature", "properties": { "restaurant_count": 0 }, "geometry": { "type": "Polygon", "coordinates": [ [ [ 354870.546723371371627, 6221645.881060540676117 ], [ 354870.546723371371627, 6222145.881060540676117 ], [ 354370.546723371371627, 6222145.881060540676117 ], [ 354370.546723371371627, 6221645.881060540676117 ], [ 354870.546723371371627, 6221645.881060540676117 ] ] ] } },
{ "type": "Feature", "properties": { "restaurant_count": 0 }, "geometry": { "type": "Polygon", "coordinates": [ [ [ 354870.546723371371627, 6222145.881060540676117 ], [ 354870.546723371371627, 6222645.881060540676117 ], [ 354370.546723371371627, 6222645.881060540676117 ], [ 354370.546723371371627, 6222145.881060540676117 ], [ 354870.546723371371627, 6222145.881060540676117 ] ] ] } },
{ "type": "Feature", "properties": { "restaurant_count": 0 }, "geometry": { "type": "Polygon", "coordinates": [ [ [ 354870.546723371371627, 6222645.881060540676117 ], [ 354870.546723371371627, 6223145.881060540676117 ], [ 354370.546723371371627, 6223145.881060540676117 ], [ 354370.546723371371627, 6222645.881060540676117 ], [ 354870.546723371371627, 6222645.881060540676117 ] ] ] } },
{ "type": "Feature", "properties": { "restaurant_count": 0 }, "geometry": { "type": "Polygon", "coordinates": [ [ [ 354870.546723371371627, 6223145.881060540676117 ], [ 354870.546723371371627, 6223645.881060540676117 ], [ 354370.546723371371627, 6223645.881060540676117 ], [ 354370.546723371371627, 6223145.881060540676117 ], [ 354870.546723371371627, 6223145.881060540676117 ] ] ] } },
{ "type": "Feature", "properties": { "restaurant_count": 0 }, "geometry": { "type": "Polygon", "coordinates": [ [ [ 355370.546723371371627, 6203145.881060540676117 ], [ 355370.546723371371627, 6203645.881060540676117 ], [ 354870.546723371371627, 6203645.881060540676117 ], [ 354870.546723371371627, 6203145.881060540676117 ], [ 355370.546723371371627, 6203145.881060540676117 ] ] ] } },
{ "type": "Feature", "properties": { "restaurant_count": 0 }, "geometry": { "type": "Polygon", "coordinates": [ [ [ 355370.546723371371627, 6203645.881060540676117 ], [ 355370.546723371371627, 6204145.881060540676117 ], [ 354870.546723371371627, 6204145.881060540676117 ], [ 354870.546723371371627, 6203645.881060540676117 ], [ 355370.546723371371627, 6203645.881060540676117 ] ] ] } },
{ "type": "Feature", "properties": { "restaurant_count": 0 }, "geometry": { "type": "Polygon", "coordinates": [ [ [ 355370.546723371371627, 6204145.881060540676117 ], [ 355370.546723371371627, 6204645.881060540676117 ], [ 354870.546723371371627, 6204645.881060540676117 ], [ 354870.546723371371627, 6204145.881060540676117 ], [ 355370.546723371371627, 6204145.881060540676117 ] ] ] } },
{ "type": "Feature", "properties": { "restaurant_count": 0 }, "geometry": { "type": "Polygon", "coordinates": [ [ [ 355370.546723371371627, 6204645.881060540676117 ], [ 355370.546723371371627, 6205145.881060540676117 ], [ 354870.546723371371627, 6205145.881060540676117 ], [ 354870.546723371371627, 6204645.881060540676117 ], [ 355370.546723371371627, 6204645.881060540676117 ] ] ] } },
{ "type": "Feature", "properties": { "restaurant_count": 0 }, "geometry": { "type": "Polygon", "coordinates": [ [ [ 355370.546723371371627, 6205145.881060540676117 ], [ 355370.546723371371627, 6205645.881060540676117 ], [ 354870.546723371371627, 6205645.881060540676117 ], [ 354870.546723371371627, 6205145.881060540676117 ], [ 355370.546723371371627, 6205145.881060540676117 ] ] ] } },
{ "type": "Feature", "properties": { "restaurant_count": 0 }, "geometry": { "type": "Polygon", "coordinates": [ [ [ 355370.546723371371627, 6205645.881060540676117 ], [ 355370.546723371371627, 6206145.881060540676117 ], [ 354870.546723371371627, 6206145.881060540676117 ], [ 354870.546723371371627, 6205645.881060540676117 ], [ 355370.546723371371627, 6205645.881060540676117 ] ] ] } },
{ "type": "Feature", "properties": { "restaurant_count": 0 }, "geometry": { "type": "Polygon", "coordinates": [ [ [ 355370.546723371371627, 6206145.881060540676117 ], [ 355370.546723371371627, 6206645.881060540676117 ], [ 354870.546723371371627, 6206645.881060540676117 ], [ 354870.546723371371627, 6206145.881060540676117 ], [ 355370.546723371371627, 6206145.881060540676117 ] ] ] } },
{ "type": "Feature", "properties": { "restaurant_count": 0 }, "geometry": { "type": "Polygon", "coordinates": [ [ [ 355370.546723371371627, 6206645.881060540676117 ], [ 355370.546723371371627, 6207145.881060540676117 ], [ 354870.546723371371627, 6207145.881060540676117 ], [ 354870.546723371371627, 6206645.881060540676117 ], [ 355370.546723371371627, 6206645.881060540676117 ] ] ] } },
{ "type": "Feature", "properties": { "restaurant_count": 0 }, "geometry": { "type": "Polygon", "coordinates": [ [ [ 355370.546723371371627, 6207145.881060540676117 ], [ 355370.546723371371627, 6207645.881060540676117 ], [ 354870.546723371371627, 6207645.881060540676117 ], [ 354870.546723371371627, 6207145.881060540676117 ], [ 355370.546723371371627, 6207145.881060540676117 ] ] ] } },
{ "type": "Feature", "properties": { "restaurant_count": 0 }, "geometry": { "type": "Polygon", "coordinates": [ [ [ 355370.546723371371627, 6207645.881060540676117 ], [ 355370.546723371371627, 6208145.881060540676117 ], [ 354870.546723371371627, 6208145.881060540676117 ], [ 354870.546723371371627, 6207645.881060540676117 ], [ 355370.546723371371627, 6207645.881060540676117 ] ] ] } },
{ "type": "Feature", "properties": { "restaurant_count": 0 }, "geometry": { "type": "Polygon", "coordinates": [ [ [ 355370.546723371371627, 6208145.881060540676117 ], [ 355370.546723371371627, 6208645.881060540676117 ], [ 354870.546723371371627, 6208645.881060540676117 ], [ 354870.546723371371627, 6208145.881060540676117 ], [ 355370.546723371371627, 6208145.881060540676117 ] ] ] } },
{ "type": "Feature", "properties": { "restaurant_count": 0 }, "geometry": { "type": "Polygon", "coordinates": [ [ [ 355370.546723371371627, 6208645.881060540676117 ], [ 355370.546723371371627, 6209145.881060540676117 ], [ 354870.546723371371627, 6209145.881060540676117 ], [ 354870.546723371371627, 6208645.881060540676117 ], [ 355370.546723371371627, 6208645.881060540676117 ] ] ] } },
{ "type": "Feature", "properties": { "restaurant_count": 0 }, "geometry": { "type": "Polygon", "coordinates": [ [ [ 355370.546723371371627, 6209145.881060540676117 ], [ 355370.546723371371627, 6209645.881060540676117 ], [ 354870.546723371371627, 6209645.881060540676117 ], [ 354870.546723371371627, 6209145.881060540676117 ], [ 355370.546723371371627, 6209145.881060540676117 ] ] ] } },
{ "type": "Feature", "properties": { "restaurant_count": 0 }, "geometry": { "type": "Polygon", "coordinates": [ [ [ 355370.546723371371627, 6209645.881060540676117 ], [ 355370.546723371371627, 6210145.881060540676117 ], [ 354870.546723371371627, 6210145.881060540676117 ], [ 354870.546723371371627, 6209645.881060540676117 ], [ 355370.546723371371627, 6209645.881060540676117 ] ] ] } },
{ "type": "Feature", "properties": { "restaurant_count": 0 }, "geometry": { "type": "Polygon", "coordinates": [ [ [ 355370.546723371371627, 6210145.881060540676117 ], [ 355370.546723371371627, 6210645.881060540676117 ], [ 354870.546723371371627, 6210645.881060540676117 ], [ 354870.546723371371627, 6210145.881060540676117 ], [ 355370.546723371371627, 6210145.881060540676117 ] ] ] } },
{ "type": "Feature", "properties": { "restaurant_count": 0 }, "geometry": { "type": "Polygon", "coordinates": [ [ [ 355370.546723371371627, 6210645.881060540676117 ], [ 355370.546723371371627, 6211145.881060540676117 ], [ 354870.546723371371627, 6211145.881060540676117 ], [ 354870.546723371371627, 6210645.881060540676117 ], [ 355370.546723371371627, 6210645.881060540676117 ] ] ] } },
{ "type": "Feature", "properties": { "restaurant_count": 0 }, "geometry": { "type": "Polygon", "coordinates": [ [ [ 355370.546723371371627, 6211145.881060540676117 ], [ 355370.546723371371627, 6211645.881060540676117 ], [ 354870.546723371371627, 6211645.881060540676117 ], [ 354870.546723371371627, 6211145.881060540676117 ], [ 355370.546723371371627, 6211145.881060540676117 ] ] ] } },
{ "type": "Feature", "properties": { "restaurant_count": 0 }, "geometry": { "type": "Polygon", "coordinates": [ [ [ 355370.546723371371627, 6211645.881060540676117 ], [ 355370.546723371371627, 6212145.881060540676117 ], [ 354870.546723371371627, 6212145.881060540676117 ], [ 354870.546723371371627, 6211645.881060540676117 ], [ 355370.546723371371627, 6211645.881060540676117 ] ] ] } },
{ "type": "Feature", "properties": { "restaurant_count": 0 }, "geometry": { "type": "Polygon", "coordinates": [ [ [ 355370.546723371371627, 6212145.881060540676117 ], [ 355370.546723371371627, 6212645.881060540676117 ], [ 354870.546723371371627, 6212645.881060540676117 ], [ 354870.546723371371627, 6212145.881060540676117 ], [ 355370.546723371371627, 6212145.881060540676117 ] ] ] } },
{ "type": "Feature", "properties": { "restaurant_count": 0 }, "geometry": { "type": "Polygon", "coordinates": [ [ [ 355370.546723371371627, 6212645.881060540676117 ], [ 355370.546723371371627, 6213145.881060540676117 ], [ 354870.546723371371627, 6213145.881060540676117 ], [ 354870.546723371371627, 6212645.881060540676117 ], [ 355370.546723371371627, 6212645.881060540676117 ] ] ] } },
{ "type": "Feature", "properties": { "restaurant_count": 0 }, "geometry": { "type": "Polygon", "coordinates": [ [ [ 355370.546723371371627, 6213145.881060540676117 ], [ 355370.546723371371627, 6213645.881060540676117 ], [ 354870.546723371371627, 6213645.881060540676117 ], [ 354870.546723371371627, 6213145.881060540676117 ], [ 355370.546723371371627, 6213145.881060540676117 ] ] ] } },
{ "type": "Feature", "properties": { "restaurant_count": 0 }, "geometry": { "type": "Polygon", "coordinates": [ [ [ 355370.546723371371627, 6213645.881060540676117 ], [ 355370.546723371371627, 6214145.881060540676117 ], [ 354870.546723371371627, 6214145.881060540676117 ], [ 354870.546723371371627, 6213645.881060540676117 ], [ 355370.546723371371627, 6213645.881060540676117 ] ] ] } },
{ "type": "Feature", "properties": { "restaurant_count": 0 }, "geometry": { "type": "Polygon", "coordinates": [ [ [ 355370.546723371371627, 6214145.881060540676117 ], [ 355370.546723371371627, 6214645.881060540676117 ], [ 354870.546723371371627, 6214645.881060540676117 ], [ 354870.546723371371627, 6214145.881060540676117 ], [ 355370.546723371371627, 6214145.881060540676117 ] ] ] } },
{ "type": "Feature", "properties": { "restaurant_count": 0 }, "geometry": { "type": "Polygon", "coordinates": [ [ [ 355370.546723371371627, 6214645.881060540676117 ], [ 355370.546723371371627, 6215145.881060540676117 ], [ 354870.546723371371627, 6215145.881060540676117 ], [ 354870.546723371371627, 6214645.881060540676117 ], [ 355370.546723371371627, 6214645.881060540676117 ] ] ] } },
{ "type": "Feature", "properties": { "restaurant_count": 0 }, "geometry": { "type": "Polygon", "coordinates": [ [ [ 355370.546723371371627, 6215145.881060540676117 ], [ 355370.546723371371627, 6215645.881060540676117 ], [ 354870.546723371371627, 6215645.881060540676117 ], [ 354870.546723371371627, 6215145.881060540676117 ], [ 355370.546723371371627, 6215145.881060540676117 ] ] ] } },
{ "type": "Feature", "properties": { "restaurant_count": 0 }, "geometry": { "type": "Polygon", "coordinates": [ [ [ 355370.546723371371627, 6215645.881060540676117 ], [ 355370.546723371371627, 6216145.881060540676117 ], [ 354870.546723371371627, 6216145.881060540676117 ], [ 354870.546723371371627, 6215645.881060540676117 ], [ 355370.546723371371627, 6215645.881060540676117 ] ] ] } },
{ "type": "Feature", "properties": { "restaurant_count": 2 }, "geometry": { "type": "Polygon", "coordinates": [ [ [ 355370.546723371371627, 6216145.881060540676117 ], [ 355370.546723371371627, 6216645.881060540676117 ], [ 354870.546723371371627, 6216645.881060540676117 ], [ 354870.546723371371627, 6216145.881060540676117 ], [ 355370.546723371371627, 6216145.881060540676117 ] ] ] } },
{ "type": "Feature", "properties": { "restaurant_count": 0 }, "geometry": { "type": "Polygon", "coordinates": [ [ [ 355370.546723371371627, 6216645.881060540676117 ], [ 355370.546723371371627, 6217145.881060540676117 ], [ 354870.546723371371627, 6217145.881060540676117 ], [ 354870.546723371371627, 6216645.881060540676117 ], [ 355370.546723371371627, 6216645.881060540676117 ] ] ] } },
{ "type": "Feature", "properties": { "restaurant_count": 0 }, "geometry": { "type": "Polygon", "coordinates": [ [ [ 355370.546723371371627, 6217145.881060540676117 ], [ 355370.546723371371627, 6217645.881060540676117 ], [ 354870.546723371371627, 6217645.881060540676117 ], [ 354870.546723371371627, 6217145.881060540676117 ], [ 355370.546723371371627, 6217145.881060540676117 ] ] ] } },
{ "type": "Feature", "properties": { "restaurant_count": 0 }, "geometry": { "type": "Polygon", "coordinates": [ [ [ 355370.546723371371627, 6217645.881060540676117 ], [ 355370.546723371371627, 6218145.881060540676117 ], [ 354870.546723371371627, 6218145.881060540676117 ], [ 354870.546723371371627, 6217645.881060540676117 ], [ 355370.546723371371627, 6217645.881060540676117 ] ] ] } },
{ "type": "Feature", "properties": { "restaurant_count": 0 }, "geometry": { "type": "Polygon", "coordinates": [ [ [ 355370.546723371371627, 6218145.881060540676117 ], [ 355370.546723371371627, 6218645.881060540676117 ], [ 354870.546723371371627, 6218645.881060540676117 ], [ 354870.546723371371627, 6218145.881060540676117 ], [ 355370.546723371371627, 6218145.881060540676117 ] ] ] } },
{ "type": "Feature", "properties": { "restaurant_count": 0 }, "geometry": { "type": "Polygon", "coordinates": [ [ [ 355370.546723371371627, 6218645.881060540676117 ], [ 355370.546723371371627, 6219145.881060540676117 ], [ 354870.546723371371627, 6219145.881060540676117 ], [ 354870.546723371371627, 6218645.881060540676117 ], [ 355370.546723371371627, 6218645.881060540676117 ] ] ] } },
{ "type": "Feature", "properties": { "restaurant_count": 0 }, "geometry": { "type": "Polygon", "coordinates": [ [ [ 355370.546723371371627, 6219145.881060540676117 ], [ 355370.546723371371627, 6219645.881060540676117 ], [ 354870.546723371371627, 6219645.881060540676117 ], [ 354870.546723371371627, 6219145.881060540676117 ], [ 355370.546723371371627, 6219145.881060540676117 ] ] ] } },
{ "type": "Feature", "properties": { "restaurant_count": 0 }, "geometry": { "type": "Polygon", "coordinates": [ [ [ 355370.546723371371627, 6219645.881060540676117 ], [ 355370.546723371371627, 6220145.881060540676117 ], [ 354870.546723371371627, 6220145.881060540676117 ], [ 354870.546723371371627, 6219645.881060540676117 ], [ 355370.546723371371627, 6219645.881060540676117 ] ] ] } },
{ "type": "Feature", "properties": { "restaurant_count": 0 }, "geometry": { "type": "Polygon", "coordinates": [ [ [ 355370.546723371371627, 6220145.881060540676117 ], [ 355370.546723371371627, 6220645.881060540676117 ], [ 354870.546723371371627, 6220645.881060540676117 ], [ 354870.546723371371627, 6220145.881060540676117 ], [ 355370.546723371371627, 6220145.881060540676117 ] ] ] } },
{ "type": "Feature", "properties": { "restaurant_count": 0 }, "geometry": { "type": "Polygon", "coordinates": [ [ [ 355370.546723371371627, 6220645.881060540676117 ], [ 355370.546723371371627, 6221145.881060540676117 ], [ 354870.546723371371627, 6221145.881060540676117 ], [ 354870.546723371371627, 6220645.881060540676117 ], [ 355370.546723371371627, 6220645.881060540676117 ] ] ] } },
{ "type": "Feature", "properties": { "restaurant_count": 0 }, "geometry": { "type": "Polygon", "coordinates": [ [ [ 355370.546723371371627, 6221145.881060540676117 ], [ 355370.546723371371627, 6221645.881060540676117 ], [ 354870.546723371371627, 6221645.881060540676117 ], [ 354870.546723371371627, 6221145.881060540676117 ], [ 355370.546723371371627, 6221145.881060540676117 ] ] ] } },
{ "type": "Feature", "properties": { "restaurant_count": 0 }, "geometry": { "type": "Polygon", "coordinates": [ [ [ 355370.546723371371627, 6221645.881060540676117 ], [ 355370.546723371371627, 6222145.881060540676117 ], [ 354870.546723371371627, 6222145.881060540676117 ], [ 354870.546723371371627, 6221645.881060540676117 ], [ 355370.546723371371627, 6221645.881060540676117 ] ] ] } },
{ "type": "Feature", "properties": { "restaurant_count": 0 }, "geometry": { "type": "Polygon", "coordinates": [ [ [ 355370.546723371371627, 6222145.881060540676117 ], [ 355370.546723371371627, 6222645.881060540676117 ], [ 354870.546723371371627, 6222645.881060540676117 ], [ 354870.546723371371627, 6222145.881060540676117 ], [ 355370.546723371371627, 6222145.881060540676117 ] ] ] } },
{ "type": "Feature", "properties": { "restaurant_count": 0 }, "geometry": { "type": "Polygon", "coordinates": [ [ [ 355370.546723371371627, 6222645.881060540676117 ], [ 355370.546723371371627, 6223145.881060540676117 ], [ 354870.546723371371627, 6223145.881060540676117 ], [ 354870.546723371371627, 6222645.881060540676117 ], [ 355370.546723371371627, 6222645.881060540676117 ] ] ] } },
{ "type": "Feature", "properties": { "restaurant_count": 0 }, "geometry": { "type": "Polygon", "coordinates": [ [ [ 355370.546723371371627, 6223145.881060540676117 ], [ 355370.546723371371627, 6223645.881060540676117 ], [ 354870.546723371371627, 6223645.881060540676117 ], [ 354870.546723371371627, 6223145.881060540676117 ], [ 355370.546723371371627, 6223145.881060540676117 ] ] ] } },
{ "type": "Feature", "properties": { "restaurant_count": 0 }, "geometry": { "type": "Polygon", "coordinates": [ [ [ 355870.546723371371627, 6203145.881060540676117 ], [ 355870.546723371371627, 6203645.881060540676117 ], [ 355370.546723371371627, 6203645.881060540676117 ], [ 355370.546723371371627, 6203145.881060540676117 ], [ 355870.546723371371627, 6203145.881060540676117 ] ] ] } },
{ "type": "Feature", "properties": { "restaurant_count": 0 }, "geometry": { "type": "Polygon", "coordinates": [ [ [ 355870.546723371371627, 6203645.881060540676117 ], [ 355870.546723371371627, 6204145.881060540676117 ], [ 355370.546723371371627, 6204145.881060540676117 ], [ 355370.546723371371627, 6203645.881060540676117 ], [ 355870.546723371371627, 6203645.881060540676117 ] ] ] } },
{ "type": "Feature", "properties": { "restaurant_count": 0 }, "geometry": { "type": "Polygon", "coordinates": [ [ [ 355870.546723371371627, 6204145.881060540676117 ], [ 355870.546723371371627, 6204645.881060540676117 ], [ 355370.546723371371627, 6204645.881060540676117 ], [ 355370.546723371371627, 6204145.881060540676117 ], [ 355870.546723371371627, 6204145.881060540676117 ] ] ] } },
{ "type": "Feature", "properties": { "restaurant_count": 0 }, "geometry": { "type": "Polygon", "coordinates": [ [ [ 355870.546723371371627, 6204645.881060540676117 ], [ 355870.546723371371627, 6205145.881060540676117 ], [ 355370.546723371371627, 6205145.881060540676117 ], [ 355370.546723371371627, 6204645.881060540676117 ], [ 355870.546723371371627, 6204645.881060540676117 ] ] ] } },
{ "type": "Feature", "properties": { "restaurant_count": 0 }, "geometry": { "type": "Polygon", "coordinates": [ [ [ 355870.546723371371627, 6205145.881060540676117 ], [ 355870.546723371371627, 6205645.881060540676117 ], [ 355370.546723371371627, 6205645.881060540676117 ], [ 355370.546723371371627, 6205145.881060540676117 ], [ 355870.546723371371627, 6205145.881060540676117 ] ] ] } },
{ "type": "Feature", "properties": { "restaurant_count": 0 }, "geometry": { "type": "Polygon", "coordinates": [ [ [ 355870.546723371371627, 6205645.881060540676117 ], [ 355870.546723371371627, 6206145.881060540676117 ], [ 355370.546723371371627, 6206145.881060540676117 ], [ 355370.546723371371627, 6205645.881060540676117 ], [ 355870.546723371371627, 6205645.881060540676117 ] ] ] } },
{ "type": "Feature", "properties": { "restaurant_count": 0 }, "geometry": { "type": "Polygon", "coordinates": [ [ [ 355870.546723371371627, 6206145.881060540676117 ], [ 355870.546723371371627, 6206645.881060540676117 ], [ 355370.546723371371627, 6206645.881060540676117 ], [ 355370.546723371371627, 6206145.881060540676117 ], [ 355870.546723371371627, 6206145.881060540676117 ] ] ] } },
{ "type": "Feature", "properties": { "restaurant_count": 0 }, "geometry": { "type": "Polygon", "coordinates": [ [ [ 355870.546723371371627, 6206645.881060540676117 ], [ 355870.546723371371627, 6207145.881060540676117 ], [ 355370.546723371371627, 6207145.881060540676117 ], [ 355370.546723371371627, 6206645.881060540676117 ], [ 355870.546723371371627, 6206645.881060540676117 ] ] ] } },
{ "type": "Feature", "properties": { "restaurant_count": 0 }, "geometry": { "type": "Polygon", "coordinates": [ [ [ 355870.546723371371627, 6207145.881060540676117 ], [ 355870.546723371371627, 6207645.881060540676117 ], [ 355370.546723371371627, 6207645.881060540676117 ], [ 355370.546723371371627, 6207145.881060540676117 ], [ 355870.546723371371627, 6207145.881060540676117 ] ] ] } },
{ "type": "Feature", "properties": { "restaurant_count": 0 }, "geometry": { "type": "Polygon", "coordinates": [ [ [ 355870.546723371371627, 6207645.881060540676117 ], [ 355870.546723371371627, 6208145.881060540676117 ], [ 355370.546723371371627, 6208145.881060540676117 ], [ 355370.546723371371627, 6207645.881060540676117 ], [ 355870.546723371371627, 6207645.881060540676117 ] ] ] } },
{ "type": "Feature", "properties": { "restaurant_count": 0 }, "geometry": { "type": "Polygon", "coordinates": [ [ [ 355870.546723371371627, 6208145.881060540676117 ], [ 355870.546723371371627, 6208645.881060540676117 ], [ 355370.546723371371627, 6208645.881060540676117 ], [ 355370.546723371371627, 6208145.881060540676117 ], [ 355870.546723371371627, 6208145.881060540676117 ] ] ] } },
{ "type": "Feature", "properties": { "restaurant_count": 0 }, "geometry": { "type": "Polygon", "coordinates": [ [ [ 355870.546723371371627, 6208645.881060540676117 ], [ 355870.546723371371627, 6209145.881060540676117 ], [ 355370.546723371371627, 6209145.881060540676117 ], [ 355370.546723371371627, 6208645.881060540676117 ], [ 355870.546723371371627, 6208645.881060540676117 ] ] ] } },
{ "type": "Feature", "properties": { "restaurant_count": 0 }, "geometry": { "type": "Polygon", "coordinates": [ [ [ 355870.546723371371627, 6209145.881060540676117 ], [ 355870.546723371371627, 6209645.881060540676117 ], [ 355370.546723371371627, 6209645.881060540676117 ], [ 355370.546723371371627, 6209145.881060540676117 ], [ 355870.546723371371627, 6209145.881060540676117 ] ] ] } },
{ "type": "Feature", "properties": { "restaurant_count": 0 }, "geometry": { "type": "Polygon", "coordinates": [ [ [ 355870.546723371371627, 6209645.881060540676117 ], [ 355870.546723371371627, 6210145.881060540676117 ], [ 355370.546723371371627, 6210145.881060540676117 ], [ 355370.546723371371627, 6209645.881060540676117 ], [ 355870.546723371371627, 6209645.881060540676117 ] ] ] } },
{ "type": "Feature", "properties": { "restaurant_count": 0 }, "geometry": { "type": "Polygon", "coordinates": [ [ [ 355870.546723371371627, 6210145.881060540676117 ], [ 355870.546723371371627, 6210645.881060540676117 ], [ 355370.546723371371627, 6210645.881060540676117 ], [ 355370.546723371371627, 6210145.881060540676117 ], [ 355870.546723371371627, 6210145.881060540676117 ] ] ] } },
{ "type": "Feature", "properties": { "restaurant_count": 0 }, "geometry": { "type": "Polygon", "coordinates": [ [ [ 355870.546723371371627, 6210645.881060540676117 ], [ 355870.546723371371627, 6211145.881060540676117 ], [ 355370.546723371371627, 6211145.881060540676117 ], [ 355370.546723371371627, 6210645.881060540676117 ], [ 355870.546723371371627, 6210645.881060540676117 ] ] ] } },
{ "type": "Feature", "properties": { "restaurant_count": 0 }, "geometry": { "type": "Polygon", "coordinates": [ [ [ 355870.546723371371627, 6211145.881060540676117 ], [ 355870.546723371371627, 6211645.881060540676117 ], [ 355370.546723371371627, 6211645.881060540676117 ], [ 355370.546723371371627, 6211145.881060540676117 ], [ 355870.546723371371627, 6211145.881060540676117 ] ] ] } },
{ "type": "Feature", "properties": { "restaurant_count": 0 }, "geometry": { "type": "Polygon", "coordinates": [ [ [ 355870.546723371371627, 6211645.881060540676117 ], [ 355870.546723371371627, 6212145.881060540676117 ], [ 355370.546723371371627, 6212145.881060540676117 ], [ 355370.546723371371627, 6211645.881060540676117 ], [ 355870.546723371371627, 6211645.881060540676117 ] ] ] } },
{ "type": "Feature", "properties": { "restaurant_count": 0 }, "geometry": { "type": "Polygon", "coordinates": [ [ [ 355870.546723371371627, 6212145.881060540676117 ], [ 355870.546723371371627, 6212645.881060540676117 ], [ 355370.546723371371627, 6212645.881060540676117 ], [ 355370.546723371371627, 6212145.881060540676117 ], [ 355870.546723371371627, 6212145.881060540676117 ] ] ] } },
{ "type": "Feature", "properties": { "restaurant_count": 0 }, "geometry": { "type": "Polygon", "coordinates": [ [ [ 355870.546723371371627, 6212645.881060540676117 ], [ 355870.546723371371627, 6213145.881060540676117 ], [ 355370.546723371371627, 6213145.881060540676117 ], [ 355370.546723371371627, 6212645.881060540676117 ], [ 355870.546723371371627, 6212645.881060540676117 ] ] ] } },
{ "type": "Feature", "properties": { "restaurant_count": 0 }, "geometry": { "type": "Polygon", "coordinates": [ [ [ 355870.546723371371627, 6213145.881060540676117 ], [ 355870.546723371371627, 6213645.881060540676117 ], [ 355370.546723371371627, 6213645.881060540676117 ], [ 355370.546723371371627, 6213145.881060540676117 ], [ 355870.546723371371627, 6213145.881060540676117 ] ] ] } },
{ "type": "Feature", "properties": { "restaurant_count": 4 }, "geometry": { "type": "Polygon", "coordinates": [ [ [ 355870.546723371371627, 6213645.881060540676117 ], [ 355870.546723371371627, 6214145.881060540676117 ], [ 355370.546723371371627, 6214145.881060540676117 ], [ 355370.546723371371627, 6213645.881060540676117 ], [ 355870.546723371371627, 6213645.881060540676117 ] ] ] } },
{ "type": "Feature", "properties": { "restaurant_count": 2 }, "geometry": { "type": "Polygon", "coordinates": [ [ [ 355870.546723371371627, 6214145.881060540676117 ], [ 355870.546723371371627, 6214645.881060540676117 ], [ 355370.546723371371627, 6214645.881060540676117 ], [ 355370.546723371371627, 6214145.881060540676117 ], [ 355870.546723371371627, 6214145.881060540676117 ] ] ] } },
{ "type": "Feature", "properties": { "restaurant_count": 3 }, "geometry": { "type": "Polygon", "coordinates": [ [ [ 355870.546723371371627, 6214645.881060540676117 ], [ 355870.546723371371627, 6215145.881060540676117 ], [ 355370.546723371371627, 6215145.881060540676117 ], [ 355370.546723371371627, 6214645.881060540676117 ], [ 355870.546723371371627, 6214645.881060540676117 ] ] ] } },
{ "type": "Feature", "properties": { "restaurant_count": 0 }, "geometry": { "type": "Polygon", "coordinates": [ [ [ 355870.546723371371627, 6215145.881060540676117 ], [ 355870.546723371371627, 6215645.881060540676117 ], [ 355370.546723371371627, 6215645.881060540676117 ], [ 355370.546723371371627, 6215145.881060540676117 ], [ 355870.546723371371627, 6215145.881060540676117 ] ] ] } },
{ "type": "Feature", "properties": { "restaurant_count": 1 }, "geometry": { "type": "Polygon", "coordinates": [ [ [ 355870.546723371371627, 6215645.881060540676117 ], [ 355870.546723371371627, 6216145.881060540676117 ], [ 355370.546723371371627, 6216145.881060540676117 ], [ 355370.546723371371627, 6215645.881060540676117 ], [ 355870.546723371371627, 6215645.881060540676117 ] ] ] } },
{ "type": "Feature", "properties": { "restaurant_count": 0 }, "geometry": { "type": "Polygon", "coordinates": [ [ [ 355870.546723371371627, 6216145.881060540676117 ], [ 355870.546723371371627, 6216645.881060540676117 ], [ 355370.546723371371627, 6216645.881060540676117 ], [ 355370.546723371371627, 6216145.881060540676117 ], [ 355870.546723371371627, 6216145.881060540676117 ] ] ] } },
{ "type": "Feature", "properties": { "restaurant_count": 0 }, "geometry": { "type": "Polygon", "coordinates": [ [ [ 355870.546723371371627, 6216645.881060540676117 ], [ 355870.546723371371627, 6217145.881060540676117 ], [ 355370.546723371371627, 6217145.881060540676117 ], [ 355370.546723371371627, 6216645.881060540676117 ], [ 355870.546723371371627, 6216645.881060540676117 ] ] ] } },
{ "type": "Feature", "properties": { "restaurant_count": 0 }, "geometry": { "type": "Polygon", "coordinates": [ [ [ 355870.546723371371627, 6217145.881060540676117 ], [ 355870.546723371371627, 6217645.881060540676117 ], [ 355370.546723371371627, 6217645.881060540676117 ], [ 355370.546723371371627, 6217145.881060540676117 ], [ 355870.546723371371627, 6217145.881060540676117 ] ] ] } },
{ "type": "Feature", "properties": { "restaurant_count": 0 }, "geometry": { "type": "Polygon", "coordinates": [ [ [ 355870.546723371371627, 6217645.881060540676117 ], [ 355870.546723371371627, 6218145.881060540676117 ], [ 355370.546723371371627, 6218145.881060540676117 ], [ 355370.546723371371627, 6217645.881060540676117 ], [ 355870.546723371371627, 6217645.881060540676117 ] ] ] } },
{ "type": "Feature", "properties": { "restaurant_count": 0 }, "geometry": { "type": "Polygon", "coordinates": [ [ [ 355870.546723371371627, 6218145.881060540676117 ], [ 355870.546723371371627, 6218645.881060540676117 ], [ 355370.546723371371627, 6218645.881060540676117 ], [ 355370.546723371371627, 6218145.881060540676117 ], [ 355870.546723371371627, 6218145.881060540676117 ] ] ] } },
{ "type": "Feature", "properties": { "restaurant_count": 0 }, "geometry": { "type": "Polygon", "coordinates": [ [ [ 355870.546723371371627, 6218645.881060540676117 ], [ 355870.546723371371627, 6219145.881060540676117 ], [ 355370.546723371371627, 6219145.881060540676117 ], [ 355370.546723371371627, 6218645.881060540676117 ], [ 355870.546723371371627, 6218645.881060540676117 ] ] ] } },
{ "type": "Feature", "properties": { "restaurant_count": 0 }, "geometry": { "type": "Polygon", "coordinates": [ [ [ 355870.546723371371627, 6219145.881060540676117 ], [ 355870.546723371371627, 6219645.881060540676117 ], [ 355370.546723371371627, 6219645.881060540676117 ], [ 355370.546723371371627, 6219145.881060540676117 ], [ 355870.546723371371627, 6219145.881060540676117 ] ] ] } },
{ "type": "Feature", "properties": { "restaurant_count": 0 }, "geometry": { "type": "Polygon", "coordinates": [ [ [ 355870.546723371371627, 6219645.881060540676117 ], [ 355870.546723371371627, 6220145.881060540676117 ], [ 355370.546723371371627, 6220145.881060540676117 ], [ 355370.546723371371627, 6219645.881060540676117 ], [ 355870.546723371371627, 6219645.881060540676117 ] ] ] } },
{ "type": "Feature", "properties": { "restaurant_count": 0 }, "geometry": { "type": "Polygon", "coordinates": [ [ [ 355870.546723371371627, 6220145.881060540676117 ], [ 355870.546723371371627, 6220645.881060540676117 ], [ 355370.546723371371627, 6220645.881060540676117 ], [ 355370.546723371371627, 6220145.881060540676117 ], [ 355870.546723371371627, 6220145.881060540676117 ] ] ] } },
{ "type": "Feature", "properties": { "restaurant_count": 0 }, "geometry": { "type": "Polygon", "coordinates": [ [ [ 355870.546723371371627, 6220645.881060540676117 ], [ 355870.546723371371627, 6221145.881060540676117 ], [ 355370.546723371371627, 6221145.881060540676117 ], [ 355370.546723371371627, 6220645.881060540676117 ], [ 355870.546723371371627, 6220645.881060540676117 ] ] ] } },
{ "type": "Feature", "properties": { "restaurant_count": 0 }, "geometry": { "type": "Polygon", "coordinates": [ [ [ 355870.546723371371627, 6221145.881060540676117 ], [ 355870.546723371371627, 6221645.881060540676117 ], [ 355370.546723371371627, 6221645.881060540676117 ], [ 355370.546723371371627, 6221145.881060540676117 ], [ 355870.546723371371627, 6221145.881060540676117 ] ] ] } },
{ "type": "Feature", "properties": { "restaurant_count": 0 }, "geometry": { "type": "Polygon", "coordinates": [ [ [ 355870.546723371371627, 6221645.881060540676117 ], [ 355870.546723371371627, 6222145.881060540676117 ], [ 355370.546723371371627, 6222145.881060540676117 ], [ 355370.546723371371627, 6221645.881060540676117 ], [ 355870.546723371371627, 6221645.881060540676117 ] ] ] } },
{ "type": "Feature", "properties": { "restaurant_count": 0 }, "geometry": { "type": "Polygon", "coordinates": [ [ [ 355870.546723371371627, 6222145.881060540676117 ], [ 355870.546723371371627, 6222645.881060540676117 ], [ 355370.546723371371627, 6222645.881060540676117 ], [ 355370.546723371371627, 6222145.881060540676117 ], [ 355870.546723371371627, 6222145.881060540676117 ] ] ] } },
{ "type": "Feature", "properties": { "restaurant_count": 0 }, "geometry": { "type": "Polygon", "coordinates": [ [ [ 355870.546723371371627, 6222645.881060540676117 ], [ 355870.546723371371627, 6223145.881060540676117 ], [ 355370.546723371371627, 6223145.881060540676117 ], [ 355370.546723371371627, 6222645.881060540676117 ], [ 355870.546723371371627, 6222645.881060540676117 ] ] ] } },
{ "type": "Feature", "properties": { "restaurant_count": 0 }, "geometry": { "type": "Polygon", "coordinates": [ [ [ 355870.546723371371627, 6223145.881060540676117 ], [ 355870.546723371371627, 6223645.881060540676117 ], [ 355370.546723371371627, 6223645.881060540676117 ], [ 355370.546723371371627, 6223145.881060540676117 ], [ 355870.546723371371627, 6223145.881060540676117 ] ] ] } },
{ "type": "Feature", "properties": { "restaurant_count": 0 }, "geometry": { "type": "Polygon", "coordinates": [ [ [ 356370.546723371371627, 6203145.881060540676117 ], [ 356370.546723371371627, 6203645.881060540676117 ], [ 355870.546723371371627, 6203645.881060540676117 ], [ 355870.546723371371627, 6203145.881060540676117 ], [ 356370.546723371371627, 6203145.881060540676117 ] ] ] } },
{ "type": "Feature", "properties": { "restaurant_count": 0 }, "geometry": { "type": "Polygon", "coordinates": [ [ [ 356370.546723371371627, 6203645.881060540676117 ], [ 356370.546723371371627, 6204145.881060540676117 ], [ 355870.546723371371627, 6204145.881060540676117 ], [ 355870.546723371371627, 6203645.881060540676117 ], [ 356370.546723371371627, 6203645.881060540676117 ] ] ] } },
{ "type": "Feature", "properties": { "restaurant_count": 0 }, "geometry": { "type": "Polygon", "coordinates": [ [ [ 356370.546723371371627, 6204145.881060540676117 ], [ 356370.546723371371627, 6204645.881060540676117 ], [ 355870.546723371371627, 6204645.881060540676117 ], [ 355870.546723371371627, 6204145.881060540676117 ], [ 356370.546723371371627, 6204145.881060540676117 ] ] ] } },
{ "type": "Feature", "properties": { "restaurant_count": 0 }, "geometry": { "type": "Polygon", "coordinates": [ [ [ 356370.546723371371627, 6204645.881060540676117 ], [ 356370.546723371371627, 6205145.881060540676117 ], [ 355870.546723371371627, 6205145.881060540676117 ], [ 355870.546723371371627, 6204645.881060540676117 ], [ 356370.546723371371627, 6204645.881060540676117 ] ] ] } },
{ "type": "Feature", "properties": { "restaurant_count": 0 }, "geometry": { "type": "Polygon", "coordinates": [ [ [ 356370.546723371371627, 6205145.881060540676117 ], [ 356370.546723371371627, 6205645.881060540676117 ], [ 355870.546723371371627, 6205645.881060540676117 ], [ 355870.546723371371627, 6205145.881060540676117 ], [ 356370.546723371371627, 6205145.881060540676117 ] ] ] } },
{ "type": "Feature", "properties": { "restaurant_count": 0 }, "geometry": { "type": "Polygon", "coordinates": [ [ [ 356370.546723371371627, 6205645.881060540676117 ], [ 356370.546723371371627, 6206145.881060540676117 ], [ 355870.546723371371627, 6206145.881060540676117 ], [ 355870.546723371371627, 6205645.881060540676117 ], [ 356370.546723371371627, 6205645.881060540676117 ] ] ] } },
{ "type": "Feature", "properties": { "restaurant_count": 0 }, "geometry": { "type": "Polygon", "coordinates": [ [ [ 356370.546723371371627, 6206145.881060540676117 ], [ 356370.546723371371627, 6206645.881060540676117 ], [ 355870.546723371371627, 6206645.881060540676117 ], [ 355870.546723371371627, 6206145.881060540676117 ], [ 356370.546723371371627, 6206145.881060540676117 ] ] ] } },
{ "type": "Feature", "properties": { "restaurant_count": 0 }, "geometry": { "type": "Polygon", "coordinates": [ [ [ 356370.546723371371627, 6206645.881060540676117 ], [ 356370.546723371371627, 6207145.881060540676117 ], [ 355870.546723371371627, 6207145.881060540676117 ], [ 355870.546723371371627, 6206645.881060540676117 ], [ 356370.546723371371627, 6206645.881060540676117 ] ] ] } },
{ "type": "Feature", "properties": { "restaurant_count": 0 }, "geometry": { "type": "Polygon", "coordinates": [ [ [ 356370.546723371371627, 6207145.881060540676117 ], [ 356370.546723371371627, 6207645.881060540676117 ], [ 355870.546723371371627, 6207645.881060540676117 ], [ 355870.546723371371627, 6207145.881060540676117 ], [ 356370.546723371371627, 6207145.881060540676117 ] ] ] } },
{ "type": "Feature", "properties": { "restaurant_count": 0 }, "geometry": { "type": "Polygon", "coordinates": [ [ [ 356370.546723371371627, 6207645.881060540676117 ], [ 356370.546723371371627, 6208145.881060540676117 ], [ 355870.546723371371627, 6208145.881060540676117 ], [ 355870.546723371371627, 6207645.881060540676117 ], [ 356370.546723371371627, 6207645.881060540676117 ] ] ] } },
{ "type": "Feature", "properties": { "restaurant_count": 0 }, "geometry": { "type": "Polygon", "coordinates": [ [ [ 356370.546723371371627, 6208145.881060540676117 ], [ 356370.546723371371627, 6208645.881060540676117 ], [ 355870.546723371371627, 6208645.881060540676117 ], [ 355870.546723371371627, 6208145.881060540676117 ], [ 356370.546723371371627, 6208145.881060540676117 ] ] ] } },
{ "type": "Feature", "properties": { "restaurant_count": 0 }, "geometry": { "type": "Polygon", "coordinates": [ [ [ 356370.546723371371627, 6208645.881060540676117 ], [ 356370.546723371371627, 6209145.881060540676117 ], [ 355870.546723371371627, 6209145.881060540676117 ], [ 355870.546723371371627, 6208645.881060540676117 ], [ 356370.546723371371627, 6208645.881060540676117 ] ] ] } },
{ "type": "Feature", "properties": { "restaurant_count": 0 }, "geometry": { "type": "Polygon", "coordinates": [ [ [ 356370.546723371371627, 6209145.881060540676117 ], [ 356370.546723371371627, 6209645.881060540676117 ], [ 355870.546723371371627, 6209645.881060540676117 ], [ 355870.546723371371627, 6209145.881060540676117 ], [ 356370.546723371371627, 6209145.881060540676117 ] ] ] } },
{ "type": "Feature", "properties": { "restaurant_count": 0 }, "geometry": { "type": "Polygon", "coordinates": [ [ [ 356370.546723371371627, 6209645.881060540676117 ], [ 356370.546723371371627, 6210145.881060540676117 ], [ 355870.546723371371627, 6210145.881060540676117 ], [ 355870.546723371371627, 6209645.881060540676117 ], [ 356370.546723371371627, 6209645.881060540676117 ] ] ] } },
{ "type": "Feature", "properties": { "restaurant_count": 0 }, "geometry": { "type": "Polygon", "coordinates": [ [ [ 356370.546723371371627, 6210145.881060540676117 ], [ 356370.546723371371627, 6210645.881060540676117 ], [ 355870.546723371371627, 6210645.881060540676117 ], [ 355870.546723371371627, 6210145.881060540676117 ], [ 356370.546723371371627, 6210145.881060540676117 ] ] ] } },
{ "type": "Feature", "properties": { "restaurant_count": 0 }, "geometry": { "type": "Polygon", "coordinates": [ [ [ 356370.546723371371627, 6210645.881060540676117 ], [ 356370.546723371371627, 6211145.881060540676117 ], [ 355870.546723371371627, 6211145.881060540676117 ], [ 355870.546723371371627, 6210645.881060540676117 ], [ 356370.546723371371627, 6210645.881060540676117 ] ] ] } },
{ "type": "Feature", "properties": { "restaurant_count": 0 }, "geometry": { "type": "Polygon", "coordinates": [ [ [ 356370.546723371371627, 6211145.881060540676117 ], [ 356370.546723371371627, 6211645.881060540676117 ], [ 355870.546723371371627, 6211645.881060540676117 ], [ 355870.546723371371627, 6211145.881060540676117 ], [ 356370.546723371371627, 6211145.881060540676117 ] ] ] } },
{ "type": "Feature", "properties": { "restaurant_count": 0 }, "geometry": { "type": "Polygon", "coordinates": [ [ [ 356370.546723371371627, 6211645.881060540676117 ], [ 356370.546723371371627, 6212145.881060540676117 ], [ 355870.546723371371627, 6212145.881060540676117 ], [ 355870.546723371371627, 6211645.881060540676117 ], [ 356370.546723371371627, 6211645.881060540676117 ] ] ] } },
{ "type": "Feature", "properties": { "restaurant_count": 0 }, "geometry": { "type": "Polygon", "coordinates": [ [ [ 356370.546723371371627, 6212145.881060540676117 ], [ 356370.546723371371627, 6212645.881060540676117 ], [ 355870.546723371371627, 6212645.881060540676117 ], [ 355870.546723371371627, 6212145.881060540676117 ], [ 356370.546723371371627, 6212145.881060540676117 ] ] ] } },
{ "type": "Feature", "properties": { "restaurant_count": 2 }, "geometry": { "type": "Polygon", "coordinates": [ [ [ 356370.546723371371627, 6212645.881060540676117 ], [ 356370.546723371371627, 6213145.881060540676117 ], [ 355870.546723371371627, 6213145.881060540676117 ], [ 355870.546723371371627, 6212645.881060540676117 ], [ 356370.546723371371627, 6212645.881060540676117 ] ] ] } },
{ "type": "Feature", "properties": { "restaurant_count": 18 }, "geometry": { "type": "Polygon", "coordinates": [ [ [ 356370.546723371371627, 6213145.881060540676117 ], [ 356370.546723371371627, 6213645.881060540676117 ], [ 355870.546723371371627, 6213645.881060540676117 ], [ 355870.546723371371627, 6213145.881060540676117 ], [ 356370.546723371371627, 6213145.881060540676117 ] ] ] } },
{ "type": "Feature", "properties": { "restaurant_count": 42 }, "geometry": { "type": "Polygon", "coordinates": [ [ [ 356370.546723371371627, 6213645.881060540676117 ], [ 356370.546723371371627, 6214145.881060540676117 ], [ 355870.546723371371627, 6214145.881060540676117 ], [ 355870.546723371371627, 6213645.881060540676117 ], [ 356370.546723371371627, 6213645.881060540676117 ] ] ] } },
{ "type": "Feature", "properties": { "restaurant_count": 5 }, "geometry": { "type": "Polygon", "coordinates": [ [ [ 356370.546723371371627, 6214145.881060540676117 ], [ 356370.546723371371627, 6214645.881060540676117 ], [ 355870.546723371371627, 6214645.881060540676117 ], [ 355870.546723371371627, 6214145.881060540676117 ], [ 356370.546723371371627, 6214145.881060540676117 ] ] ] } },
{ "type": "Feature", "properties": { "restaurant_count": 1 }, "geometry": { "type": "Polygon", "coordinates": [ [ [ 356370.546723371371627, 6214645.881060540676117 ], [ 356370.546723371371627, 6215145.881060540676117 ], [ 355870.546723371371627, 6215145.881060540676117 ], [ 355870.546723371371627, 6214645.881060540676117 ], [ 356370.546723371371627, 6214645.881060540676117 ] ] ] } },
{ "type": "Feature", "properties": { "restaurant_count": 0 }, "geometry": { "type": "Polygon", "coordinates": [ [ [ 356370.546723371371627, 6215145.881060540676117 ], [ 356370.546723371371627, 6215645.881060540676117 ], [ 355870.546723371371627, 6215645.881060540676117 ], [ 355870.546723371371627, 6215145.881060540676117 ], [ 356370.546723371371627, 6215145.881060540676117 ] ] ] } },
{ "type": "Feature", "properties": { "restaurant_count": 0 }, "geometry": { "type": "Polygon", "coordinates": [ [ [ 356370.546723371371627, 6215645.881060540676117 ], [ 356370.546723371371627, 6216145.881060540676117 ], [ 355870.546723371371627, 6216145.881060540676117 ], [ 355870.546723371371627, 6215645.881060540676117 ], [ 356370.546723371371627, 6215645.881060540676117 ] ] ] } },
{ "type": "Feature", "properties": { "restaurant_count": 1 }, "geometry": { "type": "Polygon", "coordinates": [ [ [ 356370.546723371371627, 6216145.881060540676117 ], [ 356370.546723371371627, 6216645.881060540676117 ], [ 355870.546723371371627, 6216645.881060540676117 ], [ 355870.546723371371627, 6216145.881060540676117 ], [ 356370.546723371371627, 6216145.881060540676117 ] ] ] } },
{ "type": "Feature", "properties": { "restaurant_count": 0 }, "geometry": { "type": "Polygon", "coordinates": [ [ [ 356370.546723371371627, 6216645.881060540676117 ], [ 356370.546723371371627, 6217145.881060540676117 ], [ 355870.546723371371627, 6217145.881060540676117 ], [ 355870.546723371371627, 6216645.881060540676117 ], [ 356370.546723371371627, 6216645.881060540676117 ] ] ] } },
{ "type": "Feature", "properties": { "restaurant_count": 0 }, "geometry": { "type": "Polygon", "coordinates": [ [ [ 356370.546723371371627, 6217145.881060540676117 ], [ 356370.546723371371627, 6217645.881060540676117 ], [ 355870.546723371371627, 6217645.881060540676117 ], [ 355870.546723371371627, 6217145.881060540676117 ], [ 356370.546723371371627, 6217145.881060540676117 ] ] ] } },
{ "type": "Feature", "properties": { "restaurant_count": 1 }, "geometry": { "type": "Polygon", "coordinates": [ [ [ 356370.546723371371627, 6217645.881060540676117 ], [ 356370.546723371371627, 6218145.881060540676117 ], [ 355870.546723371371627, 6218145.881060540676117 ], [ 355870.546723371371627, 6217645.881060540676117 ], [ 356370.546723371371627, 6217645.881060540676117 ] ] ] } },
{ "type": "Feature", "properties": { "restaurant_count": 0 }, "geometry": { "type": "Polygon", "coordinates": [ [ [ 356370.546723371371627, 6218145.881060540676117 ], [ 356370.546723371371627, 6218645.881060540676117 ], [ 355870.546723371371627, 6218645.881060540676117 ], [ 355870.546723371371627, 6218145.881060540676117 ], [ 356370.546723371371627, 6218145.881060540676117 ] ] ] } },
{ "type": "Feature", "properties": { "restaurant_count": 0 }, "geometry": { "type": "Polygon", "coordinates": [ [ [ 356370.546723371371627, 6218645.881060540676117 ], [ 356370.546723371371627, 6219145.881060540676117 ], [ 355870.546723371371627, 6219145.881060540676117 ], [ 355870.546723371371627, 6218645.881060540676117 ], [ 356370.546723371371627, 6218645.881060540676117 ] ] ] } },
{ "type": "Feature", "properties": { "restaurant_count": 0 }, "geometry": { "type": "Polygon", "coordinates": [ [ [ 356370.546723371371627, 6219145.881060540676117 ], [ 356370.546723371371627, 6219645.881060540676117 ], [ 355870.546723371371627, 6219645.881060540676117 ], [ 355870.546723371371627, 6219145.881060540676117 ], [ 356370.546723371371627, 6219145.881060540676117 ] ] ] } },
{ "type": "Feature", "properties": { "restaurant_count": 0 }, "geometry": { "type": "Polygon", "coordinates": [ [ [ 356370.546723371371627, 6219645.881060540676117 ], [ 356370.546723371371627, 6220145.881060540676117 ], [ 355870.546723371371627, 6220145.881060540676117 ], [ 355870.546723371371627, 6219645.881060540676117 ], [ 356370.546723371371627, 6219645.881060540676117 ] ] ] } },
{ "type": "Feature", "properties": { "restaurant_count": 0 }, "geometry": { "type": "Polygon", "coordinates": [ [ [ 356370.546723371371627, 6220145.881060540676117 ], [ 356370.546723371371627, 6220645.881060540676117 ], [ 355870.546723371371627, 6220645.881060540676117 ], [ 355870.546723371371627, 6220145.881060540676117 ], [ 356370.546723371371627, 6220145.881060540676117 ] ] ] } },
{ "type": "Feature", "properties": { "restaurant_count": 0 }, "geometry": { "type": "Polygon", "coordinates": [ [ [ 356370.546723371371627, 6220645.881060540676117 ], [ 356370.546723371371627, 6221145.881060540676117 ], [ 355870.546723371371627, 6221145.881060540676117 ], [ 355870.546723371371627, 6220645.881060540676117 ], [ 356370.546723371371627, 6220645.881060540676117 ] ] ] } },
{ "type": "Feature", "properties": { "restaurant_count": 0 }, "geometry": { "type": "Polygon", "coordinates": [ [ [ 356370.546723371371627, 6221145.881060540676117 ], [ 356370.546723371371627, 6221645.881060540676117 ], [ 355870.546723371371627, 6221645.881060540676117 ], [ 355870.546723371371627, 6221145.881060540676117 ], [ 356370.546723371371627, 6221145.881060540676117 ] ] ] } },
{ "type": "Feature", "properties": { "restaurant_count": 0 }, "geometry": { "type": "Polygon", "coordinates": [ [ [ 356370.546723371371627, 6221645.881060540676117 ], [ 356370.546723371371627, 6222145.881060540676117 ], [ 355870.546723371371627, 6222145.881060540676117 ], [ 355870.546723371371627, 6221645.881060540676117 ], [ 356370.546723371371627, 6221645.881060540676117 ] ] ] } },
{ "type": "Feature", "properties": { "restaurant_count": 0 }, "geometry": { "type": "Polygon", "coordinates": [ [ [ 356370.546723371371627, 6222145.881060540676117 ], [ 356370.546723371371627, 6222645.881060540676117 ], [ 355870.546723371371627, 6222645.881060540676117 ], [ 355870.546723371371627, 6222145.881060540676117 ], [ 356370.546723371371627, 6222145.881060540676117 ] ] ] } },
{ "type": "Feature", "properties": { "restaurant_count": 0 }, "geometry": { "type": "Polygon", "coordinates": [ [ [ 356370.546723371371627, 6222645.881060540676117 ], [ 356370.546723371371627, 6223145.881060540676117 ], [ 355870.546723371371627, 6223145.881060540676117 ], [ 355870.546723371371627, 6222645.881060540676117 ], [ 356370.546723371371627, 6222645.881060540676117 ] ] ] } },
{ "type": "Feature", "properties": { "restaurant_count": 0 }, "geometry": { "type": "Polygon", "coordinates": [ [ [ 356370.546723371371627, 6223145.881060540676117 ], [ 356370.546723371371627, 6223645.881060540676117 ], [ 355870.546723371371627, 6223645.881060540676117 ], [ 355870.546723371371627, 6223145.881060540676117 ], [ 356370.546723371371627, 6223145.881060540676117 ] ] ] } },
{ "type": "Feature", "properties": { "restaurant_count": 0 }, "geometry": { "type": "Polygon", "coordinates": [ [ [ 356870.546723371371627, 6203145.881060540676117 ], [ 356870.546723371371627, 6203645.881060540676117 ], [ 356370.546723371371627, 6203645.881060540676117 ], [ 356370.546723371371627, 6203145.881060540676117 ], [ 356870.546723371371627, 6203145.881060540676117 ] ] ] } },
{ "type": "Feature", "properties": { "restaurant_count": 0 }, "geometry": { "type": "Polygon", "coordinates": [ [ [ 356870.546723371371627, 6203645.881060540676117 ], [ 356870.546723371371627, 6204145.881060540676117 ], [ 356370.546723371371627, 6204145.881060540676117 ], [ 356370.546723371371627, 6203645.881060540676117 ], [ 356870.546723371371627, 6203645.881060540676117 ] ] ] } },
{ "type": "Feature", "properties": { "restaurant_count": 0 }, "geometry": { "type": "Polygon", "coordinates": [ [ [ 356870.546723371371627, 6204145.881060540676117 ], [ 356870.546723371371627, 6204645.881060540676117 ], [ 356370.546723371371627, 6204645.881060540676117 ], [ 356370.546723371371627, 6204145.881060540676117 ], [ 356870.546723371371627, 6204145.881060540676117 ] ] ] } },
{ "type": "Feature", "properties": { "restaurant_count": 0 }, "geometry": { "type": "Polygon", "coordinates": [ [ [ 356870.546723371371627, 6204645.881060540676117 ], [ 356870.546723371371627, 6205145.881060540676117 ], [ 356370.546723371371627, 6205145.881060540676117 ], [ 356370.546723371371627, 6204645.881060540676117 ], [ 356870.546723371371627, 6204645.881060540676117 ] ] ] } },
{ "type": "Feature", "properties": { "restaurant_count": 0 }, "geometry": { "type": "Polygon", "coordinates": [ [ [ 356870.546723371371627, 6205145.881060540676117 ], [ 356870.546723371371627, 6205645.881060540676117 ], [ 356370.546723371371627, 6205645.881060540676117 ], [ 356370.546723371371627, 6205145.881060540676117 ], [ 356870.546723371371627, 6205145.881060540676117 ] ] ] } },
{ "type": "Feature", "properties": { "restaurant_count": 0 }, "geometry": { "type": "Polygon", "coordinates": [ [ [ 356870.546723371371627, 6205645.881060540676117 ], [ 356870.546723371371627, 6206145.881060540676117 ], [ 356370.546723371371627, 6206145.881060540676117 ], [ 356370.546723371371627, 6205645.881060540676117 ], [ 356870.546723371371627, 6205645.881060540676117 ] ] ] } },
{ "type": "Feature", "properties": { "restaurant_count": 0 }, "geometry": { "type": "Polygon", "coordinates": [ [ [ 356870.546723371371627, 6206145.881060540676117 ], [ 356870.546723371371627, 6206645.881060540676117 ], [ 356370.546723371371627, 6206645.881060540676117 ], [ 356370.546723371371627, 6206145.881060540676117 ], [ 356870.546723371371627, 6206145.881060540676117 ] ] ] } },
{ "type": "Feature", "properties": { "restaurant_count": 0 }, "geometry": { "type": "Polygon", "coordinates": [ [ [ 356870.546723371371627, 6206645.881060540676117 ], [ 356870.546723371371627, 6207145.881060540676117 ], [ 356370.546723371371627, 6207145.881060540676117 ], [ 356370.546723371371627, 6206645.881060540676117 ], [ 356870.546723371371627, 6206645.881060540676117 ] ] ] } },
{ "type": "Feature", "properties": { "restaurant_count": 0 }, "geometry": { "type": "Polygon", "coordinates": [ [ [ 356870.546723371371627, 6207145.881060540676117 ], [ 356870.546723371371627, 6207645.881060540676117 ], [ 356370.546723371371627, 6207645.881060540676117 ], [ 356370.546723371371627, 6207145.881060540676117 ], [ 356870.546723371371627, 6207145.881060540676117 ] ] ] } },
{ "type": "Feature", "properties": { "restaurant_count": 0 }, "geometry": { "type": "Polygon", "coordinates": [ [ [ 356870.546723371371627, 6207645.881060540676117 ], [ 356870.546723371371627, 6208145.881060540676117 ], [ 356370.546723371371627, 6208145.881060540676117 ], [ 356370.546723371371627, 6207645.881060540676117 ], [ 356870.546723371371627, 6207645.881060540676117 ] ] ] } },
{ "type": "Feature", "properties": { "restaurant_count": 0 }, "geometry": { "type": "Polygon", "coordinates": [ [ [ 356870.546723371371627, 6208145.881060540676117 ], [ 356870.546723371371627, 6208645.881060540676117 ], [ 356370.546723371371627, 6208645.881060540676117 ], [ 356370.546723371371627, 6208145.881060540676117 ], [ 356870.546723371371627, 6208145.881060540676117 ] ] ] } },
{ "type": "Feature", "properties": { "restaurant_count": 0 }, "geometry": { "type": "Polygon", "coordinates": [ [ [ 356870.546723371371627, 6208645.881060540676117 ], [ 356870.546723371371627, 6209145.881060540676117 ], [ 356370.546723371371627, 6209145.881060540676117 ], [ 356370.546723371371627, 6208645.881060540676117 ], [ 356870.546723371371627, 6208645.881060540676117 ] ] ] } },
{ "type": "Feature", "properties": { "restaurant_count": 0 }, "geometry": { "type": "Polygon", "coordinates": [ [ [ 356870.546723371371627, 6209145.881060540676117 ], [ 356870.546723371371627, 6209645.881060540676117 ], [ 356370.546723371371627, 6209645.881060540676117 ], [ 356370.546723371371627, 6209145.881060540676117 ], [ 356870.546723371371627, 6209145.881060540676117 ] ] ] } },
{ "type": "Feature", "properties": { "restaurant_count": 0 }, "geometry": { "type": "Polygon", "coordinates": [ [ [ 356870.546723371371627, 6209645.881060540676117 ], [ 356870.546723371371627, 6210145.881060540676117 ], [ 356370.546723371371627, 6210145.881060540676117 ], [ 356370.546723371371627, 6209645.881060540676117 ], [ 356870.546723371371627, 6209645.881060540676117 ] ] ] } },
{ "type": "Feature", "properties": { "restaurant_count": 0 }, "geometry": { "type": "Polygon", "coordinates": [ [ [ 356870.546723371371627, 6210145.881060540676117 ], [ 356870.546723371371627, 6210645.881060540676117 ], [ 356370.546723371371627, 6210645.881060540676117 ], [ 356370.546723371371627, 6210145.881060540676117 ], [ 356870.546723371371627, 6210145.881060540676117 ] ] ] } },
{ "type": "Feature", "properties": { "restaurant_count": 0 }, "geometry": { "type": "Polygon", "coordinates": [ [ [ 356870.546723371371627, 6210645.881060540676117 ], [ 356870.546723371371627, 6211145.881060540676117 ], [ 356370.546723371371627, 6211145.881060540676117 ], [ 356370.546723371371627, 6210645.881060540676117 ], [ 356870.546723371371627, 6210645.881060540676117 ] ] ] } },
{ "type": "Feature", "properties": { "restaurant_count": 0 }, "geometry": { "type": "Polygon", "coordinates": [ [ [ 356870.546723371371627, 6211145.881060540676117 ], [ 356870.546723371371627, 6211645.881060540676117 ], [ 356370.546723371371627, 6211645.881060540676117 ], [ 356370.546723371371627, 6211145.881060540676117 ], [ 356870.546723371371627, 6211145.881060540676117 ] ] ] } },
{ "type": "Feature", "properties": { "restaurant_count": 0 }, "geometry": { "type": "Polygon", "coordinates": [ [ [ 356870.546723371371627, 6211645.881060540676117 ], [ 356870.546723371371627, 6212145.881060540676117 ], [ 356370.546723371371627, 6212145.881060540676117 ], [ 356370.546723371371627, 6211645.881060540676117 ], [ 356870.546723371371627, 6211645.881060540676117 ] ] ] } },
{ "type": "Feature", "properties": { "restaurant_count": 1 }, "geometry": { "type": "Polygon", "coordinates": [ [ [ 356870.546723371371627, 6212145.881060540676117 ], [ 356870.546723371371627, 6212645.881060540676117 ], [ 356370.546723371371627, 6212645.881060540676117 ], [ 356370.546723371371627, 6212145.881060540676117 ], [ 356870.546723371371627, 6212145.881060540676117 ] ] ] } },
{ "type": "Feature", "properties": { "restaurant_count": 15 }, "geometry": { "type": "Polygon", "coordinates": [ [ [ 356870.546723371371627, 6212645.881060540676117 ], [ 356870.546723371371627, 6213145.881060540676117 ], [ 356370.546723371371627, 6213145.881060540676117 ], [ 356370.546723371371627, 6212645.881060540676117 ], [ 356870.546723371371627, 6212645.881060540676117 ] ] ] } },
{ "type": "Feature", "properties": { "restaurant_count": 41 }, "geometry": { "type": "Polygon", "coordinates": [ [ [ 356870.546723371371627, 6213145.881060540676117 ], [ 356870.546723371371627, 6213645.881060540676117 ], [ 356370.546723371371627, 6213645.881060540676117 ], [ 356370.546723371371627, 6213145.881060540676117 ], [ 356870.546723371371627, 6213145.881060540676117 ] ] ] } },
{ "type": "Feature", "properties": { "restaurant_count": 15 }, "geometry": { "type": "Polygon", "coordinates": [ [ [ 356870.546723371371627, 6213645.881060540676117 ], [ 356870.546723371371627, 6214145.881060540676117 ], [ 356370.546723371371627, 6214145.881060540676117 ], [ 356370.546723371371627, 6213645.881060540676117 ], [ 356870.546723371371627, 6213645.881060540676117 ] ] ] } },
{ "type": "Feature", "properties": { "restaurant_count": 0 }, "geometry": { "type": "Polygon", "coordinates": [ [ [ 356870.546723371371627, 6214145.881060540676117 ], [ 356870.546723371371627, 6214645.881060540676117 ], [ 356370.546723371371627, 6214645.881060540676117 ], [ 356370.546723371371627, 6214145.881060540676117 ], [ 356870.546723371371627, 6214145.881060540676117 ] ] ] } },
{ "type": "Feature", "properties": { "restaurant_count": 4 }, "geometry": { "type": "Polygon", "coordinates": [ [ [ 356870.546723371371627, 6214645.881060540676117 ], [ 356870.546723371371627, 6215145.881060540676117 ], [ 356370.546723371371627, 6215145.881060540676117 ], [ 356370.546723371371627, 6214645.881060540676117 ], [ 356870.546723371371627, 6214645.881060540676117 ] ] ] } },
{ "type": "Feature", "properties": { "restaurant_count": 1 }, "geometry": { "type": "Polygon", "coordinates": [ [ [ 356870.546723371371627, 6215145.881060540676117 ], [ 356870.546723371371627, 6215645.881060540676117 ], [ 356370.546723371371627, 6215645.881060540676117 ], [ 356370.546723371371627, 6215145.881060540676117 ], [ 356870.546723371371627, 6215145.881060540676117 ] ] ] } },
{ "type": "Feature", "properties": { "restaurant_count": 1 }, "geometry": { "type": "Polygon", "coordinates": [ [ [ 356870.546723371371627, 6215645.881060540676117 ], [ 356870.546723371371627, 6216145.881060540676117 ], [ 356370.546723371371627, 6216145.881060540676117 ], [ 356370.546723371371627, 6215645.881060540676117 ], [ 356870.546723371371627, 6215645.881060540676117 ] ] ] } },
{ "type": "Feature", "properties": { "restaurant_count": 0 }, "geometry": { "type": "Polygon", "coordinates": [ [ [ 356870.546723371371627, 6216145.881060540676117 ], [ 356870.546723371371627, 6216645.881060540676117 ], [ 356370.546723371371627, 6216645.881060540676117 ], [ 356370.546723371371627, 6216145.881060540676117 ], [ 356870.546723371371627, 6216145.881060540676117 ] ] ] } },
{ "type": "Feature", "properties": { "restaurant_count": 0 }, "geometry": { "type": "Polygon", "coordinates": [ [ [ 356870.546723371371627, 6216645.881060540676117 ], [ 356870.546723371371627, 6217145.881060540676117 ], [ 356370.546723371371627, 6217145.881060540676117 ], [ 356370.546723371371627, 6216645.881060540676117 ], [ 356870.546723371371627, 6216645.881060540676117 ] ] ] } },
{ "type": "Feature", "properties": { "restaurant_count": 0 }, "geometry": { "type": "Polygon", "coordinates": [ [ [ 356870.546723371371627, 6217145.881060540676117 ], [ 356870.546723371371627, 6217645.881060540676117 ], [ 356370.546723371371627, 6217645.881060540676117 ], [ 356370.546723371371627, 6217145.881060540676117 ], [ 356870.546723371371627, 6217145.881060540676117 ] ] ] } },
{ "type": "Feature", "properties": { "restaurant_count": 0 }, "geometry": { "type": "Polygon", "coordinates": [ [ [ 356870.546723371371627, 6217645.881060540676117 ], [ 356870.546723371371627, 6218145.881060540676117 ], [ 356370.546723371371627, 6218145.881060540676117 ], [ 356370.546723371371627, 6217645.881060540676117 ], [ 356870.546723371371627, 6217645.881060540676117 ] ] ] } },
{ "type": "Feature", "properties": { "restaurant_count": 0 }, "geometry": { "type": "Polygon", "coordinates": [ [ [ 356870.546723371371627, 6218145.881060540676117 ], [ 356870.546723371371627, 6218645.881060540676117 ], [ 356370.546723371371627, 6218645.881060540676117 ], [ 356370.546723371371627, 6218145.881060540676117 ], [ 356870.546723371371627, 6218145.881060540676117 ] ] ] } },
{ "type": "Feature", "properties": { "restaurant_count": 0 }, "geometry": { "type": "Polygon", "coordinates": [ [ [ 356870.546723371371627, 6218645.881060540676117 ], [ 356870.546723371371627, 6219145.881060540676117 ], [ 356370.546723371371627, 6219145.881060540676117 ], [ 356370.546723371371627, 6218645.881060540676117 ], [ 356870.546723371371627, 6218645.881060540676117 ] ] ] } },
{ "type": "Feature", "properties": { "restaurant_count": 0 }, "geometry": { "type": "Polygon", "coordinates": [ [ [ 356870.546723371371627, 6219145.881060540676117 ], [ 356870.546723371371627, 6219645.881060540676117 ], [ 356370.546723371371627, 6219645.881060540676117 ], [ 356370.546723371371627, 6219145.881060540676117 ], [ 356870.546723371371627, 6219145.881060540676117 ] ] ] } },
{ "type": "Feature", "properties": { "restaurant_count": 0 }, "geometry": { "type": "Polygon", "coordinates": [ [ [ 356870.546723371371627, 6219645.881060540676117 ], [ 356870.546723371371627, 6220145.881060540676117 ], [ 356370.546723371371627, 6220145.881060540676117 ], [ 356370.546723371371627, 6219645.881060540676117 ], [ 356870.546723371371627, 6219645.881060540676117 ] ] ] } },
{ "type": "Feature", "properties": { "restaurant_count": 0 }, "geometry": { "type": "Polygon", "coordinates": [ [ [ 356870.546723371371627, 6220145.881060540676117 ], [ 356870.546723371371627, 6220645.881060540676117 ], [ 356370.546723371371627, 6220645.881060540676117 ], [ 356370.546723371371627, 6220145.881060540676117 ], [ 356870.546723371371627, 6220145.881060540676117 ] ] ] } },
{ "type": "Feature", "properties": { "restaurant_count": 0 }, "geometry": { "type": "Polygon", "coordinates": [ [ [ 356870.546723371371627, 6220645.881060540676117 ], [ 356870.546723371371627, 6221145.881060540676117 ], [ 356370.546723371371627, 6221145.881060540676117 ], [ 356370.546723371371627, 6220645.881060540676117 ], [ 356870.546723371371627, 6220645.881060540676117 ] ] ] } },
{ "type": "Feature", "properties": { "restaurant_count": 0 }, "geometry": { "type": "Polygon", "coordinates": [ [ [ 356870.546723371371627, 6221145.881060540676117 ], [ 356870.546723371371627, 6221645.881060540676117 ], [ 356370.546723371371627, 6221645.881060540676117 ], [ 356370.546723371371627, 6221145.881060540676117 ], [ 356870.546723371371627, 6221145.881060540676117 ] ] ] } },
{ "type": "Feature", "properties": { "restaurant_count": 0 }, "geometry": { "type": "Polygon", "coordinates": [ [ [ 356870.546723371371627, 6221645.881060540676117 ], [ 356870.546723371371627, 6222145.881060540676117 ], [ 356370.546723371371627, 6222145.881060540676117 ], [ 356370.546723371371627, 6221645.881060540676117 ], [ 356870.546723371371627, 6221645.881060540676117 ] ] ] } },
{ "type": "Feature", "properties": { "restaurant_count": 0 }, "geometry": { "type": "Polygon", "coordinates": [ [ [ 356870.546723371371627, 6222145.881060540676117 ], [ 356870.546723371371627, 6222645.881060540676117 ], [ 356370.546723371371627, 6222645.881060540676117 ], [ 356370.546723371371627, 6222145.881060540676117 ], [ 356870.546723371371627, 6222145.881060540676117 ] ] ] } },
{ "type": "Feature", "properties": { "restaurant_count": 0 }, "geometry": { "type": "Polygon", "coordinates": [ [ [ 356870.546723371371627, 6222645.881060540676117 ], [ 356870.546723371371627, 6223145.881060540676117 ], [ 356370.546723371371627, 6223145.881060540676117 ], [ 356370.546723371371627, 6222645.881060540676117 ], [ 356870.546723371371627, 6222645.881060540676117 ] ] ] } },
{ "type": "Feature", "properties": { "restaurant_count": 0 }, "geometry": { "type": "Polygon", "coordinates": [ [ [ 356870.546723371371627, 6223145.881060540676117 ], [ 356870.546723371371627, 6223645.881060540676117 ], [ 356370.546723371371627, 6223645.881060540676117 ], [ 356370.546723371371627, 6223145.881060540676117 ], [ 356870.546723371371627, 6223145.881060540676117 ] ] ] } },
{ "type": "Feature", "properties": { "restaurant_count": 0 }, "geometry": { "type": "Polygon", "coordinates": [ [ [ 357370.546723371371627, 6203145.881060540676117 ], [ 357370.546723371371627, 6203645.881060540676117 ], [ 356870.546723371371627, 6203645.881060540676117 ], [ 356870.546723371371627, 6203145.881060540676117 ], [ 357370.546723371371627, 6203145.881060540676117 ] ] ] } },
{ "type": "Feature", "properties": { "restaurant_count": 0 }, "geometry": { "type": "Polygon", "coordinates": [ [ [ 357370.546723371371627, 6203645.881060540676117 ], [ 357370.546723371371627, 6204145.881060540676117 ], [ 356870.546723371371627, 6204145.881060540676117 ], [ 356870.546723371371627, 6203645.881060540676117 ], [ 357370.546723371371627, 6203645.881060540676117 ] ] ] } },
{ "type": "Feature", "properties": { "restaurant_count": 0 }, "geometry": { "type": "Polygon", "coordinates": [ [ [ 357370.546723371371627, 6204145.881060540676117 ], [ 357370.546723371371627, 6204645.881060540676117 ], [ 356870.546723371371627, 6204645.881060540676117 ], [ 356870.546723371371627, 6204145.881060540676117 ], [ 357370.546723371371627, 6204145.881060540676117 ] ] ] } },
{ "type": "Feature", "properties": { "restaurant_count": 0 }, "geometry": { "type": "Polygon", "coordinates": [ [ [ 357370.546723371371627, 6204645.881060540676117 ], [ 357370.546723371371627, 6205145.881060540676117 ], [ 356870.546723371371627, 6205145.881060540676117 ], [ 356870.546723371371627, 6204645.881060540676117 ], [ 357370.546723371371627, 6204645.881060540676117 ] ] ] } },
{ "type": "Feature", "properties": { "restaurant_count": 0 }, "geometry": { "type": "Polygon", "coordinates": [ [ [ 357370.546723371371627, 6205145.881060540676117 ], [ 357370.546723371371627, 6205645.881060540676117 ], [ 356870.546723371371627, 6205645.881060540676117 ], [ 356870.546723371371627, 6205145.881060540676117 ], [ 357370.546723371371627, 6205145.881060540676117 ] ] ] } },
{ "type": "Feature", "properties": { "restaurant_count": 0 }, "geometry": { "type": "Polygon", "coordinates": [ [ [ 357370.546723371371627, 6205645.881060540676117 ], [ 357370.546723371371627, 6206145.881060540676117 ], [ 356870.546723371371627, 6206145.881060540676117 ], [ 356870.546723371371627, 6205645.881060540676117 ], [ 357370.546723371371627, 6205645.881060540676117 ] ] ] } },
{ "type": "Feature", "properties": { "restaurant_count": 0 }, "geometry": { "type": "Polygon", "coordinates": [ [ [ 357370.546723371371627, 6206145.881060540676117 ], [ 357370.546723371371627, 6206645.881060540676117 ], [ 356870.546723371371627, 6206645.881060540676117 ], [ 356870.546723371371627, 6206145.881060540676117 ], [ 357370.546723371371627, 6206145.881060540676117 ] ] ] } },
{ "type": "Feature", "properties": { "restaurant_count": 0 }, "geometry": { "type": "Polygon", "coordinates": [ [ [ 357370.546723371371627, 6206645.881060540676117 ], [ 357370.546723371371627, 6207145.881060540676117 ], [ 356870.546723371371627, 6207145.881060540676117 ], [ 356870.546723371371627, 6206645.881060540676117 ], [ 357370.546723371371627, 6206645.881060540676117 ] ] ] } },
{ "type": "Feature", "properties": { "restaurant_count": 0 }, "geometry": { "type": "Polygon", "coordinates": [ [ [ 357370.546723371371627, 6207145.881060540676117 ], [ 357370.546723371371627, 6207645.881060540676117 ], [ 356870.546723371371627, 6207645.881060540676117 ], [ 356870.546723371371627, 6207145.881060540676117 ], [ 357370.546723371371627, 6207145.881060540676117 ] ] ] } },
{ "type": "Feature", "properties": { "restaurant_count": 0 }, "geometry": { "type": "Polygon", "coordinates": [ [ [ 357370.546723371371627, 6207645.881060540676117 ], [ 357370.546723371371627, 6208145.881060540676117 ], [ 356870.546723371371627, 6208145.881060540676117 ], [ 356870.546723371371627, 6207645.881060540676117 ], [ 357370.546723371371627, 6207645.881060540676117 ] ] ] } },
{ "type": "Feature", "properties": { "restaurant_count": 0 }, "geometry": { "type": "Polygon", "coordinates": [ [ [ 357370.546723371371627, 6208145.881060540676117 ], [ 357370.546723371371627, 6208645.881060540676117 ], [ 356870.546723371371627, 6208645.881060540676117 ], [ 356870.546723371371627, 6208145.881060540676117 ], [ 357370.546723371371627, 6208145.881060540676117 ] ] ] } },
{ "type": "Feature", "properties": { "restaurant_count": 0 }, "geometry": { "type": "Polygon", "coordinates": [ [ [ 357370.546723371371627, 6208645.881060540676117 ], [ 357370.546723371371627, 6209145.881060540676117 ], [ 356870.546723371371627, 6209145.881060540676117 ], [ 356870.546723371371627, 6208645.881060540676117 ], [ 357370.546723371371627, 6208645.881060540676117 ] ] ] } },
{ "type": "Feature", "properties": { "restaurant_count": 0 }, "geometry": { "type": "Polygon", "coordinates": [ [ [ 357370.546723371371627, 6209145.881060540676117 ], [ 357370.546723371371627, 6209645.881060540676117 ], [ 356870.546723371371627, 6209645.881060540676117 ], [ 356870.546723371371627, 6209145.881060540676117 ], [ 357370.546723371371627, 6209145.881060540676117 ] ] ] } },
{ "type": "Feature", "properties": { "restaurant_count": 0 }, "geometry": { "type": "Polygon", "coordinates": [ [ [ 357370.546723371371627, 6209645.881060540676117 ], [ 357370.546723371371627, 6210145.881060540676117 ], [ 356870.546723371371627, 6210145.881060540676117 ], [ 356870.546723371371627, 6209645.881060540676117 ], [ 357370.546723371371627, 6209645.881060540676117 ] ] ] } },
{ "type": "Feature", "properties": { "restaurant_count": 0 }, "geometry": { "type": "Polygon", "coordinates": [ [ [ 357370.546723371371627, 6210145.881060540676117 ], [ 357370.546723371371627, 6210645.881060540676117 ], [ 356870.546723371371627, 6210645.881060540676117 ], [ 356870.546723371371627, 6210145.881060540676117 ], [ 357370.546723371371627, 6210145.881060540676117 ] ] ] } },
{ "type": "Feature", "properties": { "restaurant_count": 0 }, "geometry": { "type": "Polygon", "coordinates": [ [ [ 357370.546723371371627, 6210645.881060540676117 ], [ 357370.546723371371627, 6211145.881060540676117 ], [ 356870.546723371371627, 6211145.881060540676117 ], [ 356870.546723371371627, 6210645.881060540676117 ], [ 357370.546723371371627, 6210645.881060540676117 ] ] ] } },
{ "type": "Feature", "properties": { "restaurant_count": 0 }, "geometry": { "type": "Polygon", "coordinates": [ [ [ 357370.546723371371627, 6211145.881060540676117 ], [ 357370.546723371371627, 6211645.881060540676117 ], [ 356870.546723371371627, 6211645.881060540676117 ], [ 356870.546723371371627, 6211145.881060540676117 ], [ 357370.546723371371627, 6211145.881060540676117 ] ] ] } },
{ "type": "Feature", "properties": { "restaurant_count": 1 }, "geometry": { "type": "Polygon", "coordinates": [ [ [ 357370.546723371371627, 6211645.881060540676117 ], [ 357370.546723371371627, 6212145.881060540676117 ], [ 356870.546723371371627, 6212145.881060540676117 ], [ 356870.546723371371627, 6211645.881060540676117 ], [ 357370.546723371371627, 6211645.881060540676117 ] ] ] } },
{ "type": "Feature", "properties": { "restaurant_count": 2 }, "geometry": { "type": "Polygon", "coordinates": [ [ [ 357370.546723371371627, 6212145.881060540676117 ], [ 357370.546723371371627, 6212645.881060540676117 ], [ 356870.546723371371627, 6212645.881060540676117 ], [ 356870.546723371371627, 6212145.881060540676117 ], [ 357370.546723371371627, 6212145.881060540676117 ] ] ] } },
{ "type": "Feature", "properties": { "restaurant_count": 3 }, "geometry": { "type": "Polygon", "coordinates": [ [ [ 357370.546723371371627, 6212645.881060540676117 ], [ 357370.546723371371627, 6213145.881060540676117 ], [ 356870.546723371371627, 6213145.881060540676117 ], [ 356870.546723371371627, 6212645.881060540676117 ], [ 357370.546723371371627, 6212645.881060540676117 ] ] ] } },
{ "type": "Feature", "properties": { "restaurant_count": 1 }, "geometry": { "type": "Polygon", "coordinates": [ [ [ 357370.546723371371627, 6213145.881060540676117 ], [ 357370.546723371371627, 6213645.881060540676117 ], [ 356870.546723371371627, 6213645.881060540676117 ], [ 356870.546723371371627, 6213145.881060540676117 ], [ 357370.546723371371627, 6213145.881060540676117 ] ] ] } },
{ "type": "Feature", "properties": { "restaurant_count": 2 }, "geometry": { "type": "Polygon", "coordinates": [ [ [ 357370.546723371371627, 6213645.881060540676117 ], [ 357370.546723371371627, 6214145.881060540676117 ], [ 356870.546723371371627, 6214145.881060540676117 ], [ 356870.546723371371627, 6213645.881060540676117 ], [ 357370.546723371371627, 6213645.881060540676117 ] ] ] } },
{ "type": "Feature", "properties": { "restaurant_count": 2 }, "geometry": { "type": "Polygon", "coordinates": [ [ [ 357370.546723371371627, 6214145.881060540676117 ], [ 357370.546723371371627, 6214645.881060540676117 ], [ 356870.546723371371627, 6214645.881060540676117 ], [ 356870.546723371371627, 6214145.881060540676117 ], [ 357370.546723371371627, 6214145.881060540676117 ] ] ] } },
{ "type": "Feature", "properties": { "restaurant_count": 0 }, "geometry": { "type": "Polygon", "coordinates": [ [ [ 357370.546723371371627, 6214645.881060540676117 ], [ 357370.546723371371627, 6215145.881060540676117 ], [ 356870.546723371371627, 6215145.881060540676117 ], [ 356870.546723371371627, 6214645.881060540676117 ], [ 357370.546723371371627, 6214645.881060540676117 ] ] ] } },
{ "type": "Feature", "properties": { "restaurant_count": 0 }, "geometry": { "type": "Polygon", "coordinates": [ [ [ 357370.546723371371627, 6215145.881060540676117 ], [ 357370.546723371371627, 6215645.881060540676117 ], [ 356870.546723371371627, 6215645.881060540676117 ], [ 356870.546723371371627, 6215145.881060540676117 ], [ 357370.546723371371627, 6215145.881060540676117 ] ] ] } },
{ "type": "Feature", "properties": { "restaurant_count": 1 }, "geometry": { "type": "Polygon", "coordinates": [ [ [ 357370.546723371371627, 6215645.881060540676117 ], [ 357370.546723371371627, 6216145.881060540676117 ], [ 356870.546723371371627, 6216145.881060540676117 ], [ 356870.546723371371627, 6215645.881060540676117 ], [ 357370.546723371371627, 6215645.881060540676117 ] ] ] } },
{ "type": "Feature", "properties": { "restaurant_count": 0 }, "geometry": { "type": "Polygon", "coordinates": [ [ [ 357370.546723371371627, 6216145.881060540676117 ], [ 357370.546723371371627, 6216645.881060540676117 ], [ 356870.546723371371627, 6216645.881060540676117 ], [ 356870.546723371371627, 6216145.881060540676117 ], [ 357370.546723371371627, 6216145.881060540676117 ] ] ] } },
{ "type": "Feature", "properties": { "restaurant_count": 0 }, "geometry": { "type": "Polygon", "coordinates": [ [ [ 357370.546723371371627, 6216645.881060540676117 ], [ 357370.546723371371627, 6217145.881060540676117 ], [ 356870.546723371371627, 6217145.881060540676117 ], [ 356870.546723371371627, 6216645.881060540676117 ], [ 357370.546723371371627, 6216645.881060540676117 ] ] ] } },
{ "type": "Feature", "properties": { "restaurant_count": 1 }, "geometry": { "type": "Polygon", "coordinates": [ [ [ 357370.546723371371627, 6217145.881060540676117 ], [ 357370.546723371371627, 6217645.881060540676117 ], [ 356870.546723371371627, 6217645.881060540676117 ], [ 356870.546723371371627, 6217145.881060540676117 ], [ 357370.546723371371627, 6217145.881060540676117 ] ] ] } },
{ "type": "Feature", "properties": { "restaurant_count": 0 }, "geometry": { "type": "Polygon", "coordinates": [ [ [ 357370.546723371371627, 6217645.881060540676117 ], [ 357370.546723371371627, 6218145.881060540676117 ], [ 356870.546723371371627, 6218145.881060540676117 ], [ 356870.546723371371627, 6217645.881060540676117 ], [ 357370.546723371371627, 6217645.881060540676117 ] ] ] } },
{ "type": "Feature", "properties": { "restaurant_count": 0 }, "geometry": { "type": "Polygon", "coordinates": [ [ [ 357370.546723371371627, 6218145.881060540676117 ], [ 357370.546723371371627, 6218645.881060540676117 ], [ 356870.546723371371627, 6218645.881060540676117 ], [ 356870.546723371371627, 6218145.881060540676117 ], [ 357370.546723371371627, 6218145.881060540676117 ] ] ] } },
{ "type": "Feature", "properties": { "restaurant_count": 0 }, "geometry": { "type": "Polygon", "coordinates": [ [ [ 357370.546723371371627, 6218645.881060540676117 ], [ 357370.546723371371627, 6219145.881060540676117 ], [ 356870.546723371371627, 6219145.881060540676117 ], [ 356870.546723371371627, 6218645.881060540676117 ], [ 357370.546723371371627, 6218645.881060540676117 ] ] ] } },
{ "type": "Feature", "properties": { "restaurant_count": 0 }, "geometry": { "type": "Polygon", "coordinates": [ [ [ 357370.546723371371627, 6219145.881060540676117 ], [ 357370.546723371371627, 6219645.881060540676117 ], [ 356870.546723371371627, 6219645.881060540676117 ], [ 356870.546723371371627, 6219145.881060540676117 ], [ 357370.546723371371627, 6219145.881060540676117 ] ] ] } },
{ "type": "Feature", "properties": { "restaurant_count": 1 }, "geometry": { "type": "Polygon", "coordinates": [ [ [ 357370.546723371371627, 6219645.881060540676117 ], [ 357370.546723371371627, 6220145.881060540676117 ], [ 356870.546723371371627, 6220145.881060540676117 ], [ 356870.546723371371627, 6219645.881060540676117 ], [ 357370.546723371371627, 6219645.881060540676117 ] ] ] } },
{ "type": "Feature", "properties": { "restaurant_count": 0 }, "geometry": { "type": "Polygon", "coordinates": [ [ [ 357370.546723371371627, 6220145.881060540676117 ], [ 357370.546723371371627, 6220645.881060540676117 ], [ 356870.546723371371627, 6220645.881060540676117 ], [ 356870.546723371371627, 6220145.881060540676117 ], [ 357370.546723371371627, 6220145.881060540676117 ] ] ] } },
{ "type": "Feature", "properties": { "restaurant_count": 0 }, "geometry": { "type": "Polygon", "coordinates": [ [ [ 357370.546723371371627, 6220645.881060540676117 ], [ 357370.546723371371627, 6221145.881060540676117 ], [ 356870.546723371371627, 6221145.881060540676117 ], [ 356870.546723371371627, 6220645.881060540676117 ], [ 357370.546723371371627, 6220645.881060540676117 ] ] ] } },
{ "type": "Feature", "properties": { "restaurant_count": 0 }, "geometry": { "type": "Polygon", "coordinates": [ [ [ 357370.546723371371627, 6221145.881060540676117 ], [ 357370.546723371371627, 6221645.881060540676117 ], [ 356870.546723371371627, 6221645.881060540676117 ], [ 356870.546723371371627, 6221145.881060540676117 ], [ 357370.546723371371627, 6221145.881060540676117 ] ] ] } },
{ "type": "Feature", "properties": { "restaurant_count": 0 }, "geometry": { "type": "Polygon", "coordinates": [ [ [ 357370.546723371371627, 6221645.881060540676117 ], [ 357370.546723371371627, 6222145.881060540676117 ], [ 356870.546723371371627, 6222145.881060540676117 ], [ 356870.546723371371627, 6221645.881060540676117 ], [ 357370.546723371371627, 6221645.881060540676117 ] ] ] } },
{ "type": "Feature", "properties": { "restaurant_count": 0 }, "geometry": { "type": "Polygon", "coordinates": [ [ [ 357370.546723371371627, 6222145.881060540676117 ], [ 357370.546723371371627, 6222645.881060540676117 ], [ 356870.546723371371627, 6222645.881060540676117 ], [ 356870.546723371371627, 6222145.881060540676117 ], [ 357370.546723371371627, 6222145.881060540676117 ] ] ] } },
{ "type": "Feature", "properties": { "restaurant_count": 0 }, "geometry": { "type": "Polygon", "coordinates": [ [ [ 357370.546723371371627, 6222645.881060540676117 ], [ 357370.546723371371627, 6223145.881060540676117 ], [ 356870.546723371371627, 6223145.881060540676117 ], [ 356870.546723371371627, 6222645.881060540676117 ], [ 357370.546723371371627, 6222645.881060540676117 ] ] ] } },
{ "type": "Feature", "properties": { "restaurant_count": 0 }, "geometry": { "type": "Polygon", "coordinates": [ [ [ 357370.546723371371627, 6223145.881060540676117 ], [ 357370.546723371371627, 6223645.881060540676117 ], [ 356870.546723371371627, 6223645.881060540676117 ], [ 356870.546723371371627, 6223145.881060540676117 ], [ 357370.546723371371627, 6223145.881060540676117 ] ] ] } },
{ "type": "Feature", "properties": { "restaurant_count": 0 }, "geometry": { "type": "Polygon", "coordinates": [ [ [ 357870.546723371371627, 6203145.881060540676117 ], [ 357870.546723371371627, 6203645.881060540676117 ], [ 357370.546723371371627, 6203645.881060540676117 ], [ 357370.546723371371627, 6203145.881060540676117 ], [ 357870.546723371371627, 6203145.881060540676117 ] ] ] } },
{ "type": "Feature", "properties": { "restaurant_count": 0 }, "geometry": { "type": "Polygon", "coordinates": [ [ [ 357870.546723371371627, 6203645.881060540676117 ], [ 357870.546723371371627, 6204145.881060540676117 ], [ 357370.546723371371627, 6204145.881060540676117 ], [ 357370.546723371371627, 6203645.881060540676117 ], [ 357870.546723371371627, 6203645.881060540676117 ] ] ] } },
{ "type": "Feature", "properties": { "restaurant_count": 0 }, "geometry": { "type": "Polygon", "coordinates": [ [ [ 357870.546723371371627, 6204145.881060540676117 ], [ 357870.546723371371627, 6204645.881060540676117 ], [ 357370.546723371371627, 6204645.881060540676117 ], [ 357370.546723371371627, 6204145.881060540676117 ], [ 357870.546723371371627, 6204145.881060540676117 ] ] ] } },
{ "type": "Feature", "properties": { "restaurant_count": 0 }, "geometry": { "type": "Polygon", "coordinates": [ [ [ 357870.546723371371627, 6204645.881060540676117 ], [ 357870.546723371371627, 6205145.881060540676117 ], [ 357370.546723371371627, 6205145.881060540676117 ], [ 357370.546723371371627, 6204645.881060540676117 ], [ 357870.546723371371627, 6204645.881060540676117 ] ] ] } },
{ "type": "Feature", "properties": { "restaurant_count": 0 }, "geometry": { "type": "Polygon", "coordinates": [ [ [ 357870.546723371371627, 6205145.881060540676117 ], [ 357870.546723371371627, 6205645.881060540676117 ], [ 357370.546723371371627, 6205645.881060540676117 ], [ 357370.546723371371627, 6205145.881060540676117 ], [ 357870.546723371371627, 6205145.881060540676117 ] ] ] } },
{ "type": "Feature", "properties": { "restaurant_count": 0 }, "geometry": { "type": "Polygon", "coordinates": [ [ [ 357870.546723371371627, 6205645.881060540676117 ], [ 357870.546723371371627, 6206145.881060540676117 ], [ 357370.546723371371627, 6206145.881060540676117 ], [ 357370.546723371371627, 6205645.881060540676117 ], [ 357870.546723371371627, 6205645.881060540676117 ] ] ] } },
{ "type": "Feature", "properties": { "restaurant_count": 0 }, "geometry": { "type": "Polygon", "coordinates": [ [ [ 357870.546723371371627, 6206145.881060540676117 ], [ 357870.546723371371627, 6206645.881060540676117 ], [ 357370.546723371371627, 6206645.881060540676117 ], [ 357370.546723371371627, 6206145.881060540676117 ], [ 357870.546723371371627, 6206145.881060540676117 ] ] ] } },
{ "type": "Feature", "properties": { "restaurant_count": 0 }, "geometry": { "type": "Polygon", "coordinates": [ [ [ 357870.546723371371627, 6206645.881060540676117 ], [ 357870.546723371371627, 6207145.881060540676117 ], [ 357370.546723371371627, 6207145.881060540676117 ], [ 357370.546723371371627, 6206645.881060540676117 ], [ 357870.546723371371627, 6206645.881060540676117 ] ] ] } },
{ "type": "Feature", "properties": { "restaurant_count": 0 }, "geometry": { "type": "Polygon", "coordinates": [ [ [ 357870.546723371371627, 6207145.881060540676117 ], [ 357870.546723371371627, 6207645.881060540676117 ], [ 357370.546723371371627, 6207645.881060540676117 ], [ 357370.546723371371627, 6207145.881060540676117 ], [ 357870.546723371371627, 6207145.881060540676117 ] ] ] } },
{ "type": "Feature", "properties": { "restaurant_count": 0 }, "geometry": { "type": "Polygon", "coordinates": [ [ [ 357870.546723371371627, 6207645.881060540676117 ], [ 357870.546723371371627, 6208145.881060540676117 ], [ 357370.546723371371627, 6208145.881060540676117 ], [ 357370.546723371371627, 6207645.881060540676117 ], [ 357870.546723371371627, 6207645.881060540676117 ] ] ] } },
{ "type": "Feature", "properties": { "restaurant_count": 0 }, "geometry": { "type": "Polygon", "coordinates": [ [ [ 357870.546723371371627, 6208145.881060540676117 ], [ 357870.546723371371627, 6208645.881060540676117 ], [ 357370.546723371371627, 6208645.881060540676117 ], [ 357370.546723371371627, 6208145.881060540676117 ], [ 357870.546723371371627, 6208145.881060540676117 ] ] ] } },
{ "type": "Feature", "properties": { "restaurant_count": 0 }, "geometry": { "type": "Polygon", "coordinates": [ [ [ 357870.546723371371627, 6208645.881060540676117 ], [ 357870.546723371371627, 6209145.881060540676117 ], [ 357370.546723371371627, 6209145.881060540676117 ], [ 357370.546723371371627, 6208645.881060540676117 ], [ 357870.546723371371627, 6208645.881060540676117 ] ] ] } },
{ "type": "Feature", "properties": { "restaurant_count": 0 }, "geometry": { "type": "Polygon", "coordinates": [ [ [ 357870.546723371371627, 6209145.881060540676117 ], [ 357870.546723371371627, 6209645.881060540676117 ], [ 357370.546723371371627, 6209645.881060540676117 ], [ 357370.546723371371627, 6209145.881060540676117 ], [ 357870.546723371371627, 6209145.881060540676117 ] ] ] } },
{ "type": "Feature", "properties": { "restaurant_count": 1 }, "geometry": { "type": "Polygon", "coordinates": [ [ [ 357870.546723371371627, 6209645.881060540676117 ], [ 357870.546723371371627, 6210145.881060540676117 ], [ 357370.546723371371627, 6210145.881060540676117 ], [ 357370.546723371371627, 6209645.881060540676117 ], [ 357870.546723371371627, 6209645.881060540676117 ] ] ] } },
{ "type": "Feature", "properties": { "restaurant_count": 0 }, "geometry": { "type": "Polygon", "coordinates": [ [ [ 357870.546723371371627, 6210145.881060540676117 ], [ 357870.546723371371627, 6210645.881060540676117 ], [ 357370.546723371371627, 6210645.881060540676117 ], [ 357370.546723371371627, 6210145.881060540676117 ], [ 357870.546723371371627, 6210145.881060540676117 ] ] ] } },
{ "type": "Feature", "properties": { "restaurant_count": 0 }, "geometry": { "type": "Polygon", "coordinates": [ [ [ 357870.546723371371627, 6210645.881060540676117 ], [ 357870.546723371371627, 6211145.881060540676117 ], [ 357370.546723371371627, 6211145.881060540676117 ], [ 357370.546723371371627, 6210645.881060540676117 ], [ 357870.546723371371627, 6210645.881060540676117 ] ] ] } },
{ "type": "Feature", "properties": { "restaurant_count": 0 }, "geometry": { "type": "Polygon", "coordinates": [ [ [ 357870.546723371371627, 6211145.881060540676117 ], [ 357870.546723371371627, 6211645.881060540676117 ], [ 357370.546723371371627, 6211645.881060540676117 ], [ 357370.546723371371627, 6211145.881060540676117 ], [ 357870.546723371371627, 6211145.881060540676117 ] ] ] } },
{ "type": "Feature", "properties": { "restaurant_count": 0 }, "geometry": { "type": "Polygon", "coordinates": [ [ [ 357870.546723371371627, 6211645.881060540676117 ], [ 357870.546723371371627, 6212145.881060540676117 ], [ 357370.546723371371627, 6212145.881060540676117 ], [ 357370.546723371371627, 6211645.881060540676117 ], [ 357870.546723371371627, 6211645.881060540676117 ] ] ] } },
{ "type": "Feature", "properties": { "restaurant_count": 1 }, "geometry": { "type": "Polygon", "coordinates": [ [ [ 357870.546723371371627, 6212145.881060540676117 ], [ 357870.546723371371627, 6212645.881060540676117 ], [ 357370.546723371371627, 6212645.881060540676117 ], [ 357370.546723371371627, 6212145.881060540676117 ], [ 357870.546723371371627, 6212145.881060540676117 ] ] ] } },
{ "type": "Feature", "properties": { "restaurant_count": 0 }, "geometry": { "type": "Polygon", "coordinates": [ [ [ 357870.546723371371627, 6212645.881060540676117 ], [ 357870.546723371371627, 6213145.881060540676117 ], [ 357370.546723371371627, 6213145.881060540676117 ], [ 357370.546723371371627, 6212645.881060540676117 ], [ 357870.546723371371627, 6212645.881060540676117 ] ] ] } },
{ "type": "Feature", "properties": { "restaurant_count": 0 }, "geometry": { "type": "Polygon", "coordinates": [ [ [ 357870.546723371371627, 6213145.881060540676117 ], [ 357870.546723371371627, 6213645.881060540676117 ], [ 357370.546723371371627, 6213645.881060540676117 ], [ 357370.546723371371627, 6213145.881060540676117 ], [ 357870.546723371371627, 6213145.881060540676117 ] ] ] } },
{ "type": "Feature", "properties": { "restaurant_count": 0 }, "geometry": { "type": "Polygon", "coordinates": [ [ [ 357870.546723371371627, 6213645.881060540676117 ], [ 357870.546723371371627, 6214145.881060540676117 ], [ 357370.546723371371627, 6214145.881060540676117 ], [ 357370.546723371371627, 6213645.881060540676117 ], [ 357870.546723371371627, 6213645.881060540676117 ] ] ] } },
{ "type": "Feature", "properties": { "restaurant_count": 0 }, "geometry": { "type": "Polygon", "coordinates": [ [ [ 357870.546723371371627, 6214145.881060540676117 ], [ 357870.546723371371627, 6214645.881060540676117 ], [ 357370.546723371371627, 6214645.881060540676117 ], [ 357370.546723371371627, 6214145.881060540676117 ], [ 357870.546723371371627, 6214145.881060540676117 ] ] ] } },
{ "type": "Feature", "properties": { "restaurant_count": 1 }, "geometry": { "type": "Polygon", "coordinates": [ [ [ 357870.546723371371627, 6214645.881060540676117 ], [ 357870.546723371371627, 6215145.881060540676117 ], [ 357370.546723371371627, 6215145.881060540676117 ], [ 357370.546723371371627, 6214645.881060540676117 ], [ 357870.546723371371627, 6214645.881060540676117 ] ] ] } },
{ "type": "Feature", "properties": { "restaurant_count": 0 }, "geometry": { "type": "Polygon", "coordinates": [ [ [ 357870.546723371371627, 6215145.881060540676117 ], [ 357870.546723371371627, 6215645.881060540676117 ], [ 357370.546723371371627, 6215645.881060540676117 ], [ 357370.546723371371627, 6215145.881060540676117 ], [ 357870.546723371371627, 6215145.881060540676117 ] ] ] } },
{ "type": "Feature", "properties": { "restaurant_count": 0 }, "geometry": { "type": "Polygon", "coordinates": [ [ [ 357870.546723371371627, 6215645.881060540676117 ], [ 357870.546723371371627, 6216145.881060540676117 ], [ 357370.546723371371627, 6216145.881060540676117 ], [ 357370.546723371371627, 6215645.881060540676117 ], [ 357870.546723371371627, 6215645.881060540676117 ] ] ] } },
{ "type": "Feature", "properties": { "restaurant_count": 0 }, "geometry": { "type": "Polygon", "coordinates": [ [ [ 357870.546723371371627, 6216145.881060540676117 ], [ 357870.546723371371627, 6216645.881060540676117 ], [ 357370.546723371371627, 6216645.881060540676117 ], [ 357370.546723371371627, 6216145.881060540676117 ], [ 357870.546723371371627, 6216145.881060540676117 ] ] ] } },
{ "type": "Feature", "properties": { "restaurant_count": 0 }, "geometry": { "type": "Polygon", "coordinates": [ [ [ 357870.546723371371627, 6216645.881060540676117 ], [ 357870.546723371371627, 6217145.881060540676117 ], [ 357370.546723371371627, 6217145.881060540676117 ], [ 357370.546723371371627, 6216645.881060540676117 ], [ 357870.546723371371627, 6216645.881060540676117 ] ] ] } },
{ "type": "Feature", "properties": { "restaurant_count": 0 }, "geometry": { "type": "Polygon", "coordinates": [ [ [ 357870.546723371371627, 6217145.881060540676117 ], [ 357870.546723371371627, 6217645.881060540676117 ], [ 357370.546723371371627, 6217645.881060540676117 ], [ 357370.546723371371627, 6217145.881060540676117 ], [ 357870.546723371371627, 6217145.881060540676117 ] ] ] } },
{ "type": "Feature", "properties": { "restaurant_count": 0 }, "geometry": { "type": "Polygon", "coordinates": [ [ [ 357870.546723371371627, 6217645.881060540676117 ], [ 357870.546723371371627, 6218145.881060540676117 ], [ 357370.546723371371627, 6218145.881060540676117 ], [ 357370.546723371371627, 6217645.881060540676117 ], [ 357870.546723371371627, 6217645.881060540676117 ] ] ] } },
{ "type": "Feature", "properties": { "restaurant_count": 0 }, "geometry": { "type": "Polygon", "coordinates": [ [ [ 357870.546723371371627, 6218145.881060540676117 ], [ 357870.546723371371627, 6218645.881060540676117 ], [ 357370.546723371371627, 6218645.881060540676117 ], [ 357370.546723371371627, 6218145.881060540676117 ], [ 357870.546723371371627, 6218145.881060540676117 ] ] ] } },
{ "type": "Feature", "properties": { "restaurant_count": 0 }, "geometry": { "type": "Polygon", "coordinates": [ [ [ 357870.546723371371627, 6218645.881060540676117 ], [ 357870.546723371371627, 6219145.881060540676117 ], [ 357370.546723371371627, 6219145.881060540676117 ], [ 357370.546723371371627, 6218645.881060540676117 ], [ 357870.546723371371627, 6218645.881060540676117 ] ] ] } },
{ "type": "Feature", "properties": { "restaurant_count": 0 }, "geometry": { "type": "Polygon", "coordinates": [ [ [ 357870.546723371371627, 6219145.881060540676117 ], [ 357870.546723371371627, 6219645.881060540676117 ], [ 357370.546723371371627, 6219645.881060540676117 ], [ 357370.546723371371627, 6219145.881060540676117 ], [ 357870.546723371371627, 6219145.881060540676117 ] ] ] } },
{ "type": "Feature", "properties": { "restaurant_count": 0 }, "geometry": { "type": "Polygon", "coordinates": [ [ [ 357870.546723371371627, 6219645.881060540676117 ], [ 357870.546723371371627, 6220145.881060540676117 ], [ 357370.546723371371627, 6220145.881060540676117 ], [ 357370.546723371371627, 6219645.881060540676117 ], [ 357870.546723371371627, 6219645.881060540676117 ] ] ] } },
{ "type": "Feature", "properties": { "restaurant_count": 0 }, "geometry": { "type": "Polygon", "coordinates": [ [ [ 357870.546723371371627, 6220145.881060540676117 ], [ 357870.546723371371627, 6220645.881060540676117 ], [ 357370.546723371371627, 6220645.881060540676117 ], [ 357370.546723371371627, 6220145.881060540676117 ], [ 357870.546723371371627, 6220145.881060540676117 ] ] ] } },
{ "type": "Feature", "properties": { "restaurant_count": 0 }, "geometry": { "type": "Polygon", "coordinates": [ [ [ 357870.546723371371627, 6220645.881060540676117 ], [ 357870.546723371371627, 6221145.881060540676117 ], [ 357370.546723371371627, 6221145.881060540676117 ], [ 357370.546723371371627, 6220645.881060540676117 ], [ 357870.546723371371627, 6220645.881060540676117 ] ] ] } },
{ "type": "Feature", "properties": { "restaurant_count": 0 }, "geometry": { "type": "Polygon", "coordinates": [ [ [ 357870.546723371371627, 6221145.881060540676117 ], [ 357870.546723371371627, 6221645.881060540676117 ], [ 357370.546723371371627, 6221645.881060540676117 ], [ 357370.546723371371627, 6221145.881060540676117 ], [ 357870.546723371371627, 6221145.881060540676117 ] ] ] } },
{ "type": "Feature", "properties": { "restaurant_count": 0 }, "geometry": { "type": "Polygon", "coordinates": [ [ [ 357870.546723371371627, 6221645.881060540676117 ], [ 357870.546723371371627, 6222145.881060540676117 ], [ 357370.546723371371627, 6222145.881060540676117 ], [ 357370.546723371371627, 6221645.881060540676117 ], [ 357870.546723371371627, 6221645.881060540676117 ] ] ] } },
{ "type": "Feature", "properties": { "restaurant_count": 0 }, "geometry": { "type": "Polygon", "coordinates": [ [ [ 357870.546723371371627, 6222145.881060540676117 ], [ 357870.546723371371627, 6222645.881060540676117 ], [ 357370.546723371371627, 6222645.881060540676117 ], [ 357370.546723371371627, 6222145.881060540676117 ], [ 357870.546723371371627, 6222145.881060540676117 ] ] ] } },
{ "type": "Feature", "properties": { "restaurant_count": 0 }, "geometry": { "type": "Polygon", "coordinates": [ [ [ 357870.546723371371627, 6222645.881060540676117 ], [ 357870.546723371371627, 6223145.881060540676117 ], [ 357370.546723371371627, 6223145.881060540676117 ], [ 357370.546723371371627, 6222645.881060540676117 ], [ 357870.546723371371627, 6222645.881060540676117 ] ] ] } },
{ "type": "Feature", "properties": { "restaurant_count": 0 }, "geometry": { "type": "Polygon", "coordinates": [ [ [ 357870.546723371371627, 6223145.881060540676117 ], [ 357870.546723371371627, 6223645.881060540676117 ], [ 357370.546723371371627, 6223645.881060540676117 ], [ 357370.546723371371627, 6223145.881060540676117 ], [ 357870.546723371371627, 6223145.881060540676117 ] ] ] } },
{ "type": "Feature", "properties": { "restaurant_count": 0 }, "geometry": { "type": "Polygon", "coordinates": [ [ [ 358370.546723371371627, 6203145.881060540676117 ], [ 358370.546723371371627, 6203645.881060540676117 ], [ 357870.546723371371627, 6203645.881060540676117 ], [ 357870.546723371371627, 6203145.881060540676117 ], [ 358370.546723371371627, 6203145.881060540676117 ] ] ] } },
{ "type": "Feature", "properties": { "restaurant_count": 0 }, "geometry": { "type": "Polygon", "coordinates": [ [ [ 358370.546723371371627, 6203645.881060540676117 ], [ 358370.546723371371627, 6204145.881060540676117 ], [ 357870.546723371371627, 6204145.881060540676117 ], [ 357870.546723371371627, 6203645.881060540676117 ], [ 358370.546723371371627, 6203645.881060540676117 ] ] ] } },
{ "type": "Feature", "properties": { "restaurant_count": 0 }, "geometry": { "type": "Polygon", "coordinates": [ [ [ 358370.546723371371627, 6204145.881060540676117 ], [ 358370.546723371371627, 6204645.881060540676117 ], [ 357870.546723371371627, 6204645.881060540676117 ], [ 357870.546723371371627, 6204145.881060540676117 ], [ 358370.546723371371627, 6204145.881060540676117 ] ] ] } },
{ "type": "Feature", "properties": { "restaurant_count": 0 }, "geometry": { "type": "Polygon", "coordinates": [ [ [ 358370.546723371371627, 6204645.881060540676117 ], [ 358370.546723371371627, 6205145.881060540676117 ], [ 357870.546723371371627, 6205145.881060540676117 ], [ 357870.546723371371627, 6204645.881060540676117 ], [ 358370.546723371371627, 6204645.881060540676117 ] ] ] } },
{ "type": "Feature", "properties": { "restaurant_count": 0 }, "geometry": { "type": "Polygon", "coordinates": [ [ [ 358370.546723371371627, 6205145.881060540676117 ], [ 358370.546723371371627, 6205645.881060540676117 ], [ 357870.546723371371627, 6205645.881060540676117 ], [ 357870.546723371371627, 6205145.881060540676117 ], [ 358370.546723371371627, 6205145.881060540676117 ] ] ] } },
{ "type": "Feature", "properties": { "restaurant_count": 0 }, "geometry": { "type": "Polygon", "coordinates": [ [ [ 358370.546723371371627, 6205645.881060540676117 ], [ 358370.546723371371627, 6206145.881060540676117 ], [ 357870.546723371371627, 6206145.881060540676117 ], [ 357870.546723371371627, 6205645.881060540676117 ], [ 358370.546723371371627, 6205645.881060540676117 ] ] ] } },
{ "type": "Feature", "properties": { "restaurant_count": 0 }, "geometry": { "type": "Polygon", "coordinates": [ [ [ 358370.546723371371627, 6206145.881060540676117 ], [ 358370.546723371371627, 6206645.881060540676117 ], [ 357870.546723371371627, 6206645.881060540676117 ], [ 357870.546723371371627, 6206145.881060540676117 ], [ 358370.546723371371627, 6206145.881060540676117 ] ] ] } },
{ "type": "Feature", "properties": { "restaurant_count": 0 }, "geometry": { "type": "Polygon", "coordinates": [ [ [ 358370.546723371371627, 6206645.881060540676117 ], [ 358370.546723371371627, 6207145.881060540676117 ], [ 357870.546723371371627, 6207145.881060540676117 ], [ 357870.546723371371627, 6206645.881060540676117 ], [ 358370.546723371371627, 6206645.881060540676117 ] ] ] } },
{ "type": "Feature", "properties": { "restaurant_count": 0 }, "geometry": { "type": "Polygon", "coordinates": [ [ [ 358370.546723371371627, 6207145.881060540676117 ], [ 358370.546723371371627, 6207645.881060540676117 ], [ 357870.546723371371627, 6207645.881060540676117 ], [ 357870.546723371371627, 6207145.881060540676117 ], [ 358370.546723371371627, 6207145.881060540676117 ] ] ] } },
{ "type": "Feature", "properties": { "restaurant_count": 0 }, "geometry": { "type": "Polygon", "coordinates": [ [ [ 358370.546723371371627, 6207645.881060540676117 ], [ 358370.546723371371627, 6208145.881060540676117 ], [ 357870.546723371371627, 6208145.881060540676117 ], [ 357870.546723371371627, 6207645.881060540676117 ], [ 358370.546723371371627, 6207645.881060540676117 ] ] ] } },
{ "type": "Feature", "properties": { "restaurant_count": 0 }, "geometry": { "type": "Polygon", "coordinates": [ [ [ 358370.546723371371627, 6208145.881060540676117 ], [ 358370.546723371371627, 6208645.881060540676117 ], [ 357870.546723371371627, 6208645.881060540676117 ], [ 357870.546723371371627, 6208145.881060540676117 ], [ 358370.546723371371627, 6208145.881060540676117 ] ] ] } },
{ "type": "Feature", "properties": { "restaurant_count": 0 }, "geometry": { "type": "Polygon", "coordinates": [ [ [ 358370.546723371371627, 6208645.881060540676117 ], [ 358370.546723371371627, 6209145.881060540676117 ], [ 357870.546723371371627, 6209145.881060540676117 ], [ 357870.546723371371627, 6208645.881060540676117 ], [ 358370.546723371371627, 6208645.881060540676117 ] ] ] } },
{ "type": "Feature", "properties": { "restaurant_count": 1 }, "geometry": { "type": "Polygon", "coordinates": [ [ [ 358370.546723371371627, 6209145.881060540676117 ], [ 358370.546723371371627, 6209645.881060540676117 ], [ 357870.546723371371627, 6209645.881060540676117 ], [ 357870.546723371371627, 6209145.881060540676117 ], [ 358370.546723371371627, 6209145.881060540676117 ] ] ] } },
{ "type": "Feature", "properties": { "restaurant_count": 0 }, "geometry": { "type": "Polygon", "coordinates": [ [ [ 358370.546723371371627, 6209645.881060540676117 ], [ 358370.546723371371627, 6210145.881060540676117 ], [ 357870.546723371371627, 6210145.881060540676117 ], [ 357870.546723371371627, 6209645.881060540676117 ], [ 358370.546723371371627, 6209645.881060540676117 ] ] ] } },
{ "type": "Feature", "properties": { "restaurant_count": 2 }, "geometry": { "type": "Polygon", "coordinates": [ [ [ 358370.546723371371627, 6210145.881060540676117 ], [ 358370.546723371371627, 6210645.881060540676117 ], [ 357870.546723371371627, 6210645.881060540676117 ], [ 357870.546723371371627, 6210145.881060540676117 ], [ 358370.546723371371627, 6210145.881060540676117 ] ] ] } },
{ "type": "Feature", "properties": { "restaurant_count": 0 }, "geometry": { "type": "Polygon", "coordinates": [ [ [ 358370.546723371371627, 6210645.881060540676117 ], [ 358370.546723371371627, 6211145.881060540676117 ], [ 357870.546723371371627, 6211145.881060540676117 ], [ 357870.546723371371627, 6210645.881060540676117 ], [ 358370.546723371371627, 6210645.881060540676117 ] ] ] } },
{ "type": "Feature", "properties": { "restaurant_count": 1 }, "geometry": { "type": "Polygon", "coordinates": [ [ [ 358370.546723371371627, 6211145.881060540676117 ], [ 358370.546723371371627, 6211645.881060540676117 ], [ 357870.546723371371627, 6211645.881060540676117 ], [ 357870.546723371371627, 6211145.881060540676117 ], [ 358370.546723371371627, 6211145.881060540676117 ] ] ] } },
{ "type": "Feature", "properties": { "restaurant_count": 0 }, "geometry": { "type": "Polygon", "coordinates": [ [ [ 358370.546723371371627, 6211645.881060540676117 ], [ 358370.546723371371627, 6212145.881060540676117 ], [ 357870.546723371371627, 6212145.881060540676117 ], [ 357870.546723371371627, 6211645.881060540676117 ], [ 358370.546723371371627, 6211645.881060540676117 ] ] ] } },
{ "type": "Feature", "properties": { "restaurant_count": 0 }, "geometry": { "type": "Polygon", "coordinates": [ [ [ 358370.546723371371627, 6212145.881060540676117 ], [ 358370.546723371371627, 6212645.881060540676117 ], [ 357870.546723371371627, 6212645.881060540676117 ], [ 357870.546723371371627, 6212145.881060540676117 ], [ 358370.546723371371627, 6212145.881060540676117 ] ] ] } },
{ "type": "Feature", "properties": { "restaurant_count": 0 }, "geometry": { "type": "Polygon", "coordinates": [ [ [ 358370.546723371371627, 6212645.881060540676117 ], [ 358370.546723371371627, 6213145.881060540676117 ], [ 357870.546723371371627, 6213145.881060540676117 ], [ 357870.546723371371627, 6212645.881060540676117 ], [ 358370.546723371371627, 6212645.881060540676117 ] ] ] } },
{ "type": "Feature", "properties": { "restaurant_count": 0 }, "geometry": { "type": "Polygon", "coordinates": [ [ [ 358370.546723371371627, 6213145.881060540676117 ], [ 358370.546723371371627, 6213645.881060540676117 ], [ 357870.546723371371627, 6213645.881060540676117 ], [ 357870.546723371371627, 6213145.881060540676117 ], [ 358370.546723371371627, 6213145.881060540676117 ] ] ] } },
{ "type": "Feature", "properties": { "restaurant_count": 0 }, "geometry": { "type": "Polygon", "coordinates": [ [ [ 358370.546723371371627, 6213645.881060540676117 ], [ 358370.546723371371627, 6214145.881060540676117 ], [ 357870.546723371371627, 6214145.881060540676117 ], [ 357870.546723371371627, 6213645.881060540676117 ], [ 358370.546723371371627, 6213645.881060540676117 ] ] ] } },
{ "type": "Feature", "properties": { "restaurant_count": 0 }, "geometry": { "type": "Polygon", "coordinates": [ [ [ 358370.546723371371627, 6214145.881060540676117 ], [ 358370.546723371371627, 6214645.881060540676117 ], [ 357870.546723371371627, 6214645.881060540676117 ], [ 357870.546723371371627, 6214145.881060540676117 ], [ 358370.546723371371627, 6214145.881060540676117 ] ] ] } },
{ "type": "Feature", "properties": { "restaurant_count": 0 }, "geometry": { "type": "Polygon", "coordinates": [ [ [ 358370.546723371371627, 6214645.881060540676117 ], [ 358370.546723371371627, 6215145.881060540676117 ], [ 357870.546723371371627, 6215145.881060540676117 ], [ 357870.546723371371627, 6214645.881060540676117 ], [ 358370.546723371371627, 6214645.881060540676117 ] ] ] } },
{ "type": "Feature", "properties": { "restaurant_count": 1 }, "geometry": { "type": "Polygon", "coordinates": [ [ [ 358370.546723371371627, 6215145.881060540676117 ], [ 358370.546723371371627, 6215645.881060540676117 ], [ 357870.546723371371627, 6215645.881060540676117 ], [ 357870.546723371371627, 6215145.881060540676117 ], [ 358370.546723371371627, 6215145.881060540676117 ] ] ] } },
{ "type": "Feature", "properties": { "restaurant_count": 1 }, "geometry": { "type": "Polygon", "coordinates": [ [ [ 358370.546723371371627, 6215645.881060540676117 ], [ 358370.546723371371627, 6216145.881060540676117 ], [ 357870.546723371371627, 6216145.881060540676117 ], [ 357870.546723371371627, 6215645.881060540676117 ], [ 358370.546723371371627, 6215645.881060540676117 ] ] ] } },
{ "type": "Feature", "properties": { "restaurant_count": 0 }, "geometry": { "type": "Polygon", "coordinates": [ [ [ 358370.546723371371627, 6216145.881060540676117 ], [ 358370.546723371371627, 6216645.881060540676117 ], [ 357870.546723371371627, 6216645.881060540676117 ], [ 357870.546723371371627, 6216145.881060540676117 ], [ 358370.546723371371627, 6216145.881060540676117 ] ] ] } },
{ "type": "Feature", "properties": { "restaurant_count": 0 }, "geometry": { "type": "Polygon", "coordinates": [ [ [ 358370.546723371371627, 6216645.881060540676117 ], [ 358370.546723371371627, 6217145.881060540676117 ], [ 357870.546723371371627, 6217145.881060540676117 ], [ 357870.546723371371627, 6216645.881060540676117 ], [ 358370.546723371371627, 6216645.881060540676117 ] ] ] } },
{ "type": "Feature", "properties": { "restaurant_count": 0 }, "geometry": { "type": "Polygon", "coordinates": [ [ [ 358370.546723371371627, 6217145.881060540676117 ], [ 358370.546723371371627, 6217645.881060540676117 ], [ 357870.546723371371627, 6217645.881060540676117 ], [ 357870.546723371371627, 6217145.881060540676117 ], [ 358370.546723371371627, 6217145.881060540676117 ] ] ] } },
{ "type": "Feature", "properties": { "restaurant_count": 0 }, "geometry": { "type": "Polygon", "coordinates": [ [ [ 358370.546723371371627, 6217645.881060540676117 ], [ 358370.546723371371627, 6218145.881060540676117 ], [ 357870.546723371371627, 6218145.881060540676117 ], [ 357870.546723371371627, 6217645.881060540676117 ], [ 358370.546723371371627, 6217645.881060540676117 ] ] ] } },
{ "type": "Feature", "properties": { "restaurant_count": 0 }, "geometry": { "type": "Polygon", "coordinates": [ [ [ 358370.546723371371627, 6218145.881060540676117 ], [ 358370.546723371371627, 6218645.881060540676117 ], [ 357870.546723371371627, 6218645.881060540676117 ], [ 357870.546723371371627, 6218145.881060540676117 ], [ 358370.546723371371627, 6218145.881060540676117 ] ] ] } },
{ "type": "Feature", "properties": { "restaurant_count": 0 }, "geometry": { "type": "Polygon", "coordinates": [ [ [ 358370.546723371371627, 6218645.881060540676117 ], [ 358370.546723371371627, 6219145.881060540676117 ], [ 357870.546723371371627, 6219145.881060540676117 ], [ 357870.546723371371627, 6218645.881060540676117 ], [ 358370.546723371371627, 6218645.881060540676117 ] ] ] } },
{ "type": "Feature", "properties": { "restaurant_count": 0 }, "geometry": { "type": "Polygon", "coordinates": [ [ [ 358370.546723371371627, 6219145.881060540676117 ], [ 358370.546723371371627, 6219645.881060540676117 ], [ 357870.546723371371627, 6219645.881060540676117 ], [ 357870.546723371371627, 6219145.881060540676117 ], [ 358370.546723371371627, 6219145.881060540676117 ] ] ] } },
{ "type": "Feature", "properties": { "restaurant_count": 0 }, "geometry": { "type": "Polygon", "coordinates": [ [ [ 358370.546723371371627, 6219645.881060540676117 ], [ 358370.546723371371627, 6220145.881060540676117 ], [ 357870.546723371371627, 6220145.881060540676117 ], [ 357870.546723371371627, 6219645.881060540676117 ], [ 358370.546723371371627, 6219645.881060540676117 ] ] ] } },
{ "type": "Feature", "properties": { "restaurant_count": 0 }, "geometry": { "type": "Polygon", "coordinates": [ [ [ 358370.546723371371627, 6220145.881060540676117 ], [ 358370.546723371371627, 6220645.881060540676117 ], [ 357870.546723371371627, 6220645.881060540676117 ], [ 357870.546723371371627, 6220145.881060540676117 ], [ 358370.546723371371627, 6220145.881060540676117 ] ] ] } },
{ "type": "Feature", "properties": { "restaurant_count": 0 }, "geometry": { "type": "Polygon", "coordinates": [ [ [ 358370.546723371371627, 6220645.881060540676117 ], [ 358370.546723371371627, 6221145.881060540676117 ], [ 357870.546723371371627, 6221145.881060540676117 ], [ 357870.546723371371627, 6220645.881060540676117 ], [ 358370.546723371371627, 6220645.881060540676117 ] ] ] } },
{ "type": "Feature", "properties": { "restaurant_count": 0 }, "geometry": { "type": "Polygon", "coordinates": [ [ [ 358370.546723371371627, 6221145.881060540676117 ], [ 358370.546723371371627, 6221645.881060540676117 ], [ 357870.546723371371627, 6221645.881060540676117 ], [ 357870.546723371371627, 6221145.881060540676117 ], [ 358370.546723371371627, 6221145.881060540676117 ] ] ] } },
{ "type": "Feature", "properties": { "restaurant_count": 0 }, "geometry": { "type": "Polygon", "coordinates": [ [ [ 358370.546723371371627, 6221645.881060540676117 ], [ 358370.546723371371627, 6222145.881060540676117 ], [ 357870.546723371371627, 6222145.881060540676117 ], [ 357870.546723371371627, 6221645.881060540676117 ], [ 358370.546723371371627, 6221645.881060540676117 ] ] ] } },
{ "type": "Feature", "properties": { "restaurant_count": 0 }, "geometry": { "type": "Polygon", "coordinates": [ [ [ 358370.546723371371627, 6222145.881060540676117 ], [ 358370.546723371371627, 6222645.881060540676117 ], [ 357870.546723371371627, 6222645.881060540676117 ], [ 357870.546723371371627, 6222145.881060540676117 ], [ 358370.546723371371627, 6222145.881060540676117 ] ] ] } },
{ "type": "Feature", "properties": { "restaurant_count": 0 }, "geometry": { "type": "Polygon", "coordinates": [ [ [ 358370.546723371371627, 6222645.881060540676117 ], [ 358370.546723371371627, 6223145.881060540676117 ], [ 357870.546723371371627, 6223145.881060540676117 ], [ 357870.546723371371627, 6222645.881060540676117 ], [ 358370.546723371371627, 6222645.881060540676117 ] ] ] } },
{ "type": "Feature", "properties": { "restaurant_count": 1 }, "geometry": { "type": "Polygon", "coordinates": [ [ [ 358370.546723371371627, 6223145.881060540676117 ], [ 358370.546723371371627, 6223645.881060540676117 ], [ 357870.546723371371627, 6223645.881060540676117 ], [ 357870.546723371371627, 6223145.881060540676117 ], [ 358370.546723371371627, 6223145.881060540676117 ] ] ] } },
{ "type": "Feature", "properties": { "restaurant_count": 0 }, "geometry": { "type": "Polygon", "coordinates": [ [ [ 358870.546723371371627, 6203145.881060540676117 ], [ 358870.546723371371627, 6203645.881060540676117 ], [ 358370.546723371371627, 6203645.881060540676117 ], [ 358370.546723371371627, 6203145.881060540676117 ], [ 358870.546723371371627, 6203145.881060540676117 ] ] ] } },
{ "type": "Feature", "properties": { "restaurant_count": 0 }, "geometry": { "type": "Polygon", "coordinates": [ [ [ 358870.546723371371627, 6203645.881060540676117 ], [ 358870.546723371371627, 6204145.881060540676117 ], [ 358370.546723371371627, 6204145.881060540676117 ], [ 358370.546723371371627, 6203645.881060540676117 ], [ 358870.546723371371627, 6203645.881060540676117 ] ] ] } },
{ "type": "Feature", "properties": { "restaurant_count": 0 }, "geometry": { "type": "Polygon", "coordinates": [ [ [ 358870.546723371371627, 6204145.881060540676117 ], [ 358870.546723371371627, 6204645.881060540676117 ], [ 358370.546723371371627, 6204645.881060540676117 ], [ 358370.546723371371627, 6204145.881060540676117 ], [ 358870.546723371371627, 6204145.881060540676117 ] ] ] } },
{ "type": "Feature", "properties": { "restaurant_count": 0 }, "geometry": { "type": "Polygon", "coordinates": [ [ [ 358870.546723371371627, 6204645.881060540676117 ], [ 358870.546723371371627, 6205145.881060540676117 ], [ 358370.546723371371627, 6205145.881060540676117 ], [ 358370.546723371371627, 6204645.881060540676117 ], [ 358870.546723371371627, 6204645.881060540676117 ] ] ] } },
{ "type": "Feature", "properties": { "restaurant_count": 0 }, "geometry": { "type": "Polygon", "coordinates": [ [ [ 358870.546723371371627, 6205145.881060540676117 ], [ 358870.546723371371627, 6205645.881060540676117 ], [ 358370.546723371371627, 6205645.881060540676117 ], [ 358370.546723371371627, 6205145.881060540676117 ], [ 358870.546723371371627, 6205145.881060540676117 ] ] ] } },
{ "type": "Feature", "properties": { "restaurant_count": 0 }, "geometry": { "type": "Polygon", "coordinates": [ [ [ 358870.546723371371627, 6205645.881060540676117 ], [ 358870.546723371371627, 6206145.881060540676117 ], [ 358370.546723371371627, 6206145.881060540676117 ], [ 358370.546723371371627, 6205645.881060540676117 ], [ 358870.546723371371627, 6205645.881060540676117 ] ] ] } },
{ "type": "Feature", "properties": { "restaurant_count": 0 }, "geometry": { "type": "Polygon", "coordinates": [ [ [ 358870.546723371371627, 6206145.881060540676117 ], [ 358870.546723371371627, 6206645.881060540676117 ], [ 358370.546723371371627, 6206645.881060540676117 ], [ 358370.546723371371627, 6206145.881060540676117 ], [ 358870.546723371371627, 6206145.881060540676117 ] ] ] } },
{ "type": "Feature", "properties": { "restaurant_count": 0 }, "geometry": { "type": "Polygon", "coordinates": [ [ [ 358870.546723371371627, 6206645.881060540676117 ], [ 358870.546723371371627, 6207145.881060540676117 ], [ 358370.546723371371627, 6207145.881060540676117 ], [ 358370.546723371371627, 6206645.881060540676117 ], [ 358870.546723371371627, 6206645.881060540676117 ] ] ] } },
{ "type": "Feature", "properties": { "restaurant_count": 0 }, "geometry": { "type": "Polygon", "coordinates": [ [ [ 358870.546723371371627, 6207145.881060540676117 ], [ 358870.546723371371627, 6207645.881060540676117 ], [ 358370.546723371371627, 6207645.881060540676117 ], [ 358370.546723371371627, 6207145.881060540676117 ], [ 358870.546723371371627, 6207145.881060540676117 ] ] ] } },
{ "type": "Feature", "properties": { "restaurant_count": 0 }, "geometry": { "type": "Polygon", "coordinates": [ [ [ 358870.546723371371627, 6207645.881060540676117 ], [ 358870.546723371371627, 6208145.881060540676117 ], [ 358370.546723371371627, 6208145.881060540676117 ], [ 358370.546723371371627, 6207645.881060540676117 ], [ 358870.546723371371627, 6207645.881060540676117 ] ] ] } },
{ "type": "Feature", "properties": { "restaurant_count": 0 }, "geometry": { "type": "Polygon", "coordinates": [ [ [ 358870.546723371371627, 6208145.881060540676117 ], [ 358870.546723371371627, 6208645.881060540676117 ], [ 358370.546723371371627, 6208645.881060540676117 ], [ 358370.546723371371627, 6208145.881060540676117 ], [ 358870.546723371371627, 6208145.881060540676117 ] ] ] } },
{ "type": "Feature", "properties": { "restaurant_count": 1 }, "geometry": { "type": "Polygon", "coordinates": [ [ [ 358870.546723371371627, 6208645.881060540676117 ], [ 358870.546723371371627, 6209145.881060540676117 ], [ 358370.546723371371627, 6209145.881060540676117 ], [ 358370.546723371371627, 6208645.881060540676117 ], [ 358870.546723371371627, 6208645.881060540676117 ] ] ] } },
{ "type": "Feature", "properties": { "restaurant_count": 0 }, "geometry": { "type": "Polygon", "coordinates": [ [ [ 358870.546723371371627, 6209145.881060540676117 ], [ 358870.546723371371627, 6209645.881060540676117 ], [ 358370.546723371371627, 6209645.881060540676117 ], [ 358370.546723371371627, 6209145.881060540676117 ], [ 358870.546723371371627, 6209145.881060540676117 ] ] ] } },
{ "type": "Feature", "properties": { "restaurant_count": 0 }, "geometry": { "type": "Polygon", "coordinates": [ [ [ 358870.546723371371627, 6209645.881060540676117 ], [ 358870.546723371371627, 6210145.881060540676117 ], [ 358370.546723371371627, 6210145.881060540676117 ], [ 358370.546723371371627, 6209645.881060540676117 ], [ 358870.546723371371627, 6209645.881060540676117 ] ] ] } },
{ "type": "Feature", "properties": { "restaurant_count": 0 }, "geometry": { "type": "Polygon", "coordinates": [ [ [ 358870.546723371371627, 6210145.881060540676117 ], [ 358870.546723371371627, 6210645.881060540676117 ], [ 358370.546723371371627, 6210645.881060540676117 ], [ 358370.546723371371627, 6210145.881060540676117 ], [ 358870.546723371371627, 6210145.881060540676117 ] ] ] } },
{ "type": "Feature", "properties": { "restaurant_count": 0 }, "geometry": { "type": "Polygon", "coordinates": [ [ [ 358870.546723371371627, 6210645.881060540676117 ], [ 358870.546723371371627, 6211145.881060540676117 ], [ 358370.546723371371627, 6211145.881060540676117 ], [ 358370.546723371371627, 6210645.881060540676117 ], [ 358870.546723371371627, 6210645.881060540676117 ] ] ] } },
{ "type": "Feature", "properties": { "restaurant_count": 0 }, "geometry": { "type": "Polygon", "coordinates": [ [ [ 358870.546723371371627, 6211145.881060540676117 ], [ 358870.546723371371627, 6211645.881060540676117 ], [ 358370.546723371371627, 6211645.881060540676117 ], [ 358370.546723371371627, 6211145.881060540676117 ], [ 358870.546723371371627, 6211145.881060540676117 ] ] ] } },
{ "type": "Feature", "properties": { "restaurant_count": 0 }, "geometry": { "type": "Polygon", "coordinates": [ [ [ 358870.546723371371627, 6211645.881060540676117 ], [ 358870.546723371371627, 6212145.881060540676117 ], [ 358370.546723371371627, 6212145.881060540676117 ], [ 358370.546723371371627, 6211645.881060540676117 ], [ 358870.546723371371627, 6211645.881060540676117 ] ] ] } },
{ "type": "Feature", "properties": { "restaurant_count": 0 }, "geometry": { "type": "Polygon", "coordinates": [ [ [ 358870.546723371371627, 6212145.881060540676117 ], [ 358870.546723371371627, 6212645.881060540676117 ], [ 358370.546723371371627, 6212645.881060540676117 ], [ 358370.546723371371627, 6212145.881060540676117 ], [ 358870.546723371371627, 6212145.881060540676117 ] ] ] } },
{ "type": "Feature", "properties": { "restaurant_count": 0 }, "geometry": { "type": "Polygon", "coordinates": [ [ [ 358870.546723371371627, 6212645.881060540676117 ], [ 358870.546723371371627, 6213145.881060540676117 ], [ 358370.546723371371627, 6213145.881060540676117 ], [ 358370.546723371371627, 6212645.881060540676117 ], [ 358870.546723371371627, 6212645.881060540676117 ] ] ] } },
{ "type": "Feature", "properties": { "restaurant_count": 0 }, "geometry": { "type": "Polygon", "coordinates": [ [ [ 358870.546723371371627, 6213145.881060540676117 ], [ 358870.546723371371627, 6213645.881060540676117 ], [ 358370.546723371371627, 6213645.881060540676117 ], [ 358370.546723371371627, 6213145.881060540676117 ], [ 358870.546723371371627, 6213145.881060540676117 ] ] ] } },
{ "type": "Feature", "properties": { "restaurant_count": 1 }, "geometry": { "type": "Polygon", "coordinates": [ [ [ 358870.546723371371627, 6213645.881060540676117 ], [ 358870.546723371371627, 6214145.881060540676117 ], [ 358370.546723371371627, 6214145.881060540676117 ], [ 358370.546723371371627, 6213645.881060540676117 ], [ 358870.546723371371627, 6213645.881060540676117 ] ] ] } },
{ "type": "Feature", "properties": { "restaurant_count": 0 }, "geometry": { "type": "Polygon", "coordinates": [ [ [ 358870.546723371371627, 6214145.881060540676117 ], [ 358870.546723371371627, 6214645.881060540676117 ], [ 358370.546723371371627, 6214645.881060540676117 ], [ 358370.546723371371627, 6214145.881060540676117 ], [ 358870.546723371371627, 6214145.881060540676117 ] ] ] } },
{ "type": "Feature", "properties": { "restaurant_count": 0 }, "geometry": { "type": "Polygon", "coordinates": [ [ [ 358870.546723371371627, 6214645.881060540676117 ], [ 358870.546723371371627, 6215145.881060540676117 ], [ 358370.546723371371627, 6215145.881060540676117 ], [ 358370.546723371371627, 6214645.881060540676117 ], [ 358870.546723371371627, 6214645.881060540676117 ] ] ] } },
{ "type": "Feature", "properties": { "restaurant_count": 1 }, "geometry": { "type": "Polygon", "coordinates": [ [ [ 358870.546723371371627, 6215145.881060540676117 ], [ 358870.546723371371627, 6215645.881060540676117 ], [ 358370.546723371371627, 6215645.881060540676117 ], [ 358370.546723371371627, 6215145.881060540676117 ], [ 358870.546723371371627, 6215145.881060540676117 ] ] ] } },
{ "type": "Feature", "properties": { "restaurant_count": 0 }, "geometry": { "type": "Polygon", "coordinates": [ [ [ 358870.546723371371627, 6215645.881060540676117 ], [ 358870.546723371371627, 6216145.881060540676117 ], [ 358370.546723371371627, 6216145.881060540676117 ], [ 358370.546723371371627, 6215645.881060540676117 ], [ 358870.546723371371627, 6215645.881060540676117 ] ] ] } },
{ "type": "Feature", "properties": { "restaurant_count": 0 }, "geometry": { "type": "Polygon", "coordinates": [ [ [ 358870.546723371371627, 6216145.881060540676117 ], [ 358870.546723371371627, 6216645.881060540676117 ], [ 358370.546723371371627, 6216645.881060540676117 ], [ 358370.546723371371627, 6216145.881060540676117 ], [ 358870.546723371371627, 6216145.881060540676117 ] ] ] } },
{ "type": "Feature", "properties": { "restaurant_count": 1 }, "geometry": { "type": "Polygon", "coordinates": [ [ [ 358870.546723371371627, 6216645.881060540676117 ], [ 358870.546723371371627, 6217145.881060540676117 ], [ 358370.546723371371627, 6217145.881060540676117 ], [ 358370.546723371371627, 6216645.881060540676117 ], [ 358870.546723371371627, 6216645.881060540676117 ] ] ] } },
{ "type": "Feature", "properties": { "restaurant_count": 0 }, "geometry": { "type": "Polygon", "coordinates": [ [ [ 358870.546723371371627, 6217145.881060540676117 ], [ 358870.546723371371627, 6217645.881060540676117 ], [ 358370.546723371371627, 6217645.881060540676117 ], [ 358370.546723371371627, 6217145.881060540676117 ], [ 358870.546723371371627, 6217145.881060540676117 ] ] ] } },
{ "type": "Feature", "properties": { "restaurant_count": 0 }, "geometry": { "type": "Polygon", "coordinates": [ [ [ 358870.546723371371627, 6217645.881060540676117 ], [ 358870.546723371371627, 6218145.881060540676117 ], [ 358370.546723371371627, 6218145.881060540676117 ], [ 358370.546723371371627, 6217645.881060540676117 ], [ 358870.546723371371627, 6217645.881060540676117 ] ] ] } },
{ "type": "Feature", "properties": { "restaurant_count": 0 }, "geometry": { "type": "Polygon", "coordinates": [ [ [ 358870.546723371371627, 6218145.881060540676117 ], [ 358870.546723371371627, 6218645.881060540676117 ], [ 358370.546723371371627, 6218645.881060540676117 ], [ 358370.546723371371627, 6218145.881060540676117 ], [ 358870.546723371371627, 6218145.881060540676117 ] ] ] } },
{ "type": "Feature", "properties": { "restaurant_count": 0 }, "geometry": { "type": "Polygon", "coordinates": [ [ [ 358870.546723371371627, 6218645.881060540676117 ], [ 358870.546723371371627, 6219145.881060540676117 ], [ 358370.546723371371627, 6219145.881060540676117 ], [ 358370.546723371371627, 6218645.881060540676117 ], [ 358870.546723371371627, 6218645.881060540676117 ] ] ] } },
{ "type": "Feature", "properties": { "restaurant_count": 0 }, "geometry": { "type": "Polygon", "coordinates": [ [ [ 358870.546723371371627, 6219145.881060540676117 ], [ 358870.546723371371627, 6219645.881060540676117 ], [ 358370.546723371371627, 6219645.881060540676117 ], [ 358370.546723371371627, 6219145.881060540676117 ], [ 358870.546723371371627, 6219145.881060540676117 ] ] ] } },
{ "type": "Feature", "properties": { "restaurant_count": 0 }, "geometry": { "type": "Polygon", "coordinates": [ [ [ 358870.546723371371627, 6219645.881060540676117 ], [ 358870.546723371371627, 6220145.881060540676117 ], [ 358370.546723371371627, 6220145.881060540676117 ], [ 358370.546723371371627, 6219645.881060540676117 ], [ 358870.546723371371627, 6219645.881060540676117 ] ] ] } },
{ "type": "Feature", "properties": { "restaurant_count": 0 }, "geometry": { "type": "Polygon", "coordinates": [ [ [ 358870.546723371371627, 6220145.881060540676117 ], [ 358870.546723371371627, 6220645.881060540676117 ], [ 358370.546723371371627, 6220645.881060540676117 ], [ 358370.546723371371627, 6220145.881060540676117 ], [ 358870.546723371371627, 6220145.881060540676117 ] ] ] } },
{ "type": "Feature", "properties": { "restaurant_count": 0 }, "geometry": { "type": "Polygon", "coordinates": [ [ [ 358870.546723371371627, 6220645.881060540676117 ], [ 358870.546723371371627, 6221145.881060540676117 ], [ 358370.546723371371627, 6221145.881060540676117 ], [ 358370.546723371371627, 6220645.881060540676117 ], [ 358870.546723371371627, 6220645.881060540676117 ] ] ] } },
{ "type": "Feature", "properties": { "restaurant_count": 0 }, "geometry": { "type": "Polygon", "coordinates": [ [ [ 358870.546723371371627, 6221145.881060540676117 ], [ 358870.546723371371627, 6221645.881060540676117 ], [ 358370.546723371371627, 6221645.881060540676117 ], [ 358370.546723371371627, 6221145.881060540676117 ], [ 358870.546723371371627, 6221145.881060540676117 ] ] ] } },
{ "type": "Feature", "properties": { "restaurant_count": 0 }, "geometry": { "type": "Polygon", "coordinates": [ [ [ 358870.546723371371627, 6221645.881060540676117 ], [ 358870.546723371371627, 6222145.881060540676117 ], [ 358370.546723371371627, 6222145.881060540676117 ], [ 358370.546723371371627, 6221645.881060540676117 ], [ 358870.546723371371627, 6221645.881060540676117 ] ] ] } },
{ "type": "Feature", "properties": { "restaurant_count": 0 }, "geometry": { "type": "Polygon", "coordinates": [ [ [ 358870.546723371371627, 6222145.881060540676117 ], [ 358870.546723371371627, 6222645.881060540676117 ], [ 358370.546723371371627, 6222645.881060540676117 ], [ 358370.546723371371627, 6222145.881060540676117 ], [ 358870.546723371371627, 6222145.881060540676117 ] ] ] } },
{ "type": "Feature", "properties": { "restaurant_count": 0 }, "geometry": { "type": "Polygon", "coordinates": [ [ [ 358870.546723371371627, 6222645.881060540676117 ], [ 358870.546723371371627, 6223145.881060540676117 ], [ 358370.546723371371627, 6223145.881060540676117 ], [ 358370.546723371371627, 6222645.881060540676117 ], [ 358870.546723371371627, 6222645.881060540676117 ] ] ] } },
{ "type": "Feature", "properties": { "restaurant_count": 0 }, "geometry": { "type": "Polygon", "coordinates": [ [ [ 358870.546723371371627, 6223145.881060540676117 ], [ 358870.546723371371627, 6223645.881060540676117 ], [ 358370.546723371371627, 6223645.881060540676117 ], [ 358370.546723371371627, 6223145.881060540676117 ], [ 358870.546723371371627, 6223145.881060540676117 ] ] ] } },
{ "type": "Feature", "properties": { "restaurant_count": 0 }, "geometry": { "type": "Polygon", "coordinates": [ [ [ 359370.546723371371627, 6203145.881060540676117 ], [ 359370.546723371371627, 6203645.881060540676117 ], [ 358870.546723371371627, 6203645.881060540676117 ], [ 358870.546723371371627, 6203145.881060540676117 ], [ 359370.546723371371627, 6203145.881060540676117 ] ] ] } },
{ "type": "Feature", "properties": { "restaurant_count": 0 }, "geometry": { "type": "Polygon", "coordinates": [ [ [ 359370.546723371371627, 6203645.881060540676117 ], [ 359370.546723371371627, 6204145.881060540676117 ], [ 358870.546723371371627, 6204145.881060540676117 ], [ 358870.546723371371627, 6203645.881060540676117 ], [ 359370.546723371371627, 6203645.881060540676117 ] ] ] } },
{ "type": "Feature", "properties": { "restaurant_count": 0 }, "geometry": { "type": "Polygon", "coordinates": [ [ [ 359370.546723371371627, 6204145.881060540676117 ], [ 359370.546723371371627, 6204645.881060540676117 ], [ 358870.546723371371627, 6204645.881060540676117 ], [ 358870.546723371371627, 6204145.881060540676117 ], [ 359370.546723371371627, 6204145.881060540676117 ] ] ] } },
{ "type": "Feature", "properties": { "restaurant_count": 0 }, "geometry": { "type": "Polygon", "coordinates": [ [ [ 359370.546723371371627, 6204645.881060540676117 ], [ 359370.546723371371627, 6205145.881060540676117 ], [ 358870.546723371371627, 6205145.881060540676117 ], [ 358870.546723371371627, 6204645.881060540676117 ], [ 359370.546723371371627, 6204645.881060540676117 ] ] ] } },
{ "type": "Feature", "properties": { "restaurant_count": 0 }, "geometry": { "type": "Polygon", "coordinates": [ [ [ 359370.546723371371627, 6205145.881060540676117 ], [ 359370.546723371371627, 6205645.881060540676117 ], [ 358870.546723371371627, 6205645.881060540676117 ], [ 358870.546723371371627, 6205145.881060540676117 ], [ 359370.546723371371627, 6205145.881060540676117 ] ] ] } },
{ "type": "Feature", "properties": { "restaurant_count": 0 }, "geometry": { "type": "Polygon", "coordinates": [ [ [ 359370.546723371371627, 6205645.881060540676117 ], [ 359370.546723371371627, 6206145.881060540676117 ], [ 358870.546723371371627, 6206145.881060540676117 ], [ 358870.546723371371627, 6205645.881060540676117 ], [ 359370.546723371371627, 6205645.881060540676117 ] ] ] } },
{ "type": "Feature", "properties": { "restaurant_count": 0 }, "geometry": { "type": "Polygon", "coordinates": [ [ [ 359370.546723371371627, 6206145.881060540676117 ], [ 359370.546723371371627, 6206645.881060540676117 ], [ 358870.546723371371627, 6206645.881060540676117 ], [ 358870.546723371371627, 6206145.881060540676117 ], [ 359370.546723371371627, 6206145.881060540676117 ] ] ] } },
{ "type": "Feature", "properties": { "restaurant_count": 0 }, "geometry": { "type": "Polygon", "coordinates": [ [ [ 359370.546723371371627, 6206645.881060540676117 ], [ 359370.546723371371627, 6207145.881060540676117 ], [ 358870.546723371371627, 6207145.881060540676117 ], [ 358870.546723371371627, 6206645.881060540676117 ], [ 359370.546723371371627, 6206645.881060540676117 ] ] ] } },
{ "type": "Feature", "properties": { "restaurant_count": 0 }, "geometry": { "type": "Polygon", "coordinates": [ [ [ 359370.546723371371627, 6207145.881060540676117 ], [ 359370.546723371371627, 6207645.881060540676117 ], [ 358870.546723371371627, 6207645.881060540676117 ], [ 358870.546723371371627, 6207145.881060540676117 ], [ 359370.546723371371627, 6207145.881060540676117 ] ] ] } },
{ "type": "Feature", "properties": { "restaurant_count": 2 }, "geometry": { "type": "Polygon", "coordinates": [ [ [ 359370.546723371371627, 6207645.881060540676117 ], [ 359370.546723371371627, 6208145.881060540676117 ], [ 358870.546723371371627, 6208145.881060540676117 ], [ 358870.546723371371627, 6207645.881060540676117 ], [ 359370.546723371371627, 6207645.881060540676117 ] ] ] } },
{ "type": "Feature", "properties": { "restaurant_count": 5 }, "geometry": { "type": "Polygon", "coordinates": [ [ [ 359370.546723371371627, 6208145.881060540676117 ], [ 359370.546723371371627, 6208645.881060540676117 ], [ 358870.546723371371627, 6208645.881060540676117 ], [ 358870.546723371371627, 6208145.881060540676117 ], [ 359370.546723371371627, 6208145.881060540676117 ] ] ] } },
{ "type": "Feature", "properties": { "restaurant_count": 0 }, "geometry": { "type": "Polygon", "coordinates": [ [ [ 359370.546723371371627, 6208645.881060540676117 ], [ 359370.546723371371627, 6209145.881060540676117 ], [ 358870.546723371371627, 6209145.881060540676117 ], [ 358870.546723371371627, 6208645.881060540676117 ], [ 359370.546723371371627, 6208645.881060540676117 ] ] ] } },
{ "type": "Feature", "properties": { "restaurant_count": 0 }, "geometry": { "type": "Polygon", "coordinates": [ [ [ 359370.546723371371627, 6209145.881060540676117 ], [ 359370.546723371371627, 6209645.881060540676117 ], [ 358870.546723371371627, 6209645.881060540676117 ], [ 358870.546723371371627, 6209145.881060540676117 ], [ 359370.546723371371627, 6209145.881060540676117 ] ] ] } },
{ "type": "Feature", "properties": { "restaurant_count": 0 }, "geometry": { "type": "Polygon", "coordinates": [ [ [ 359370.546723371371627, 6209645.881060540676117 ], [ 359370.546723371371627, 6210145.881060540676117 ], [ 358870.546723371371627, 6210145.881060540676117 ], [ 358870.546723371371627, 6209645.881060540676117 ], [ 359370.546723371371627, 6209645.881060540676117 ] ] ] } },
{ "type": "Feature", "properties": { "restaurant_count": 0 }, "geometry": { "type": "Polygon", "coordinates": [ [ [ 359370.546723371371627, 6210145.881060540676117 ], [ 359370.546723371371627, 6210645.881060540676117 ], [ 358870.546723371371627, 6210645.881060540676117 ], [ 358870.546723371371627, 6210145.881060540676117 ], [ 359370.546723371371627, 6210145.881060540676117 ] ] ] } },
{ "type": "Feature", "properties": { "restaurant_count": 0 }, "geometry": { "type": "Polygon", "coordinates": [ [ [ 359370.546723371371627, 6210645.881060540676117 ], [ 359370.546723371371627, 6211145.881060540676117 ], [ 358870.546723371371627, 6211145.881060540676117 ], [ 358870.546723371371627, 6210645.881060540676117 ], [ 359370.546723371371627, 6210645.881060540676117 ] ] ] } },
{ "type": "Feature", "properties": { "restaurant_count": 0 }, "geometry": { "type": "Polygon", "coordinates": [ [ [ 359370.546723371371627, 6211145.881060540676117 ], [ 359370.546723371371627, 6211645.881060540676117 ], [ 358870.546723371371627, 6211645.881060540676117 ], [ 358870.546723371371627, 6211145.881060540676117 ], [ 359370.546723371371627, 6211145.881060540676117 ] ] ] } },
{ "type": "Feature", "properties": { "restaurant_count": 0 }, "geometry": { "type": "Polygon", "coordinates": [ [ [ 359370.546723371371627, 6211645.881060540676117 ], [ 359370.546723371371627, 6212145.881060540676117 ], [ 358870.546723371371627, 6212145.881060540676117 ], [ 358870.546723371371627, 6211645.881060540676117 ], [ 359370.546723371371627, 6211645.881060540676117 ] ] ] } },
{ "type": "Feature", "properties": { "restaurant_count": 0 }, "geometry": { "type": "Polygon", "coordinates": [ [ [ 359370.546723371371627, 6212145.881060540676117 ], [ 359370.546723371371627, 6212645.881060540676117 ], [ 358870.546723371371627, 6212645.881060540676117 ], [ 358870.546723371371627, 6212145.881060540676117 ], [ 359370.546723371371627, 6212145.881060540676117 ] ] ] } },
{ "type": "Feature", "properties": { "restaurant_count": 0 }, "geometry": { "type": "Polygon", "coordinates": [ [ [ 359370.546723371371627, 6212645.881060540676117 ], [ 359370.546723371371627, 6213145.881060540676117 ], [ 358870.546723371371627, 6213145.881060540676117 ], [ 358870.546723371371627, 6212645.881060540676117 ], [ 359370.546723371371627, 6212645.881060540676117 ] ] ] } },
{ "type": "Feature", "properties": { "restaurant_count": 0 }, "geometry": { "type": "Polygon", "coordinates": [ [ [ 359370.546723371371627, 6213145.881060540676117 ], [ 359370.546723371371627, 6213645.881060540676117 ], [ 358870.546723371371627, 6213645.881060540676117 ], [ 358870.546723371371627, 6213145.881060540676117 ], [ 359370.546723371371627, 6213145.881060540676117 ] ] ] } },
{ "type": "Feature", "properties": { "restaurant_count": 0 }, "geometry": { "type": "Polygon", "coordinates": [ [ [ 359370.546723371371627, 6213645.881060540676117 ], [ 359370.546723371371627, 6214145.881060540676117 ], [ 358870.546723371371627, 6214145.881060540676117 ], [ 358870.546723371371627, 6213645.881060540676117 ], [ 359370.546723371371627, 6213645.881060540676117 ] ] ] } },
{ "type": "Feature", "properties": { "restaurant_count": 0 }, "geometry": { "type": "Polygon", "coordinates": [ [ [ 359370.546723371371627, 6214145.881060540676117 ], [ 359370.546723371371627, 6214645.881060540676117 ], [ 358870.546723371371627, 6214645.881060540676117 ], [ 358870.546723371371627, 6214145.881060540676117 ], [ 359370.546723371371627, 6214145.881060540676117 ] ] ] } },
{ "type": "Feature", "properties": { "restaurant_count": 0 }, "geometry": { "type": "Polygon", "coordinates": [ [ [ 359370.546723371371627, 6214645.881060540676117 ], [ 359370.546723371371627, 6215145.881060540676117 ], [ 358870.546723371371627, 6215145.881060540676117 ], [ 358870.546723371371627, 6214645.881060540676117 ], [ 359370.546723371371627, 6214645.881060540676117 ] ] ] } },
{ "type": "Feature", "properties": { "restaurant_count": 0 }, "geometry": { "type": "Polygon", "coordinates": [ [ [ 359370.546723371371627, 6215145.881060540676117 ], [ 359370.546723371371627, 6215645.881060540676117 ], [ 358870.546723371371627, 6215645.881060540676117 ], [ 358870.546723371371627, 6215145.881060540676117 ], [ 359370.546723371371627, 6215145.881060540676117 ] ] ] } },
{ "type": "Feature", "properties": { "restaurant_count": 0 }, "geometry": { "type": "Polygon", "coordinates": [ [ [ 359370.546723371371627, 6215645.881060540676117 ], [ 359370.546723371371627, 6216145.881060540676117 ], [ 358870.546723371371627, 6216145.881060540676117 ], [ 358870.546723371371627, 6215645.881060540676117 ], [ 359370.546723371371627, 6215645.881060540676117 ] ] ] } },
{ "type": "Feature", "properties": { "restaurant_count": 0 }, "geometry": { "type": "Polygon", "coordinates": [ [ [ 359370.546723371371627, 6216145.881060540676117 ], [ 359370.546723371371627, 6216645.881060540676117 ], [ 358870.546723371371627, 6216645.881060540676117 ], [ 358870.546723371371627, 6216145.881060540676117 ], [ 359370.546723371371627, 6216145.881060540676117 ] ] ] } },
{ "type": "Feature", "properties": { "restaurant_count": 0 }, "geometry": { "type": "Polygon", "coordinates": [ [ [ 359370.546723371371627, 6216645.881060540676117 ], [ 359370.546723371371627, 6217145.881060540676117 ], [ 358870.546723371371627, 6217145.881060540676117 ], [ 358870.546723371371627, 6216645.881060540676117 ], [ 359370.546723371371627, 6216645.881060540676117 ] ] ] } },
{ "type": "Feature", "properties": { "restaurant_count": 0 }, "geometry": { "type": "Polygon", "coordinates": [ [ [ 359370.546723371371627, 6217145.881060540676117 ], [ 359370.546723371371627, 6217645.881060540676117 ], [ 358870.546723371371627, 6217645.881060540676117 ], [ 358870.546723371371627, 6217145.881060540676117 ], [ 359370.546723371371627, 6217145.881060540676117 ] ] ] } },
{ "type": "Feature", "properties": { "restaurant_count": 0 }, "geometry": { "type": "Polygon", "coordinates": [ [ [ 359370.546723371371627, 6217645.881060540676117 ], [ 359370.546723371371627, 6218145.881060540676117 ], [ 358870.546723371371627, 6218145.881060540676117 ], [ 358870.546723371371627, 6217645.881060540676117 ], [ 359370.546723371371627, 6217645.881060540676117 ] ] ] } },
{ "type": "Feature", "properties": { "restaurant_count": 0 }, "geometry": { "type": "Polygon", "coordinates": [ [ [ 359370.546723371371627, 6218145.881060540676117 ], [ 359370.546723371371627, 6218645.881060540676117 ], [ 358870.546723371371627, 6218645.881060540676117 ], [ 358870.546723371371627, 6218145.881060540676117 ], [ 359370.546723371371627, 6218145.881060540676117 ] ] ] } },
{ "type": "Feature", "properties": { "restaurant_count": 0 }, "geometry": { "type": "Polygon", "coordinates": [ [ [ 359370.546723371371627, 6218645.881060540676117 ], [ 359370.546723371371627, 6219145.881060540676117 ], [ 358870.546723371371627, 6219145.881060540676117 ], [ 358870.546723371371627, 6218645.881060540676117 ], [ 359370.546723371371627, 6218645.881060540676117 ] ] ] } },
{ "type": "Feature", "properties": { "restaurant_count": 0 }, "geometry": { "type": "Polygon", "coordinates": [ [ [ 359370.546723371371627, 6219145.881060540676117 ], [ 359370.546723371371627, 6219645.881060540676117 ], [ 358870.546723371371627, 6219645.881060540676117 ], [ 358870.546723371371627, 6219145.881060540676117 ], [ 359370.546723371371627, 6219145.881060540676117 ] ] ] } },
{ "type": "Feature", "properties": { "restaurant_count": 0 }, "geometry": { "type": "Polygon", "coordinates": [ [ [ 359370.546723371371627, 6219645.881060540676117 ], [ 359370.546723371371627, 6220145.881060540676117 ], [ 358870.546723371371627, 6220145.881060540676117 ], [ 358870.546723371371627, 6219645.881060540676117 ], [ 359370.546723371371627, 6219645.881060540676117 ] ] ] } },
{ "type": "Feature", "properties": { "restaurant_count": 0 }, "geometry": { "type": "Polygon", "coordinates": [ [ [ 359370.546723371371627, 6220145.881060540676117 ], [ 359370.546723371371627, 6220645.881060540676117 ], [ 358870.546723371371627, 6220645.881060540676117 ], [ 358870.546723371371627, 6220145.881060540676117 ], [ 359370.546723371371627, 6220145.881060540676117 ] ] ] } },
{ "type": "Feature", "properties": { "restaurant_count": 0 }, "geometry": { "type": "Polygon", "coordinates": [ [ [ 359370.546723371371627, 6220645.881060540676117 ], [ 359370.546723371371627, 6221145.881060540676117 ], [ 358870.546723371371627, 6221145.881060540676117 ], [ 358870.546723371371627, 6220645.881060540676117 ], [ 359370.546723371371627, 6220645.881060540676117 ] ] ] } },
{ "type": "Feature", "properties": { "restaurant_count": 0 }, "geometry": { "type": "Polygon", "coordinates": [ [ [ 359370.546723371371627, 6221145.881060540676117 ], [ 359370.546723371371627, 6221645.881060540676117 ], [ 358870.546723371371627, 6221645.881060540676117 ], [ 358870.546723371371627, 6221145.881060540676117 ], [ 359370.546723371371627, 6221145.881060540676117 ] ] ] } },
{ "type": "Feature", "properties": { "restaurant_count": 0 }, "geometry": { "type": "Polygon", "coordinates": [ [ [ 359370.546723371371627, 6221645.881060540676117 ], [ 359370.546723371371627, 6222145.881060540676117 ], [ 358870.546723371371627, 6222145.881060540676117 ], [ 358870.546723371371627, 6221645.881060540676117 ], [ 359370.546723371371627, 6221645.881060540676117 ] ] ] } },
{ "type": "Feature", "properties": { "restaurant_count": 0 }, "geometry": { "type": "Polygon", "coordinates": [ [ [ 359370.546723371371627, 6222145.881060540676117 ], [ 359370.546723371371627, 6222645.881060540676117 ], [ 358870.546723371371627, 6222645.881060540676117 ], [ 358870.546723371371627, 6222145.881060540676117 ], [ 359370.546723371371627, 6222145.881060540676117 ] ] ] } },
{ "type": "Feature", "properties": { "restaurant_count": 0 }, "geometry": { "type": "Polygon", "coordinates": [ [ [ 359370.546723371371627, 6222645.881060540676117 ], [ 359370.546723371371627, 6223145.881060540676117 ], [ 358870.546723371371627, 6223145.881060540676117 ], [ 358870.546723371371627, 6222645.881060540676117 ], [ 359370.546723371371627, 6222645.881060540676117 ] ] ] } },
{ "type": "Feature", "properties": { "restaurant_count": 0 }, "geometry": { "type": "Polygon", "coordinates": [ [ [ 359370.546723371371627, 6223145.881060540676117 ], [ 359370.546723371371627, 6223645.881060540676117 ], [ 358870.546723371371627, 6223645.881060540676117 ], [ 358870.546723371371627, 6223145.881060540676117 ], [ 359370.546723371371627, 6223145.881060540676117 ] ] ] } },
{ "type": "Feature", "properties": { "restaurant_count": 0 }, "geometry": { "type": "Polygon", "coordinates": [ [ [ 359870.546723371371627, 6203145.881060540676117 ], [ 359870.546723371371627, 6203645.881060540676117 ], [ 359370.546723371371627, 6203645.881060540676117 ], [ 359370.546723371371627, 6203145.881060540676117 ], [ 359870.546723371371627, 6203145.881060540676117 ] ] ] } },
{ "type": "Feature", "properties": { "restaurant_count": 0 }, "geometry": { "type": "Polygon", "coordinates": [ [ [ 359870.546723371371627, 6203645.881060540676117 ], [ 359870.546723371371627, 6204145.881060540676117 ], [ 359370.546723371371627, 6204145.881060540676117 ], [ 359370.546723371371627, 6203645.881060540676117 ], [ 359870.546723371371627, 6203645.881060540676117 ] ] ] } },
{ "type": "Feature", "properties": { "restaurant_count": 0 }, "geometry": { "type": "Polygon", "coordinates": [ [ [ 359870.546723371371627, 6204145.881060540676117 ], [ 359870.546723371371627, 6204645.881060540676117 ], [ 359370.546723371371627, 6204645.881060540676117 ], [ 359370.546723371371627, 6204145.881060540676117 ], [ 359870.546723371371627, 6204145.881060540676117 ] ] ] } },
{ "type": "Feature", "properties": { "restaurant_count": 0 }, "geometry": { "type": "Polygon", "coordinates": [ [ [ 359870.546723371371627, 6204645.881060540676117 ], [ 359870.546723371371627, 6205145.881060540676117 ], [ 359370.546723371371627, 6205145.881060540676117 ], [ 359370.546723371371627, 6204645.881060540676117 ], [ 359870.546723371371627, 6204645.881060540676117 ] ] ] } },
{ "type": "Feature", "properties": { "restaurant_count": 0 }, "geometry": { "type": "Polygon", "coordinates": [ [ [ 359870.546723371371627, 6205145.881060540676117 ], [ 359870.546723371371627, 6205645.881060540676117 ], [ 359370.546723371371627, 6205645.881060540676117 ], [ 359370.546723371371627, 6205145.881060540676117 ], [ 359870.546723371371627, 6205145.881060540676117 ] ] ] } },
{ "type": "Feature", "properties": { "restaurant_count": 0 }, "geometry": { "type": "Polygon", "coordinates": [ [ [ 359870.546723371371627, 6205645.881060540676117 ], [ 359870.546723371371627, 6206145.881060540676117 ], [ 359370.546723371371627, 6206145.881060540676117 ], [ 359370.546723371371627, 6205645.881060540676117 ], [ 359870.546723371371627, 6205645.881060540676117 ] ] ] } },
{ "type": "Feature", "properties": { "restaurant_count": 0 }, "geometry": { "type": "Polygon", "coordinates": [ [ [ 359870.546723371371627, 6206145.881060540676117 ], [ 359870.546723371371627, 6206645.881060540676117 ], [ 359370.546723371371627, 6206645.881060540676117 ], [ 359370.546723371371627, 6206145.881060540676117 ], [ 359870.546723371371627, 6206145.881060540676117 ] ] ] } },
{ "type": "Feature", "properties": { "restaurant_count": 0 }, "geometry": { "type": "Polygon", "coordinates": [ [ [ 359870.546723371371627, 6206645.881060540676117 ], [ 359870.546723371371627, 6207145.881060540676117 ], [ 359370.546723371371627, 6207145.881060540676117 ], [ 359370.546723371371627, 6206645.881060540676117 ], [ 359870.546723371371627, 6206645.881060540676117 ] ] ] } },
{ "type": "Feature", "properties": { "restaurant_count": 1 }, "geometry": { "type": "Polygon", "coordinates": [ [ [ 359870.546723371371627, 6207145.881060540676117 ], [ 359870.546723371371627, 6207645.881060540676117 ], [ 359370.546723371371627, 6207645.881060540676117 ], [ 359370.546723371371627, 6207145.881060540676117 ], [ 359870.546723371371627, 6207145.881060540676117 ] ] ] } },
{ "type": "Feature", "properties": { "restaurant_count": 1 }, "geometry": { "type": "Polygon", "coordinates": [ [ [ 359870.546723371371627, 6207645.881060540676117 ], [ 359870.546723371371627, 6208145.881060540676117 ], [ 359370.546723371371627, 6208145.881060540676117 ], [ 359370.546723371371627, 6207645.881060540676117 ], [ 359870.546723371371627, 6207645.881060540676117 ] ] ] } },
{ "type": "Feature", "properties": { "restaurant_count": 0 }, "geometry": { "type": "Polygon", "coordinates": [ [ [ 359870.546723371371627, 6208145.881060540676117 ], [ 359870.546723371371627, 6208645.881060540676117 ], [ 359370.546723371371627, 6208645.881060540676117 ], [ 359370.546723371371627, 6208145.881060540676117 ], [ 359870.546723371371627, 6208145.881060540676117 ] ] ] } },
{ "type": "Feature", "properties": { "restaurant_count": 0 }, "geometry": { "type": "Polygon", "coordinates": [ [ [ 359870.546723371371627, 6208645.881060540676117 ], [ 359870.546723371371627, 6209145.881060540676117 ], [ 359370.546723371371627, 6209145.881060540676117 ], [ 359370.546723371371627, 6208645.881060540676117 ], [ 359870.546723371371627, 6208645.881060540676117 ] ] ] } },
{ "type": "Feature", "properties": { "restaurant_count": 0 }, "geometry": { "type": "Polygon", "coordinates": [ [ [ 359870.546723371371627, 6209145.881060540676117 ], [ 359870.546723371371627, 6209645.881060540676117 ], [ 359370.546723371371627, 6209645.881060540676117 ], [ 359370.546723371371627, 6209145.881060540676117 ], [ 359870.546723371371627, 6209145.881060540676117 ] ] ] } },
{ "type": "Feature", "properties": { "restaurant_count": 0 }, "geometry": { "type": "Polygon", "coordinates": [ [ [ 359870.546723371371627, 6209645.881060540676117 ], [ 359870.546723371371627, 6210145.881060540676117 ], [ 359370.546723371371627, 6210145.881060540676117 ], [ 359370.546723371371627, 6209645.881060540676117 ], [ 359870.546723371371627, 6209645.881060540676117 ] ] ] } },
{ "type": "Feature", "properties": { "restaurant_count": 1 }, "geometry": { "type": "Polygon", "coordinates": [ [ [ 359870.546723371371627, 6210145.881060540676117 ], [ 359870.546723371371627, 6210645.881060540676117 ], [ 359370.546723371371627, 6210645.881060540676117 ], [ 359370.546723371371627, 6210145.881060540676117 ], [ 359870.546723371371627, 6210145.881060540676117 ] ] ] } },
{ "type": "Feature", "properties": { "restaurant_count": 0 }, "geometry": { "type": "Polygon", "coordinates": [ [ [ 359870.546723371371627, 6210645.881060540676117 ], [ 359870.546723371371627, 6211145.881060540676117 ], [ 359370.546723371371627, 6211145.881060540676117 ], [ 359370.546723371371627, 6210645.881060540676117 ], [ 359870.546723371371627, 6210645.881060540676117 ] ] ] } },
{ "type": "Feature", "properties": { "restaurant_count": 0 }, "geometry": { "type": "Polygon", "coordinates": [ [ [ 359870.546723371371627, 6211145.881060540676117 ], [ 359870.546723371371627, 6211645.881060540676117 ], [ 359370.546723371371627, 6211645.881060540676117 ], [ 359370.546723371371627, 6211145.881060540676117 ], [ 359870.546723371371627, 6211145.881060540676117 ] ] ] } },
{ "type": "Feature", "properties": { "restaurant_count": 0 }, "geometry": { "type": "Polygon", "coordinates": [ [ [ 359870.546723371371627, 6211645.881060540676117 ], [ 359870.546723371371627, 6212145.881060540676117 ], [ 359370.546723371371627, 6212145.881060540676117 ], [ 359370.546723371371627, 6211645.881060540676117 ], [ 359870.546723371371627, 6211645.881060540676117 ] ] ] } },
{ "type": "Feature", "properties": { "restaurant_count": 0 }, "geometry": { "type": "Polygon", "coordinates": [ [ [ 359870.546723371371627, 6212145.881060540676117 ], [ 359870.546723371371627, 6212645.881060540676117 ], [ 359370.546723371371627, 6212645.881060540676117 ], [ 359370.546723371371627, 6212145.881060540676117 ], [ 359870.546723371371627, 6212145.881060540676117 ] ] ] } },
{ "type": "Feature", "properties": { "restaurant_count": 0 }, "geometry": { "type": "Polygon", "coordinates": [ [ [ 359870.546723371371627, 6212645.881060540676117 ], [ 359870.546723371371627, 6213145.881060540676117 ], [ 359370.546723371371627, 6213145.881060540676117 ], [ 359370.546723371371627, 6212645.881060540676117 ], [ 359870.546723371371627, 6212645.881060540676117 ] ] ] } },
{ "type": "Feature", "properties": { "restaurant_count": 0 }, "geometry": { "type": "Polygon", "coordinates": [ [ [ 359870.546723371371627, 6213145.881060540676117 ], [ 359870.546723371371627, 6213645.881060540676117 ], [ 359370.546723371371627, 6213645.881060540676117 ], [ 359370.546723371371627, 6213145.881060540676117 ], [ 359870.546723371371627, 6213145.881060540676117 ] ] ] } },
{ "type": "Feature", "properties": { "restaurant_count": 0 }, "geometry": { "type": "Polygon", "coordinates": [ [ [ 359870.546723371371627, 6213645.881060540676117 ], [ 359870.546723371371627, 6214145.881060540676117 ], [ 359370.546723371371627, 6214145.881060540676117 ], [ 359370.546723371371627, 6213645.881060540676117 ], [ 359870.546723371371627, 6213645.881060540676117 ] ] ] } },
{ "type": "Feature", "properties": { "restaurant_count": 0 }, "geometry": { "type": "Polygon", "coordinates": [ [ [ 359870.546723371371627, 6214145.881060540676117 ], [ 359870.546723371371627, 6214645.881060540676117 ], [ 359370.546723371371627, 6214645.881060540676117 ], [ 359370.546723371371627, 6214145.881060540676117 ], [ 359870.546723371371627, 6214145.881060540676117 ] ] ] } },
{ "type": "Feature", "properties": { "restaurant_count": 0 }, "geometry": { "type": "Polygon", "coordinates": [ [ [ 359870.546723371371627, 6214645.881060540676117 ], [ 359870.546723371371627, 6215145.881060540676117 ], [ 359370.546723371371627, 6215145.881060540676117 ], [ 359370.546723371371627, 6214645.881060540676117 ], [ 359870.546723371371627, 6214645.881060540676117 ] ] ] } },
{ "type": "Feature", "properties": { "restaurant_count": 0 }, "geometry": { "type": "Polygon", "coordinates": [ [ [ 359870.546723371371627, 6215145.881060540676117 ], [ 359870.546723371371627, 6215645.881060540676117 ], [ 359370.546723371371627, 6215645.881060540676117 ], [ 359370.546723371371627, 6215145.881060540676117 ], [ 359870.546723371371627, 6215145.881060540676117 ] ] ] } },
{ "type": "Feature", "properties": { "restaurant_count": 0 }, "geometry": { "type": "Polygon", "coordinates": [ [ [ 359870.546723371371627, 6215645.881060540676117 ], [ 359870.546723371371627, 6216145.881060540676117 ], [ 359370.546723371371627, 6216145.881060540676117 ], [ 359370.546723371371627, 6215645.881060540676117 ], [ 359870.546723371371627, 6215645.881060540676117 ] ] ] } },
{ "type": "Feature", "properties": { "restaurant_count": 0 }, "geometry": { "type": "Polygon", "coordinates": [ [ [ 359870.546723371371627, 6216145.881060540676117 ], [ 359870.546723371371627, 6216645.881060540676117 ], [ 359370.546723371371627, 6216645.881060540676117 ], [ 359370.546723371371627, 6216145.881060540676117 ], [ 359870.546723371371627, 6216145.881060540676117 ] ] ] } },
{ "type": "Feature", "properties": { "restaurant_count": 0 }, "geometry": { "type": "Polygon", "coordinates": [ [ [ 359870.546723371371627, 6216645.881060540676117 ], [ 359870.546723371371627, 6217145.881060540676117 ], [ 359370.546723371371627, 6217145.881060540676117 ], [ 359370.546723371371627, 6216645.881060540676117 ], [ 359870.546723371371627, 6216645.881060540676117 ] ] ] } },
{ "type": "Feature", "properties": { "restaurant_count": 0 }, "geometry": { "type": "Polygon", "coordinates": [ [ [ 359870.546723371371627, 6217145.881060540676117 ], [ 359870.546723371371627, 6217645.881060540676117 ], [ 359370.546723371371627, 6217645.881060540676117 ], [ 359370.546723371371627, 6217145.881060540676117 ], [ 359870.546723371371627, 6217145.881060540676117 ] ] ] } },
{ "type": "Feature", "properties": { "restaurant_count": 0 }, "geometry": { "type": "Polygon", "coordinates": [ [ [ 359870.546723371371627, 6217645.881060540676117 ], [ 359870.546723371371627, 6218145.881060540676117 ], [ 359370.546723371371627, 6218145.881060540676117 ], [ 359370.546723371371627, 6217645.881060540676117 ], [ 359870.546723371371627, 6217645.881060540676117 ] ] ] } },
{ "type": "Feature", "properties": { "restaurant_count": 0 }, "geometry": { "type": "Polygon", "coordinates": [ [ [ 359870.546723371371627, 6218145.881060540676117 ], [ 359870.546723371371627, 6218645.881060540676117 ], [ 359370.546723371371627, 6218645.881060540676117 ], [ 359370.546723371371627, 6218145.881060540676117 ], [ 359870.546723371371627, 6218145.881060540676117 ] ] ] } },
{ "type": "Feature", "properties": { "restaurant_count": 0 }, "geometry": { "type": "Polygon", "coordinates": [ [ [ 359870.546723371371627, 6218645.881060540676117 ], [ 359870.546723371371627, 6219145.881060540676117 ], [ 359370.546723371371627, 6219145.881060540676117 ], [ 359370.546723371371627, 6218645.881060540676117 ], [ 359870.546723371371627, 6218645.881060540676117 ] ] ] } },
{ "type": "Feature", "properties": { "restaurant_count": 0 }, "geometry": { "type": "Polygon", "coordinates": [ [ [ 359870.546723371371627, 6219145.881060540676117 ], [ 359870.546723371371627, 6219645.881060540676117 ], [ 359370.546723371371627, 6219645.881060540676117 ], [ 359370.546723371371627, 6219145.881060540676117 ], [ 359870.546723371371627, 6219145.881060540676117 ] ] ] } },
{ "type": "Feature", "properties": { "restaurant_count": 1 }, "geometry": { "type": "Polygon", "coordinates": [ [ [ 359870.546723371371627, 6219645.881060540676117 ], [ 359870.546723371371627, 6220145.881060540676117 ], [ 359370.546723371371627, 6220145.881060540676117 ], [ 359370.546723371371627, 6219645.881060540676117 ], [ 359870.546723371371627, 6219645.881060540676117 ] ] ] } },
{ "type": "Feature", "properties": { "restaurant_count": 0 }, "geometry": { "type": "Polygon", "coordinates": [ [ [ 359870.546723371371627, 6220145.881060540676117 ], [ 359870.546723371371627, 6220645.881060540676117 ], [ 359370.546723371371627, 6220645.881060540676117 ], [ 359370.546723371371627, 6220145.881060540676117 ], [ 359870.546723371371627, 6220145.881060540676117 ] ] ] } },
{ "type": "Feature", "properties": { "restaurant_count": 0 }, "geometry": { "type": "Polygon", "coordinates": [ [ [ 359870.546723371371627, 6220645.881060540676117 ], [ 359870.546723371371627, 6221145.881060540676117 ], [ 359370.546723371371627, 6221145.881060540676117 ], [ 359370.546723371371627, 6220645.881060540676117 ], [ 359870.546723371371627, 6220645.881060540676117 ] ] ] } },
{ "type": "Feature", "properties": { "restaurant_count": 0 }, "geometry": { "type": "Polygon", "coordinates": [ [ [ 359870.546723371371627, 6221145.881060540676117 ], [ 359870.546723371371627, 6221645.881060540676117 ], [ 359370.546723371371627, 6221645.881060540676117 ], [ 359370.546723371371627, 6221145.881060540676117 ], [ 359870.546723371371627, 6221145.881060540676117 ] ] ] } },
{ "type": "Feature", "properties": { "restaurant_count": 0 }, "geometry": { "type": "Polygon", "coordinates": [ [ [ 359870.546723371371627, 6221645.881060540676117 ], [ 359870.546723371371627, 6222145.881060540676117 ], [ 359370.546723371371627, 6222145.881060540676117 ], [ 359370.546723371371627, 6221645.881060540676117 ], [ 359870.546723371371627, 6221645.881060540676117 ] ] ] } },
{ "type": "Feature", "properties": { "restaurant_count": 0 }, "geometry": { "type": "Polygon", "coordinates": [ [ [ 359870.546723371371627, 6222145.881060540676117 ], [ 359870.546723371371627, 6222645.881060540676117 ], [ 359370.546723371371627, 6222645.881060540676117 ], [ 359370.546723371371627, 6222145.881060540676117 ], [ 359870.546723371371627, 6222145.881060540676117 ] ] ] } },
{ "type": "Feature", "properties": { "restaurant_count": 0 }, "geometry": { "type": "Polygon", "coordinates": [ [ [ 359870.546723371371627, 6222645.881060540676117 ], [ 359870.546723371371627, 6223145.881060540676117 ], [ 359370.546723371371627, 6223145.881060540676117 ], [ 359370.546723371371627, 6222645.881060540676117 ], [ 359870.546723371371627, 6222645.881060540676117 ] ] ] } },
{ "type": "Feature", "properties": { "restaurant_count": 0 }, "geometry": { "type": "Polygon", "coordinates": [ [ [ 359870.546723371371627, 6223145.881060540676117 ], [ 359870.546723371371627, 6223645.881060540676117 ], [ 359370.546723371371627, 6223645.881060540676117 ], [ 359370.546723371371627, 6223145.881060540676117 ], [ 359870.546723371371627, 6223145.881060540676117 ] ] ] } },
{ "type": "Feature", "properties": { "restaurant_count": 0 }, "geometry": { "type": "Polygon", "coordinates": [ [ [ 360370.546723371371627, 6203145.881060540676117 ], [ 360370.546723371371627, 6203645.881060540676117 ], [ 359870.546723371371627, 6203645.881060540676117 ], [ 359870.546723371371627, 6203145.881060540676117 ], [ 360370.546723371371627, 6203145.881060540676117 ] ] ] } },
{ "type": "Feature", "properties": { "restaurant_count": 0 }, "geometry": { "type": "Polygon", "coordinates": [ [ [ 360370.546723371371627, 6203645.881060540676117 ], [ 360370.546723371371627, 6204145.881060540676117 ], [ 359870.546723371371627, 6204145.881060540676117 ], [ 359870.546723371371627, 6203645.881060540676117 ], [ 360370.546723371371627, 6203645.881060540676117 ] ] ] } },
{ "type": "Feature", "properties": { "restaurant_count": 0 }, "geometry": { "type": "Polygon", "coordinates": [ [ [ 360370.546723371371627, 6204145.881060540676117 ], [ 360370.546723371371627, 6204645.881060540676117 ], [ 359870.546723371371627, 6204645.881060540676117 ], [ 359870.546723371371627, 6204145.881060540676117 ], [ 360370.546723371371627, 6204145.881060540676117 ] ] ] } },
{ "type": "Feature", "properties": { "restaurant_count": 1 }, "geometry": { "type": "Polygon", "coordinates": [ [ [ 360370.546723371371627, 6204645.881060540676117 ], [ 360370.546723371371627, 6205145.881060540676117 ], [ 359870.546723371371627, 6205145.881060540676117 ], [ 359870.546723371371627, 6204645.881060540676117 ], [ 360370.546723371371627, 6204645.881060540676117 ] ] ] } },
{ "type": "Feature", "properties": { "restaurant_count": 0 }, "geometry": { "type": "Polygon", "coordinates": [ [ [ 360370.546723371371627, 6205145.881060540676117 ], [ 360370.546723371371627, 6205645.881060540676117 ], [ 359870.546723371371627, 6205645.881060540676117 ], [ 359870.546723371371627, 6205145.881060540676117 ], [ 360370.546723371371627, 6205145.881060540676117 ] ] ] } },
{ "type": "Feature", "properties": { "restaurant_count": 1 }, "geometry": { "type": "Polygon", "coordinates": [ [ [ 360370.546723371371627, 6205645.881060540676117 ], [ 360370.546723371371627, 6206145.881060540676117 ], [ 359870.546723371371627, 6206145.881060540676117 ], [ 359870.546723371371627, 6205645.881060540676117 ], [ 360370.546723371371627, 6205645.881060540676117 ] ] ] } },
{ "type": "Feature", "properties": { "restaurant_count": 0 }, "geometry": { "type": "Polygon", "coordinates": [ [ [ 360370.546723371371627, 6206145.881060540676117 ], [ 360370.546723371371627, 6206645.881060540676117 ], [ 359870.546723371371627, 6206645.881060540676117 ], [ 359870.546723371371627, 6206145.881060540676117 ], [ 360370.546723371371627, 6206145.881060540676117 ] ] ] } },
{ "type": "Feature", "properties": { "restaurant_count": 1 }, "geometry": { "type": "Polygon", "coordinates": [ [ [ 360370.546723371371627, 6206645.881060540676117 ], [ 360370.546723371371627, 6207145.881060540676117 ], [ 359870.546723371371627, 6207145.881060540676117 ], [ 359870.546723371371627, 6206645.881060540676117 ], [ 360370.546723371371627, 6206645.881060540676117 ] ] ] } },
{ "type": "Feature", "properties": { "restaurant_count": 0 }, "geometry": { "type": "Polygon", "coordinates": [ [ [ 360370.546723371371627, 6207145.881060540676117 ], [ 360370.546723371371627, 6207645.881060540676117 ], [ 359870.546723371371627, 6207645.881060540676117 ], [ 359870.546723371371627, 6207145.881060540676117 ], [ 360370.546723371371627, 6207145.881060540676117 ] ] ] } },
{ "type": "Feature", "properties": { "restaurant_count": 0 }, "geometry": { "type": "Polygon", "coordinates": [ [ [ 360370.546723371371627, 6207645.881060540676117 ], [ 360370.546723371371627, 6208145.881060540676117 ], [ 359870.546723371371627, 6208145.881060540676117 ], [ 359870.546723371371627, 6207645.881060540676117 ], [ 360370.546723371371627, 6207645.881060540676117 ] ] ] } },
{ "type": "Feature", "properties": { "restaurant_count": 0 }, "geometry": { "type": "Polygon", "coordinates": [ [ [ 360370.546723371371627, 6208145.881060540676117 ], [ 360370.546723371371627, 6208645.881060540676117 ], [ 359870.546723371371627, 6208645.881060540676117 ], [ 359870.546723371371627, 6208145.881060540676117 ], [ 360370.546723371371627, 6208145.881060540676117 ] ] ] } },
{ "type": "Feature", "properties": { "restaurant_count": 0 }, "geometry": { "type": "Polygon", "coordinates": [ [ [ 360370.546723371371627, 6208645.881060540676117 ], [ 360370.546723371371627, 6209145.881060540676117 ], [ 359870.546723371371627, 6209145.881060540676117 ], [ 359870.546723371371627, 6208645.881060540676117 ], [ 360370.546723371371627, 6208645.881060540676117 ] ] ] } },
{ "type": "Feature", "properties": { "restaurant_count": 0 }, "geometry": { "type": "Polygon", "coordinates": [ [ [ 360370.546723371371627, 6209145.881060540676117 ], [ 360370.546723371371627, 6209645.881060540676117 ], [ 359870.546723371371627, 6209645.881060540676117 ], [ 359870.546723371371627, 6209145.881060540676117 ], [ 360370.546723371371627, 6209145.881060540676117 ] ] ] } },
{ "type": "Feature", "properties": { "restaurant_count": 1 }, "geometry": { "type": "Polygon", "coordinates": [ [ [ 360370.546723371371627, 6209645.881060540676117 ], [ 360370.546723371371627, 6210145.881060540676117 ], [ 359870.546723371371627, 6210145.881060540676117 ], [ 359870.546723371371627, 6209645.881060540676117 ], [ 360370.546723371371627, 6209645.881060540676117 ] ] ] } },
{ "type": "Feature", "properties": { "restaurant_count": 0 }, "geometry": { "type": "Polygon", "coordinates": [ [ [ 360370.546723371371627, 6210145.881060540676117 ], [ 360370.546723371371627, 6210645.881060540676117 ], [ 359870.546723371371627, 6210645.881060540676117 ], [ 359870.546723371371627, 6210145.881060540676117 ], [ 360370.546723371371627, 6210145.881060540676117 ] ] ] } },
{ "type": "Feature", "properties": { "restaurant_count": 0 }, "geometry": { "type": "Polygon", "coordinates": [ [ [ 360370.546723371371627, 6210645.881060540676117 ], [ 360370.546723371371627, 6211145.881060540676117 ], [ 359870.546723371371627, 6211145.881060540676117 ], [ 359870.546723371371627, 6210645.881060540676117 ], [ 360370.546723371371627, 6210645.881060540676117 ] ] ] } },
{ "type": "Feature", "properties": { "restaurant_count": 0 }, "geometry": { "type": "Polygon", "coordinates": [ [ [ 360370.546723371371627, 6211145.881060540676117 ], [ 360370.546723371371627, 6211645.881060540676117 ], [ 359870.546723371371627, 6211645.881060540676117 ], [ 359870.546723371371627, 6211145.881060540676117 ], [ 360370.546723371371627, 6211145.881060540676117 ] ] ] } },
{ "type": "Feature", "properties": { "restaurant_count": 0 }, "geometry": { "type": "Polygon", "coordinates": [ [ [ 360370.546723371371627, 6211645.881060540676117 ], [ 360370.546723371371627, 6212145.881060540676117 ], [ 359870.546723371371627, 6212145.881060540676117 ], [ 359870.546723371371627, 6211645.881060540676117 ], [ 360370.546723371371627, 6211645.881060540676117 ] ] ] } },
{ "type": "Feature", "properties": { "restaurant_count": 0 }, "geometry": { "type": "Polygon", "coordinates": [ [ [ 360370.546723371371627, 6212145.881060540676117 ], [ 360370.546723371371627, 6212645.881060540676117 ], [ 359870.546723371371627, 6212645.881060540676117 ], [ 359870.546723371371627, 6212145.881060540676117 ], [ 360370.546723371371627, 6212145.881060540676117 ] ] ] } },
{ "type": "Feature", "properties": { "restaurant_count": 0 }, "geometry": { "type": "Polygon", "coordinates": [ [ [ 360370.546723371371627, 6212645.881060540676117 ], [ 360370.546723371371627, 6213145.881060540676117 ], [ 359870.546723371371627, 6213145.881060540676117 ], [ 359870.546723371371627, 6212645.881060540676117 ], [ 360370.546723371371627, 6212645.881060540676117 ] ] ] } },
{ "type": "Feature", "properties": { "restaurant_count": 0 }, "geometry": { "type": "Polygon", "coordinates": [ [ [ 360370.546723371371627, 6213145.881060540676117 ], [ 360370.546723371371627, 6213645.881060540676117 ], [ 359870.546723371371627, 6213645.881060540676117 ], [ 359870.546723371371627, 6213145.881060540676117 ], [ 360370.546723371371627, 6213145.881060540676117 ] ] ] } },
{ "type": "Feature", "properties": { "restaurant_count": 0 }, "geometry": { "type": "Polygon", "coordinates": [ [ [ 360370.546723371371627, 6213645.881060540676117 ], [ 360370.546723371371627, 6214145.881060540676117 ], [ 359870.546723371371627, 6214145.881060540676117 ], [ 359870.546723371371627, 6213645.881060540676117 ], [ 360370.546723371371627, 6213645.881060540676117 ] ] ] } },
{ "type": "Feature", "properties": { "restaurant_count": 0 }, "geometry": { "type": "Polygon", "coordinates": [ [ [ 360370.546723371371627, 6214145.881060540676117 ], [ 360370.546723371371627, 6214645.881060540676117 ], [ 359870.546723371371627, 6214645.881060540676117 ], [ 359870.546723371371627, 6214145.881060540676117 ], [ 360370.546723371371627, 6214145.881060540676117 ] ] ] } },
{ "type": "Feature", "properties": { "restaurant_count": 0 }, "geometry": { "type": "Polygon", "coordinates": [ [ [ 360370.546723371371627, 6214645.881060540676117 ], [ 360370.546723371371627, 6215145.881060540676117 ], [ 359870.546723371371627, 6215145.881060540676117 ], [ 359870.546723371371627, 6214645.881060540676117 ], [ 360370.546723371371627, 6214645.881060540676117 ] ] ] } },
{ "type": "Feature", "properties": { "restaurant_count": 0 }, "geometry": { "type": "Polygon", "coordinates": [ [ [ 360370.546723371371627, 6215145.881060540676117 ], [ 360370.546723371371627, 6215645.881060540676117 ], [ 359870.546723371371627, 6215645.881060540676117 ], [ 359870.546723371371627, 6215145.881060540676117 ], [ 360370.546723371371627, 6215145.881060540676117 ] ] ] } },
{ "type": "Feature", "properties": { "restaurant_count": 0 }, "geometry": { "type": "Polygon", "coordinates": [ [ [ 360370.546723371371627, 6215645.881060540676117 ], [ 360370.546723371371627, 6216145.881060540676117 ], [ 359870.546723371371627, 6216145.881060540676117 ], [ 359870.546723371371627, 6215645.881060540676117 ], [ 360370.546723371371627, 6215645.881060540676117 ] ] ] } },
{ "type": "Feature", "properties": { "restaurant_count": 0 }, "geometry": { "type": "Polygon", "coordinates": [ [ [ 360370.546723371371627, 6216145.881060540676117 ], [ 360370.546723371371627, 6216645.881060540676117 ], [ 359870.546723371371627, 6216645.881060540676117 ], [ 359870.546723371371627, 6216145.881060540676117 ], [ 360370.546723371371627, 6216145.881060540676117 ] ] ] } },
{ "type": "Feature", "properties": { "restaurant_count": 0 }, "geometry": { "type": "Polygon", "coordinates": [ [ [ 360370.546723371371627, 6216645.881060540676117 ], [ 360370.546723371371627, 6217145.881060540676117 ], [ 359870.546723371371627, 6217145.881060540676117 ], [ 359870.546723371371627, 6216645.881060540676117 ], [ 360370.546723371371627, 6216645.881060540676117 ] ] ] } },
{ "type": "Feature", "properties": { "restaurant_count": 0 }, "geometry": { "type": "Polygon", "coordinates": [ [ [ 360370.546723371371627, 6217145.881060540676117 ], [ 360370.546723371371627, 6217645.881060540676117 ], [ 359870.546723371371627, 6217645.881060540676117 ], [ 359870.546723371371627, 6217145.881060540676117 ], [ 360370.546723371371627, 6217145.881060540676117 ] ] ] } },
{ "type": "Feature", "properties": { "restaurant_count": 0 }, "geometry": { "type": "Polygon", "coordinates": [ [ [ 360370.546723371371627, 6217645.881060540676117 ], [ 360370.546723371371627, 6218145.881060540676117 ], [ 359870.546723371371627, 6218145.881060540676117 ], [ 359870.546723371371627, 6217645.881060540676117 ], [ 360370.546723371371627, 6217645.881060540676117 ] ] ] } },
{ "type": "Feature", "properties": { "restaurant_count": 0 }, "geometry": { "type": "Polygon", "coordinates": [ [ [ 360370.546723371371627, 6218145.881060540676117 ], [ 360370.546723371371627, 6218645.881060540676117 ], [ 359870.546723371371627, 6218645.881060540676117 ], [ 359870.546723371371627, 6218145.881060540676117 ], [ 360370.546723371371627, 6218145.881060540676117 ] ] ] } },
{ "type": "Feature", "properties": { "restaurant_count": 0 }, "geometry": { "type": "Polygon", "coordinates": [ [ [ 360370.546723371371627, 6218645.881060540676117 ], [ 360370.546723371371627, 6219145.881060540676117 ], [ 359870.546723371371627, 6219145.881060540676117 ], [ 359870.546723371371627, 6218645.881060540676117 ], [ 360370.546723371371627, 6218645.881060540676117 ] ] ] } },
{ "type": "Feature", "properties": { "restaurant_count": 0 }, "geometry": { "type": "Polygon", "coordinates": [ [ [ 360370.546723371371627, 6219145.881060540676117 ], [ 360370.546723371371627, 6219645.881060540676117 ], [ 359870.546723371371627, 6219645.881060540676117 ], [ 359870.546723371371627, 6219145.881060540676117 ], [ 360370.546723371371627, 6219145.881060540676117 ] ] ] } },
{ "type": "Feature", "properties": { "restaurant_count": 0 }, "geometry": { "type": "Polygon", "coordinates": [ [ [ 360370.546723371371627, 6219645.881060540676117 ], [ 360370.546723371371627, 6220145.881060540676117 ], [ 359870.546723371371627, 6220145.881060540676117 ], [ 359870.546723371371627, 6219645.881060540676117 ], [ 360370.546723371371627, 6219645.881060540676117 ] ] ] } },
{ "type": "Feature", "properties": { "restaurant_count": 2 }, "geometry": { "type": "Polygon", "coordinates": [ [ [ 360370.546723371371627, 6220145.881060540676117 ], [ 360370.546723371371627, 6220645.881060540676117 ], [ 359870.546723371371627, 6220645.881060540676117 ], [ 359870.546723371371627, 6220145.881060540676117 ], [ 360370.546723371371627, 6220145.881060540676117 ] ] ] } },
{ "type": "Feature", "properties": { "restaurant_count": 0 }, "geometry": { "type": "Polygon", "coordinates": [ [ [ 360370.546723371371627, 6220645.881060540676117 ], [ 360370.546723371371627, 6221145.881060540676117 ], [ 359870.546723371371627, 6221145.881060540676117 ], [ 359870.546723371371627, 6220645.881060540676117 ], [ 360370.546723371371627, 6220645.881060540676117 ] ] ] } },
{ "type": "Feature", "properties": { "restaurant_count": 0 }, "geometry": { "type": "Polygon", "coordinates": [ [ [ 360370.546723371371627, 6221145.881060540676117 ], [ 360370.546723371371627, 6221645.881060540676117 ], [ 359870.546723371371627, 6221645.881060540676117 ], [ 359870.546723371371627, 6221145.881060540676117 ], [ 360370.546723371371627, 6221145.881060540676117 ] ] ] } },
{ "type": "Feature", "properties": { "restaurant_count": 0 }, "geometry": { "type": "Polygon", "coordinates": [ [ [ 360370.546723371371627, 6221645.881060540676117 ], [ 360370.546723371371627, 6222145.881060540676117 ], [ 359870.546723371371627, 6222145.881060540676117 ], [ 359870.546723371371627, 6221645.881060540676117 ], [ 360370.546723371371627, 6221645.881060540676117 ] ] ] } },
{ "type": "Feature", "properties": { "restaurant_count": 0 }, "geometry": { "type": "Polygon", "coordinates": [ [ [ 360370.546723371371627, 6222145.881060540676117 ], [ 360370.546723371371627, 6222645.881060540676117 ], [ 359870.546723371371627, 6222645.881060540676117 ], [ 359870.546723371371627, 6222145.881060540676117 ], [ 360370.546723371371627, 6222145.881060540676117 ] ] ] } },
{ "type": "Feature", "properties": { "restaurant_count": 0 }, "geometry": { "type": "Polygon", "coordinates": [ [ [ 360370.546723371371627, 6222645.881060540676117 ], [ 360370.546723371371627, 6223145.881060540676117 ], [ 359870.546723371371627, 6223145.881060540676117 ], [ 359870.546723371371627, 6222645.881060540676117 ], [ 360370.546723371371627, 6222645.881060540676117 ] ] ] } },
{ "type": "Feature", "properties": { "restaurant_count": 0 }, "geometry": { "type": "Polygon", "coordinates": [ [ [ 360370.546723371371627, 6223145.881060540676117 ], [ 360370.546723371371627, 6223645.881060540676117 ], [ 359870.546723371371627, 6223645.881060540676117 ], [ 359870.546723371371627, 6223145.881060540676117 ], [ 360370.546723371371627, 6223145.881060540676117 ] ] ] } },
{ "type": "Feature", "properties": { "restaurant_count": 0 }, "geometry": { "type": "Polygon", "coordinates": [ [ [ 360870.546723371371627, 6203145.881060540676117 ], [ 360870.546723371371627, 6203645.881060540676117 ], [ 360370.546723371371627, 6203645.881060540676117 ], [ 360370.546723371371627, 6203145.881060540676117 ], [ 360870.546723371371627, 6203145.881060540676117 ] ] ] } },
{ "type": "Feature", "properties": { "restaurant_count": 0 }, "geometry": { "type": "Polygon", "coordinates": [ [ [ 360870.546723371371627, 6203645.881060540676117 ], [ 360870.546723371371627, 6204145.881060540676117 ], [ 360370.546723371371627, 6204145.881060540676117 ], [ 360370.546723371371627, 6203645.881060540676117 ], [ 360870.546723371371627, 6203645.881060540676117 ] ] ] } },
{ "type": "Feature", "properties": { "restaurant_count": 0 }, "geometry": { "type": "Polygon", "coordinates": [ [ [ 360870.546723371371627, 6204145.881060540676117 ], [ 360870.546723371371627, 6204645.881060540676117 ], [ 360370.546723371371627, 6204645.881060540676117 ], [ 360370.546723371371627, 6204145.881060540676117 ], [ 360870.546723371371627, 6204145.881060540676117 ] ] ] } },
{ "type": "Feature", "properties": { "restaurant_count": 0 }, "geometry": { "type": "Polygon", "coordinates": [ [ [ 360870.546723371371627, 6204645.881060540676117 ], [ 360870.546723371371627, 6205145.881060540676117 ], [ 360370.546723371371627, 6205145.881060540676117 ], [ 360370.546723371371627, 6204645.881060540676117 ], [ 360870.546723371371627, 6204645.881060540676117 ] ] ] } },
{ "type": "Feature", "properties": { "restaurant_count": 0 }, "geometry": { "type": "Polygon", "coordinates": [ [ [ 360870.546723371371627, 6205145.881060540676117 ], [ 360870.546723371371627, 6205645.881060540676117 ], [ 360370.546723371371627, 6205645.881060540676117 ], [ 360370.546723371371627, 6205145.881060540676117 ], [ 360870.546723371371627, 6205145.881060540676117 ] ] ] } },
{ "type": "Feature", "properties": { "restaurant_count": 0 }, "geometry": { "type": "Polygon", "coordinates": [ [ [ 360870.546723371371627, 6205645.881060540676117 ], [ 360870.546723371371627, 6206145.881060540676117 ], [ 360370.546723371371627, 6206145.881060540676117 ], [ 360370.546723371371627, 6205645.881060540676117 ], [ 360870.546723371371627, 6205645.881060540676117 ] ] ] } },
{ "type": "Feature", "properties": { "restaurant_count": 0 }, "geometry": { "type": "Polygon", "coordinates": [ [ [ 360870.546723371371627, 6206145.881060540676117 ], [ 360870.546723371371627, 6206645.881060540676117 ], [ 360370.546723371371627, 6206645.881060540676117 ], [ 360370.546723371371627, 6206145.881060540676117 ], [ 360870.546723371371627, 6206145.881060540676117 ] ] ] } },
{ "type": "Feature", "properties": { "restaurant_count": 0 }, "geometry": { "type": "Polygon", "coordinates": [ [ [ 360870.546723371371627, 6206645.881060540676117 ], [ 360870.546723371371627, 6207145.881060540676117 ], [ 360370.546723371371627, 6207145.881060540676117 ], [ 360370.546723371371627, 6206645.881060540676117 ], [ 360870.546723371371627, 6206645.881060540676117 ] ] ] } },
{ "type": "Feature", "properties": { "restaurant_count": 0 }, "geometry": { "type": "Polygon", "coordinates": [ [ [ 360870.546723371371627, 6207145.881060540676117 ], [ 360870.546723371371627, 6207645.881060540676117 ], [ 360370.546723371371627, 6207645.881060540676117 ], [ 360370.546723371371627, 6207145.881060540676117 ], [ 360870.546723371371627, 6207145.881060540676117 ] ] ] } },
{ "type": "Feature", "properties": { "restaurant_count": 0 }, "geometry": { "type": "Polygon", "coordinates": [ [ [ 360870.546723371371627, 6207645.881060540676117 ], [ 360870.546723371371627, 6208145.881060540676117 ], [ 360370.546723371371627, 6208145.881060540676117 ], [ 360370.546723371371627, 6207645.881060540676117 ], [ 360870.546723371371627, 6207645.881060540676117 ] ] ] } },
{ "type": "Feature", "properties": { "restaurant_count": 0 }, "geometry": { "type": "Polygon", "coordinates": [ [ [ 360870.546723371371627, 6208145.881060540676117 ], [ 360870.546723371371627, 6208645.881060540676117 ], [ 360370.546723371371627, 6208645.881060540676117 ], [ 360370.546723371371627, 6208145.881060540676117 ], [ 360870.546723371371627, 6208145.881060540676117 ] ] ] } },
{ "type": "Feature", "properties": { "restaurant_count": 0 }, "geometry": { "type": "Polygon", "coordinates": [ [ [ 360870.546723371371627, 6208645.881060540676117 ], [ 360870.546723371371627, 6209145.881060540676117 ], [ 360370.546723371371627, 6209145.881060540676117 ], [ 360370.546723371371627, 6208645.881060540676117 ], [ 360870.546723371371627, 6208645.881060540676117 ] ] ] } },
{ "type": "Feature", "properties": { "restaurant_count": 0 }, "geometry": { "type": "Polygon", "coordinates": [ [ [ 360870.546723371371627, 6209145.881060540676117 ], [ 360870.546723371371627, 6209645.881060540676117 ], [ 360370.546723371371627, 6209645.881060540676117 ], [ 360370.546723371371627, 6209145.881060540676117 ], [ 360870.546723371371627, 6209145.881060540676117 ] ] ] } },
{ "type": "Feature", "properties": { "restaurant_count": 0 }, "geometry": { "type": "Polygon", "coordinates": [ [ [ 360870.546723371371627, 6209645.881060540676117 ], [ 360870.546723371371627, 6210145.881060540676117 ], [ 360370.546723371371627, 6210145.881060540676117 ], [ 360370.546723371371627, 6209645.881060540676117 ], [ 360870.546723371371627, 6209645.881060540676117 ] ] ] } },
{ "type": "Feature", "properties": { "restaurant_count": 0 }, "geometry": { "type": "Polygon", "coordinates": [ [ [ 360870.546723371371627, 6210145.881060540676117 ], [ 360870.546723371371627, 6210645.881060540676117 ], [ 360370.546723371371627, 6210645.881060540676117 ], [ 360370.546723371371627, 6210145.881060540676117 ], [ 360870.546723371371627, 6210145.881060540676117 ] ] ] } },
{ "type": "Feature", "properties": { "restaurant_count": 0 }, "geometry": { "type": "Polygon", "coordinates": [ [ [ 360870.546723371371627, 6210645.881060540676117 ], [ 360870.546723371371627, 6211145.881060540676117 ], [ 360370.546723371371627, 6211145.881060540676117 ], [ 360370.546723371371627, 6210645.881060540676117 ], [ 360870.546723371371627, 6210645.881060540676117 ] ] ] } },
{ "type": "Feature", "properties": { "restaurant_count": 0 }, "geometry": { "type": "Polygon", "coordinates": [ [ [ 360870.546723371371627, 6211145.881060540676117 ], [ 360870.546723371371627, 6211645.881060540676117 ], [ 360370.546723371371627, 6211645.881060540676117 ], [ 360370.546723371371627, 6211145.881060540676117 ], [ 360870.546723371371627, 6211145.881060540676117 ] ] ] } },
{ "type": "Feature", "properties": { "restaurant_count": 0 }, "geometry": { "type": "Polygon", "coordinates": [ [ [ 360870.546723371371627, 6211645.881060540676117 ], [ 360870.546723371371627, 6212145.881060540676117 ], [ 360370.546723371371627, 6212145.881060540676117 ], [ 360370.546723371371627, 6211645.881060540676117 ], [ 360870.546723371371627, 6211645.881060540676117 ] ] ] } },
{ "type": "Feature", "properties": { "restaurant_count": 0 }, "geometry": { "type": "Polygon", "coordinates": [ [ [ 360870.546723371371627, 6212145.881060540676117 ], [ 360870.546723371371627, 6212645.881060540676117 ], [ 360370.546723371371627, 6212645.881060540676117 ], [ 360370.546723371371627, 6212145.881060540676117 ], [ 360870.546723371371627, 6212145.881060540676117 ] ] ] } },
{ "type": "Feature", "properties": { "restaurant_count": 0 }, "geometry": { "type": "Polygon", "coordinates": [ [ [ 360870.546723371371627, 6212645.881060540676117 ], [ 360870.546723371371627, 6213145.881060540676117 ], [ 360370.546723371371627, 6213145.881060540676117 ], [ 360370.546723371371627, 6212645.881060540676117 ], [ 360870.546723371371627, 6212645.881060540676117 ] ] ] } },
{ "type": "Feature", "properties": { "restaurant_count": 0 }, "geometry": { "type": "Polygon", "coordinates": [ [ [ 360870.546723371371627, 6213145.881060540676117 ], [ 360870.546723371371627, 6213645.881060540676117 ], [ 360370.546723371371627, 6213645.881060540676117 ], [ 360370.546723371371627, 6213145.881060540676117 ], [ 360870.546723371371627, 6213145.881060540676117 ] ] ] } },
{ "type": "Feature", "properties": { "restaurant_count": 0 }, "geometry": { "type": "Polygon", "coordinates": [ [ [ 360870.546723371371627, 6213645.881060540676117 ], [ 360870.546723371371627, 6214145.881060540676117 ], [ 360370.546723371371627, 6214145.881060540676117 ], [ 360370.546723371371627, 6213645.881060540676117 ], [ 360870.546723371371627, 6213645.881060540676117 ] ] ] } },
{ "type": "Feature", "properties": { "restaurant_count": 0 }, "geometry": { "type": "Polygon", "coordinates": [ [ [ 360870.546723371371627, 6214145.881060540676117 ], [ 360870.546723371371627, 6214645.881060540676117 ], [ 360370.546723371371627, 6214645.881060540676117 ], [ 360370.546723371371627, 6214145.881060540676117 ], [ 360870.546723371371627, 6214145.881060540676117 ] ] ] } },
{ "type": "Feature", "properties": { "restaurant_count": 0 }, "geometry": { "type": "Polygon", "coordinates": [ [ [ 360870.546723371371627, 6214645.881060540676117 ], [ 360870.546723371371627, 6215145.881060540676117 ], [ 360370.546723371371627, 6215145.881060540676117 ], [ 360370.546723371371627, 6214645.881060540676117 ], [ 360870.546723371371627, 6214645.881060540676117 ] ] ] } },
{ "type": "Feature", "properties": { "restaurant_count": 0 }, "geometry": { "type": "Polygon", "coordinates": [ [ [ 360870.546723371371627, 6215145.881060540676117 ], [ 360870.546723371371627, 6215645.881060540676117 ], [ 360370.546723371371627, 6215645.881060540676117 ], [ 360370.546723371371627, 6215145.881060540676117 ], [ 360870.546723371371627, 6215145.881060540676117 ] ] ] } },
{ "type": "Feature", "properties": { "restaurant_count": 0 }, "geometry": { "type": "Polygon", "coordinates": [ [ [ 360870.546723371371627, 6215645.881060540676117 ], [ 360870.546723371371627, 6216145.881060540676117 ], [ 360370.546723371371627, 6216145.881060540676117 ], [ 360370.546723371371627, 6215645.881060540676117 ], [ 360870.546723371371627, 6215645.881060540676117 ] ] ] } },
{ "type": "Feature", "properties": { "restaurant_count": 0 }, "geometry": { "type": "Polygon", "coordinates": [ [ [ 360870.546723371371627, 6216145.881060540676117 ], [ 360870.546723371371627, 6216645.881060540676117 ], [ 360370.546723371371627, 6216645.881060540676117 ], [ 360370.546723371371627, 6216145.881060540676117 ], [ 360870.546723371371627, 6216145.881060540676117 ] ] ] } },
{ "type": "Feature", "properties": { "restaurant_count": 0 }, "geometry": { "type": "Polygon", "coordinates": [ [ [ 360870.546723371371627, 6216645.881060540676117 ], [ 360870.546723371371627, 6217145.881060540676117 ], [ 360370.546723371371627, 6217145.881060540676117 ], [ 360370.546723371371627, 6216645.881060540676117 ], [ 360870.546723371371627, 6216645.881060540676117 ] ] ] } },
{ "type": "Feature", "properties": { "restaurant_count": 0 }, "geometry": { "type": "Polygon", "coordinates": [ [ [ 360870.546723371371627, 6217145.881060540676117 ], [ 360870.546723371371627, 6217645.881060540676117 ], [ 360370.546723371371627, 6217645.881060540676117 ], [ 360370.546723371371627, 6217145.881060540676117 ], [ 360870.546723371371627, 6217145.881060540676117 ] ] ] } },
{ "type": "Feature", "properties": { "restaurant_count": 0 }, "geometry": { "type": "Polygon", "coordinates": [ [ [ 360870.546723371371627, 6217645.881060540676117 ], [ 360870.546723371371627, 6218145.881060540676117 ], [ 360370.546723371371627, 6218145.881060540676117 ], [ 360370.546723371371627, 6217645.881060540676117 ], [ 360870.546723371371627, 6217645.881060540676117 ] ] ] } },
{ "type": "Feature", "properties": { "restaurant_count": 5 }, "geometry": { "type": "Polygon", "coordinates": [ [ [ 360870.546723371371627, 6218145.881060540676117 ], [ 360870.546723371371627, 6218645.881060540676117 ], [ 360370.546723371371627, 6218645.881060540676117 ], [ 360370.546723371371627, 6218145.881060540676117 ], [ 360870.546723371371627, 6218145.881060540676117 ] ] ] } },
{ "type": "Feature", "properties": { "restaurant_count": 0 }, "geometry": { "type": "Polygon", "coordinates": [ [ [ 360870.546723371371627, 6218645.881060540676117 ], [ 360870.546723371371627, 6219145.881060540676117 ], [ 360370.546723371371627, 6219145.881060540676117 ], [ 360370.546723371371627, 6218645.881060540676117 ], [ 360870.546723371371627, 6218645.881060540676117 ] ] ] } },
{ "type": "Feature", "properties": { "restaurant_count": 0 }, "geometry": { "type": "Polygon", "coordinates": [ [ [ 360870.546723371371627, 6219145.881060540676117 ], [ 360870.546723371371627, 6219645.881060540676117 ], [ 360370.546723371371627, 6219645.881060540676117 ], [ 360370.546723371371627, 6219145.881060540676117 ], [ 360870.546723371371627, 6219145.881060540676117 ] ] ] } },
{ "type": "Feature", "properties": { "restaurant_count": 0 }, "geometry": { "type": "Polygon", "coordinates": [ [ [ 360870.546723371371627, 6219645.881060540676117 ], [ 360870.546723371371627, 6220145.881060540676117 ], [ 360370.546723371371627, 6220145.881060540676117 ], [ 360370.546723371371627, 6219645.881060540676117 ], [ 360870.546723371371627, 6219645.881060540676117 ] ] ] } },
{ "type": "Feature", "properties": { "restaurant_count": 0 }, "geometry": { "type": "Polygon", "coordinates": [ [ [ 360870.546723371371627, 6220145.881060540676117 ], [ 360870.546723371371627, 6220645.881060540676117 ], [ 360370.546723371371627, 6220645.881060540676117 ], [ 360370.546723371371627, 6220145.881060540676117 ], [ 360870.546723371371627, 6220145.881060540676117 ] ] ] } },
{ "type": "Feature", "properties": { "restaurant_count": 0 }, "geometry": { "type": "Polygon", "coordinates": [ [ [ 360870.546723371371627, 6220645.881060540676117 ], [ 360870.546723371371627, 6221145.881060540676117 ], [ 360370.546723371371627, 6221145.881060540676117 ], [ 360370.546723371371627, 6220645.881060540676117 ], [ 360870.546723371371627, 6220645.881060540676117 ] ] ] } },
{ "type": "Feature", "properties": { "restaurant_count": 0 }, "geometry": { "type": "Polygon", "coordinates": [ [ [ 360870.546723371371627, 6221145.881060540676117 ], [ 360870.546723371371627, 6221645.881060540676117 ], [ 360370.546723371371627, 6221645.881060540676117 ], [ 360370.546723371371627, 6221145.881060540676117 ], [ 360870.546723371371627, 6221145.881060540676117 ] ] ] } },
{ "type": "Feature", "properties": { "restaurant_count": 0 }, "geometry": { "type": "Polygon", "coordinates": [ [ [ 360870.546723371371627, 6221645.881060540676117 ], [ 360870.546723371371627, 6222145.881060540676117 ], [ 360370.546723371371627, 6222145.881060540676117 ], [ 360370.546723371371627, 6221645.881060540676117 ], [ 360870.546723371371627, 6221645.881060540676117 ] ] ] } },
{ "type": "Feature", "properties": { "restaurant_count": 0 }, "geometry": { "type": "Polygon", "coordinates": [ [ [ 360870.546723371371627, 6222145.881060540676117 ], [ 360870.546723371371627, 6222645.881060540676117 ], [ 360370.546723371371627, 6222645.881060540676117 ], [ 360370.546723371371627, 6222145.881060540676117 ], [ 360870.546723371371627, 6222145.881060540676117 ] ] ] } },
{ "type": "Feature", "properties": { "restaurant_count": 0 }, "geometry": { "type": "Polygon", "coordinates": [ [ [ 360870.546723371371627, 6222645.881060540676117 ], [ 360870.546723371371627, 6223145.881060540676117 ], [ 360370.546723371371627, 6223145.881060540676117 ], [ 360370.546723371371627, 6222645.881060540676117 ], [ 360870.546723371371627, 6222645.881060540676117 ] ] ] } },
{ "type": "Feature", "properties": { "restaurant_count": 0 }, "geometry": { "type": "Polygon", "coordinates": [ [ [ 360870.546723371371627, 6223145.881060540676117 ], [ 360870.546723371371627, 6223645.881060540676117 ], [ 360370.546723371371627, 6223645.881060540676117 ], [ 360370.546723371371627, 6223145.881060540676117 ], [ 360870.546723371371627, 6223145.881060540676117 ] ] ] } },
{ "type": "Feature", "properties": { "restaurant_count": 0 }, "geometry": { "type": "Polygon", "coordinates": [ [ [ 361370.546723371371627, 6203145.881060540676117 ], [ 361370.546723371371627, 6203645.881060540676117 ], [ 360870.546723371371627, 6203645.881060540676117 ], [ 360870.546723371371627, 6203145.881060540676117 ], [ 361370.546723371371627, 6203145.881060540676117 ] ] ] } },
{ "type": "Feature", "properties": { "restaurant_count": 0 }, "geometry": { "type": "Polygon", "coordinates": [ [ [ 361370.546723371371627, 6203645.881060540676117 ], [ 361370.546723371371627, 6204145.881060540676117 ], [ 360870.546723371371627, 6204145.881060540676117 ], [ 360870.546723371371627, 6203645.881060540676117 ], [ 361370.546723371371627, 6203645.881060540676117 ] ] ] } },
{ "type": "Feature", "properties": { "restaurant_count": 1 }, "geometry": { "type": "Polygon", "coordinates": [ [ [ 361370.546723371371627, 6204145.881060540676117 ], [ 361370.546723371371627, 6204645.881060540676117 ], [ 360870.546723371371627, 6204645.881060540676117 ], [ 360870.546723371371627, 6204145.881060540676117 ], [ 361370.546723371371627, 6204145.881060540676117 ] ] ] } },
{ "type": "Feature", "properties": { "restaurant_count": 0 }, "geometry": { "type": "Polygon", "coordinates": [ [ [ 361370.546723371371627, 6204645.881060540676117 ], [ 361370.546723371371627, 6205145.881060540676117 ], [ 360870.546723371371627, 6205145.881060540676117 ], [ 360870.546723371371627, 6204645.881060540676117 ], [ 361370.546723371371627, 6204645.881060540676117 ] ] ] } },
{ "type": "Feature", "properties": { "restaurant_count": 0 }, "geometry": { "type": "Polygon", "coordinates": [ [ [ 361370.546723371371627, 6205145.881060540676117 ], [ 361370.546723371371627, 6205645.881060540676117 ], [ 360870.546723371371627, 6205645.881060540676117 ], [ 360870.546723371371627, 6205145.881060540676117 ], [ 361370.546723371371627, 6205145.881060540676117 ] ] ] } },
{ "type": "Feature", "properties": { "restaurant_count": 0 }, "geometry": { "type": "Polygon", "coordinates": [ [ [ 361370.546723371371627, 6205645.881060540676117 ], [ 361370.546723371371627, 6206145.881060540676117 ], [ 360870.546723371371627, 6206145.881060540676117 ], [ 360870.546723371371627, 6205645.881060540676117 ], [ 361370.546723371371627, 6205645.881060540676117 ] ] ] } },
{ "type": "Feature", "properties": { "restaurant_count": 0 }, "geometry": { "type": "Polygon", "coordinates": [ [ [ 361370.546723371371627, 6206145.881060540676117 ], [ 361370.546723371371627, 6206645.881060540676117 ], [ 360870.546723371371627, 6206645.881060540676117 ], [ 360870.546723371371627, 6206145.881060540676117 ], [ 361370.546723371371627, 6206145.881060540676117 ] ] ] } },
{ "type": "Feature", "properties": { "restaurant_count": 0 }, "geometry": { "type": "Polygon", "coordinates": [ [ [ 361370.546723371371627, 6206645.881060540676117 ], [ 361370.546723371371627, 6207145.881060540676117 ], [ 360870.546723371371627, 6207145.881060540676117 ], [ 360870.546723371371627, 6206645.881060540676117 ], [ 361370.546723371371627, 6206645.881060540676117 ] ] ] } },
{ "type": "Feature", "properties": { "restaurant_count": 0 }, "geometry": { "type": "Polygon", "coordinates": [ [ [ 361370.546723371371627, 6207145.881060540676117 ], [ 361370.546723371371627, 6207645.881060540676117 ], [ 360870.546723371371627, 6207645.881060540676117 ], [ 360870.546723371371627, 6207145.881060540676117 ], [ 361370.546723371371627, 6207145.881060540676117 ] ] ] } },
{ "type": "Feature", "properties": { "restaurant_count": 1 }, "geometry": { "type": "Polygon", "coordinates": [ [ [ 361370.546723371371627, 6207645.881060540676117 ], [ 361370.546723371371627, 6208145.881060540676117 ], [ 360870.546723371371627, 6208145.881060540676117 ], [ 360870.546723371371627, 6207645.881060540676117 ], [ 361370.546723371371627, 6207645.881060540676117 ] ] ] } },
{ "type": "Feature", "properties": { "restaurant_count": 0 }, "geometry": { "type": "Polygon", "coordinates": [ [ [ 361370.546723371371627, 6208145.881060540676117 ], [ 361370.546723371371627, 6208645.881060540676117 ], [ 360870.546723371371627, 6208645.881060540676117 ], [ 360870.546723371371627, 6208145.881060540676117 ], [ 361370.546723371371627, 6208145.881060540676117 ] ] ] } },
{ "type": "Feature", "properties": { "restaurant_count": 0 }, "geometry": { "type": "Polygon", "coordinates": [ [ [ 361370.546723371371627, 6208645.881060540676117 ], [ 361370.546723371371627, 6209145.881060540676117 ], [ 360870.546723371371627, 6209145.881060540676117 ], [ 360870.546723371371627, 6208645.881060540676117 ], [ 361370.546723371371627, 6208645.881060540676117 ] ] ] } },
{ "type": "Feature", "properties": { "restaurant_count": 0 }, "geometry": { "type": "Polygon", "coordinates": [ [ [ 361370.546723371371627, 6209145.881060540676117 ], [ 361370.546723371371627, 6209645.881060540676117 ], [ 360870.546723371371627, 6209645.881060540676117 ], [ 360870.546723371371627, 6209145.881060540676117 ], [ 361370.546723371371627, 6209145.881060540676117 ] ] ] } },
{ "type": "Feature", "properties": { "restaurant_count": 0 }, "geometry": { "type": "Polygon", "coordinates": [ [ [ 361370.546723371371627, 6209645.881060540676117 ], [ 361370.546723371371627, 6210145.881060540676117 ], [ 360870.546723371371627, 6210145.881060540676117 ], [ 360870.546723371371627, 6209645.881060540676117 ], [ 361370.546723371371627, 6209645.881060540676117 ] ] ] } },
{ "type": "Feature", "properties": { "restaurant_count": 0 }, "geometry": { "type": "Polygon", "coordinates": [ [ [ 361370.546723371371627, 6210145.881060540676117 ], [ 361370.546723371371627, 6210645.881060540676117 ], [ 360870.546723371371627, 6210645.881060540676117 ], [ 360870.546723371371627, 6210145.881060540676117 ], [ 361370.546723371371627, 6210145.881060540676117 ] ] ] } },
{ "type": "Feature", "properties": { "restaurant_count": 0 }, "geometry": { "type": "Polygon", "coordinates": [ [ [ 361370.546723371371627, 6210645.881060540676117 ], [ 361370.546723371371627, 6211145.881060540676117 ], [ 360870.546723371371627, 6211145.881060540676117 ], [ 360870.546723371371627, 6210645.881060540676117 ], [ 361370.546723371371627, 6210645.881060540676117 ] ] ] } },
{ "type": "Feature", "properties": { "restaurant_count": 0 }, "geometry": { "type": "Polygon", "coordinates": [ [ [ 361370.546723371371627, 6211145.881060540676117 ], [ 361370.546723371371627, 6211645.881060540676117 ], [ 360870.546723371371627, 6211645.881060540676117 ], [ 360870.546723371371627, 6211145.881060540676117 ], [ 361370.546723371371627, 6211145.881060540676117 ] ] ] } },
{ "type": "Feature", "properties": { "restaurant_count": 0 }, "geometry": { "type": "Polygon", "coordinates": [ [ [ 361370.546723371371627, 6211645.881060540676117 ], [ 361370.546723371371627, 6212145.881060540676117 ], [ 360870.546723371371627, 6212145.881060540676117 ], [ 360870.546723371371627, 6211645.881060540676117 ], [ 361370.546723371371627, 6211645.881060540676117 ] ] ] } },
{ "type": "Feature", "properties": { "restaurant_count": 0 }, "geometry": { "type": "Polygon", "coordinates": [ [ [ 361370.546723371371627, 6212145.881060540676117 ], [ 361370.546723371371627, 6212645.881060540676117 ], [ 360870.546723371371627, 6212645.881060540676117 ], [ 360870.546723371371627, 6212145.881060540676117 ], [ 361370.546723371371627, 6212145.881060540676117 ] ] ] } },
{ "type": "Feature", "properties": { "restaurant_count": 0 }, "geometry": { "type": "Polygon", "coordinates": [ [ [ 361370.546723371371627, 6212645.881060540676117 ], [ 361370.546723371371627, 6213145.881060540676117 ], [ 360870.546723371371627, 6213145.881060540676117 ], [ 360870.546723371371627, 6212645.881060540676117 ], [ 361370.546723371371627, 6212645.881060540676117 ] ] ] } },
{ "type": "Feature", "properties": { "restaurant_count": 0 }, "geometry": { "type": "Polygon", "coordinates": [ [ [ 361370.546723371371627, 6213145.881060540676117 ], [ 361370.546723371371627, 6213645.881060540676117 ], [ 360870.546723371371627, 6213645.881060540676117 ], [ 360870.546723371371627, 6213145.881060540676117 ], [ 361370.546723371371627, 6213145.881060540676117 ] ] ] } },
{ "type": "Feature", "properties": { "restaurant_count": 0 }, "geometry": { "type": "Polygon", "coordinates": [ [ [ 361370.546723371371627, 6213645.881060540676117 ], [ 361370.546723371371627, 6214145.881060540676117 ], [ 360870.546723371371627, 6214145.881060540676117 ], [ 360870.546723371371627, 6213645.881060540676117 ], [ 361370.546723371371627, 6213645.881060540676117 ] ] ] } },
{ "type": "Feature", "properties": { "restaurant_count": 0 }, "geometry": { "type": "Polygon", "coordinates": [ [ [ 361370.546723371371627, 6214145.881060540676117 ], [ 361370.546723371371627, 6214645.881060540676117 ], [ 360870.546723371371627, 6214645.881060540676117 ], [ 360870.546723371371627, 6214145.881060540676117 ], [ 361370.546723371371627, 6214145.881060540676117 ] ] ] } },
{ "type": "Feature", "properties": { "restaurant_count": 0 }, "geometry": { "type": "Polygon", "coordinates": [ [ [ 361370.546723371371627, 6214645.881060540676117 ], [ 361370.546723371371627, 6215145.881060540676117 ], [ 360870.546723371371627, 6215145.881060540676117 ], [ 360870.546723371371627, 6214645.881060540676117 ], [ 361370.546723371371627, 6214645.881060540676117 ] ] ] } },
{ "type": "Feature", "properties": { "restaurant_count": 0 }, "geometry": { "type": "Polygon", "coordinates": [ [ [ 361370.546723371371627, 6215145.881060540676117 ], [ 361370.546723371371627, 6215645.881060540676117 ], [ 360870.546723371371627, 6215645.881060540676117 ], [ 360870.546723371371627, 6215145.881060540676117 ], [ 361370.546723371371627, 6215145.881060540676117 ] ] ] } },
{ "type": "Feature", "properties": { "restaurant_count": 0 }, "geometry": { "type": "Polygon", "coordinates": [ [ [ 361370.546723371371627, 6215645.881060540676117 ], [ 361370.546723371371627, 6216145.881060540676117 ], [ 360870.546723371371627, 6216145.881060540676117 ], [ 360870.546723371371627, 6215645.881060540676117 ], [ 361370.546723371371627, 6215645.881060540676117 ] ] ] } },
{ "type": "Feature", "properties": { "restaurant_count": 0 }, "geometry": { "type": "Polygon", "coordinates": [ [ [ 361370.546723371371627, 6216145.881060540676117 ], [ 361370.546723371371627, 6216645.881060540676117 ], [ 360870.546723371371627, 6216645.881060540676117 ], [ 360870.546723371371627, 6216145.881060540676117 ], [ 361370.546723371371627, 6216145.881060540676117 ] ] ] } },
{ "type": "Feature", "properties": { "restaurant_count": 0 }, "geometry": { "type": "Polygon", "coordinates": [ [ [ 361370.546723371371627, 6216645.881060540676117 ], [ 361370.546723371371627, 6217145.881060540676117 ], [ 360870.546723371371627, 6217145.881060540676117 ], [ 360870.546723371371627, 6216645.881060540676117 ], [ 361370.546723371371627, 6216645.881060540676117 ] ] ] } },
{ "type": "Feature", "properties": { "restaurant_count": 0 }, "geometry": { "type": "Polygon", "coordinates": [ [ [ 361370.546723371371627, 6217145.881060540676117 ], [ 361370.546723371371627, 6217645.881060540676117 ], [ 360870.546723371371627, 6217645.881060540676117 ], [ 360870.546723371371627, 6217145.881060540676117 ], [ 361370.546723371371627, 6217145.881060540676117 ] ] ] } },
{ "type": "Feature", "properties": { "restaurant_count": 0 }, "geometry": { "type": "Polygon", "coordinates": [ [ [ 361370.546723371371627, 6217645.881060540676117 ], [ 361370.546723371371627, 6218145.881060540676117 ], [ 360870.546723371371627, 6218145.881060540676117 ], [ 360870.546723371371627, 6217645.881060540676117 ], [ 361370.546723371371627, 6217645.881060540676117 ] ] ] } },
{ "type": "Feature", "properties": { "restaurant_count": 0 }, "geometry": { "type": "Polygon", "coordinates": [ [ [ 361370.546723371371627, 6218145.881060540676117 ], [ 361370.546723371371627, 6218645.881060540676117 ], [ 360870.546723371371627, 6218645.881060540676117 ], [ 360870.546723371371627, 6218145.881060540676117 ], [ 361370.546723371371627, 6218145.881060540676117 ] ] ] } },
{ "type": "Feature", "properties": { "restaurant_count": 0 }, "geometry": { "type": "Polygon", "coordinates": [ [ [ 361370.546723371371627, 6218645.881060540676117 ], [ 361370.546723371371627, 6219145.881060540676117 ], [ 360870.546723371371627, 6219145.881060540676117 ], [ 360870.546723371371627, 6218645.881060540676117 ], [ 361370.546723371371627, 6218645.881060540676117 ] ] ] } },
{ "type": "Feature", "properties": { "restaurant_count": 0 }, "geometry": { "type": "Polygon", "coordinates": [ [ [ 361370.546723371371627, 6219145.881060540676117 ], [ 361370.546723371371627, 6219645.881060540676117 ], [ 360870.546723371371627, 6219645.881060540676117 ], [ 360870.546723371371627, 6219145.881060540676117 ], [ 361370.546723371371627, 6219145.881060540676117 ] ] ] } },
{ "type": "Feature", "properties": { "restaurant_count": 0 }, "geometry": { "type": "Polygon", "coordinates": [ [ [ 361370.546723371371627, 6219645.881060540676117 ], [ 361370.546723371371627, 6220145.881060540676117 ], [ 360870.546723371371627, 6220145.881060540676117 ], [ 360870.546723371371627, 6219645.881060540676117 ], [ 361370.546723371371627, 6219645.881060540676117 ] ] ] } },
{ "type": "Feature", "properties": { "restaurant_count": 0 }, "geometry": { "type": "Polygon", "coordinates": [ [ [ 361370.546723371371627, 6220145.881060540676117 ], [ 361370.546723371371627, 6220645.881060540676117 ], [ 360870.546723371371627, 6220645.881060540676117 ], [ 360870.546723371371627, 6220145.881060540676117 ], [ 361370.546723371371627, 6220145.881060540676117 ] ] ] } },
{ "type": "Feature", "properties": { "restaurant_count": 0 }, "geometry": { "type": "Polygon", "coordinates": [ [ [ 361370.546723371371627, 6220645.881060540676117 ], [ 361370.546723371371627, 6221145.881060540676117 ], [ 360870.546723371371627, 6221145.881060540676117 ], [ 360870.546723371371627, 6220645.881060540676117 ], [ 361370.546723371371627, 6220645.881060540676117 ] ] ] } },
{ "type": "Feature", "properties": { "restaurant_count": 0 }, "geometry": { "type": "Polygon", "coordinates": [ [ [ 361370.546723371371627, 6221145.881060540676117 ], [ 361370.546723371371627, 6221645.881060540676117 ], [ 360870.546723371371627, 6221645.881060540676117 ], [ 360870.546723371371627, 6221145.881060540676117 ], [ 361370.546723371371627, 6221145.881060540676117 ] ] ] } },
{ "type": "Feature", "properties": { "restaurant_count": 0 }, "geometry": { "type": "Polygon", "coordinates": [ [ [ 361370.546723371371627, 6221645.881060540676117 ], [ 361370.546723371371627, 6222145.881060540676117 ], [ 360870.546723371371627, 6222145.881060540676117 ], [ 360870.546723371371627, 6221645.881060540676117 ], [ 361370.546723371371627, 6221645.881060540676117 ] ] ] } },
{ "type": "Feature", "properties": { "restaurant_count": 0 }, "geometry": { "type": "Polygon", "coordinates": [ [ [ 361370.546723371371627, 6222145.881060540676117 ], [ 361370.546723371371627, 6222645.881060540676117 ], [ 360870.546723371371627, 6222645.881060540676117 ], [ 360870.546723371371627, 6222145.881060540676117 ], [ 361370.546723371371627, 6222145.881060540676117 ] ] ] } },
{ "type": "Feature", "properties": { "restaurant_count": 0 }, "geometry": { "type": "Polygon", "coordinates": [ [ [ 361370.546723371371627, 6222645.881060540676117 ], [ 361370.546723371371627, 6223145.881060540676117 ], [ 360870.546723371371627, 6223145.881060540676117 ], [ 360870.546723371371627, 6222645.881060540676117 ], [ 361370.546723371371627, 6222645.881060540676117 ] ] ] } },
{ "type": "Feature", "properties": { "restaurant_count": 0 }, "geometry": { "type": "Polygon", "coordinates": [ [ [ 361370.546723371371627, 6223145.881060540676117 ], [ 361370.546723371371627, 6223645.881060540676117 ], [ 360870.546723371371627, 6223645.881060540676117 ], [ 360870.546723371371627, 6223145.881060540676117 ], [ 361370.546723371371627, 6223145.881060540676117 ] ] ] } },
{ "type": "Feature", "properties": { "restaurant_count": 0 }, "geometry": { "type": "Polygon", "coordinates": [ [ [ 361870.546723371371627, 6203145.881060540676117 ], [ 361870.546723371371627, 6203645.881060540676117 ], [ 361370.546723371371627, 6203645.881060540676117 ], [ 361370.546723371371627, 6203145.881060540676117 ], [ 361870.546723371371627, 6203145.881060540676117 ] ] ] } },
{ "type": "Feature", "properties": { "restaurant_count": 0 }, "geometry": { "type": "Polygon", "coordinates": [ [ [ 361870.546723371371627, 6203645.881060540676117 ], [ 361870.546723371371627, 6204145.881060540676117 ], [ 361370.546723371371627, 6204145.881060540676117 ], [ 361370.546723371371627, 6203645.881060540676117 ], [ 361870.546723371371627, 6203645.881060540676117 ] ] ] } },
{ "type": "Feature", "properties": { "restaurant_count": 1 }, "geometry": { "type": "Polygon", "coordinates": [ [ [ 361870.546723371371627, 6204145.881060540676117 ], [ 361870.546723371371627, 6204645.881060540676117 ], [ 361370.546723371371627, 6204645.881060540676117 ], [ 361370.546723371371627, 6204145.881060540676117 ], [ 361870.546723371371627, 6204145.881060540676117 ] ] ] } },
{ "type": "Feature", "properties": { "restaurant_count": 0 }, "geometry": { "type": "Polygon", "coordinates": [ [ [ 361870.546723371371627, 6204645.881060540676117 ], [ 361870.546723371371627, 6205145.881060540676117 ], [ 361370.546723371371627, 6205145.881060540676117 ], [ 361370.546723371371627, 6204645.881060540676117 ], [ 361870.546723371371627, 6204645.881060540676117 ] ] ] } },
{ "type": "Feature", "properties": { "restaurant_count": 0 }, "geometry": { "type": "Polygon", "coordinates": [ [ [ 361870.546723371371627, 6205145.881060540676117 ], [ 361870.546723371371627, 6205645.881060540676117 ], [ 361370.546723371371627, 6205645.881060540676117 ], [ 361370.546723371371627, 6205145.881060540676117 ], [ 361870.546723371371627, 6205145.881060540676117 ] ] ] } },
{ "type": "Feature", "properties": { "restaurant_count": 0 }, "geometry": { "type": "Polygon", "coordinates": [ [ [ 361870.546723371371627, 6205645.881060540676117 ], [ 361870.546723371371627, 6206145.881060540676117 ], [ 361370.546723371371627, 6206145.881060540676117 ], [ 361370.546723371371627, 6205645.881060540676117 ], [ 361870.546723371371627, 6205645.881060540676117 ] ] ] } },
{ "type": "Feature", "properties": { "restaurant_count": 0 }, "geometry": { "type": "Polygon", "coordinates": [ [ [ 361870.546723371371627, 6206145.881060540676117 ], [ 361870.546723371371627, 6206645.881060540676117 ], [ 361370.546723371371627, 6206645.881060540676117 ], [ 361370.546723371371627, 6206145.881060540676117 ], [ 361870.546723371371627, 6206145.881060540676117 ] ] ] } },
{ "type": "Feature", "properties": { "restaurant_count": 0 }, "geometry": { "type": "Polygon", "coordinates": [ [ [ 361870.546723371371627, 6206645.881060540676117 ], [ 361870.546723371371627, 6207145.881060540676117 ], [ 361370.546723371371627, 6207145.881060540676117 ], [ 361370.546723371371627, 6206645.881060540676117 ], [ 361870.546723371371627, 6206645.881060540676117 ] ] ] } },
{ "type": "Feature", "properties": { "restaurant_count": 0 }, "geometry": { "type": "Polygon", "coordinates": [ [ [ 361870.546723371371627, 6207145.881060540676117 ], [ 361870.546723371371627, 6207645.881060540676117 ], [ 361370.546723371371627, 6207645.881060540676117 ], [ 361370.546723371371627, 6207145.881060540676117 ], [ 361870.546723371371627, 6207145.881060540676117 ] ] ] } },
{ "type": "Feature", "properties": { "restaurant_count": 0 }, "geometry": { "type": "Polygon", "coordinates": [ [ [ 361870.546723371371627, 6207645.881060540676117 ], [ 361870.546723371371627, 6208145.881060540676117 ], [ 361370.546723371371627, 6208145.881060540676117 ], [ 361370.546723371371627, 6207645.881060540676117 ], [ 361870.546723371371627, 6207645.881060540676117 ] ] ] } },
{ "type": "Feature", "properties": { "restaurant_count": 0 }, "geometry": { "type": "Polygon", "coordinates": [ [ [ 361870.546723371371627, 6208145.881060540676117 ], [ 361870.546723371371627, 6208645.881060540676117 ], [ 361370.546723371371627, 6208645.881060540676117 ], [ 361370.546723371371627, 6208145.881060540676117 ], [ 361870.546723371371627, 6208145.881060540676117 ] ] ] } },
{ "type": "Feature", "properties": { "restaurant_count": 0 }, "geometry": { "type": "Polygon", "coordinates": [ [ [ 361870.546723371371627, 6208645.881060540676117 ], [ 361870.546723371371627, 6209145.881060540676117 ], [ 361370.546723371371627, 6209145.881060540676117 ], [ 361370.546723371371627, 6208645.881060540676117 ], [ 361870.546723371371627, 6208645.881060540676117 ] ] ] } },
{ "type": "Feature", "properties": { "restaurant_count": 0 }, "geometry": { "type": "Polygon", "coordinates": [ [ [ 361870.546723371371627, 6209145.881060540676117 ], [ 361870.546723371371627, 6209645.881060540676117 ], [ 361370.546723371371627, 6209645.881060540676117 ], [ 361370.546723371371627, 6209145.881060540676117 ], [ 361870.546723371371627, 6209145.881060540676117 ] ] ] } },
{ "type": "Feature", "properties": { "restaurant_count": 0 }, "geometry": { "type": "Polygon", "coordinates": [ [ [ 361870.546723371371627, 6209645.881060540676117 ], [ 361870.546723371371627, 6210145.881060540676117 ], [ 361370.546723371371627, 6210145.881060540676117 ], [ 361370.546723371371627, 6209645.881060540676117 ], [ 361870.546723371371627, 6209645.881060540676117 ] ] ] } },
{ "type": "Feature", "properties": { "restaurant_count": 0 }, "geometry": { "type": "Polygon", "coordinates": [ [ [ 361870.546723371371627, 6210145.881060540676117 ], [ 361870.546723371371627, 6210645.881060540676117 ], [ 361370.546723371371627, 6210645.881060540676117 ], [ 361370.546723371371627, 6210145.881060540676117 ], [ 361870.546723371371627, 6210145.881060540676117 ] ] ] } },
{ "type": "Feature", "properties": { "restaurant_count": 0 }, "geometry": { "type": "Polygon", "coordinates": [ [ [ 361870.546723371371627, 6210645.881060540676117 ], [ 361870.546723371371627, 6211145.881060540676117 ], [ 361370.546723371371627, 6211145.881060540676117 ], [ 361370.546723371371627, 6210645.881060540676117 ], [ 361870.546723371371627, 6210645.881060540676117 ] ] ] } },
{ "type": "Feature", "properties": { "restaurant_count": 0 }, "geometry": { "type": "Polygon", "coordinates": [ [ [ 361870.546723371371627, 6211145.881060540676117 ], [ 361870.546723371371627, 6211645.881060540676117 ], [ 361370.546723371371627, 6211645.881060540676117 ], [ 361370.546723371371627, 6211145.881060540676117 ], [ 361870.546723371371627, 6211145.881060540676117 ] ] ] } },
{ "type": "Feature", "properties": { "restaurant_count": 0 }, "geometry": { "type": "Polygon", "coordinates": [ [ [ 361870.546723371371627, 6211645.881060540676117 ], [ 361870.546723371371627, 6212145.881060540676117 ], [ 361370.546723371371627, 6212145.881060540676117 ], [ 361370.546723371371627, 6211645.881060540676117 ], [ 361870.546723371371627, 6211645.881060540676117 ] ] ] } },
{ "type": "Feature", "properties": { "restaurant_count": 0 }, "geometry": { "type": "Polygon", "coordinates": [ [ [ 361870.546723371371627, 6212145.881060540676117 ], [ 361870.546723371371627, 6212645.881060540676117 ], [ 361370.546723371371627, 6212645.881060540676117 ], [ 361370.546723371371627, 6212145.881060540676117 ], [ 361870.546723371371627, 6212145.881060540676117 ] ] ] } },
{ "type": "Feature", "properties": { "restaurant_count": 0 }, "geometry": { "type": "Polygon", "coordinates": [ [ [ 361870.546723371371627, 6212645.881060540676117 ], [ 361870.546723371371627, 6213145.881060540676117 ], [ 361370.546723371371627, 6213145.881060540676117 ], [ 361370.546723371371627, 6212645.881060540676117 ], [ 361870.546723371371627, 6212645.881060540676117 ] ] ] } },
{ "type": "Feature", "properties": { "restaurant_count": 0 }, "geometry": { "type": "Polygon", "coordinates": [ [ [ 361870.546723371371627, 6213145.881060540676117 ], [ 361870.546723371371627, 6213645.881060540676117 ], [ 361370.546723371371627, 6213645.881060540676117 ], [ 361370.546723371371627, 6213145.881060540676117 ], [ 361870.546723371371627, 6213145.881060540676117 ] ] ] } },
{ "type": "Feature", "properties": { "restaurant_count": 0 }, "geometry": { "type": "Polygon", "coordinates": [ [ [ 361870.546723371371627, 6213645.881060540676117 ], [ 361870.546723371371627, 6214145.881060540676117 ], [ 361370.546723371371627, 6214145.881060540676117 ], [ 361370.546723371371627, 6213645.881060540676117 ], [ 361870.546723371371627, 6213645.881060540676117 ] ] ] } },
{ "type": "Feature", "properties": { "restaurant_count": 0 }, "geometry": { "type": "Polygon", "coordinates": [ [ [ 361870.546723371371627, 6214145.881060540676117 ], [ 361870.546723371371627, 6214645.881060540676117 ], [ 361370.546723371371627, 6214645.881060540676117 ], [ 361370.546723371371627, 6214145.881060540676117 ], [ 361870.546723371371627, 6214145.881060540676117 ] ] ] } },
{ "type": "Feature", "properties": { "restaurant_count": 0 }, "geometry": { "type": "Polygon", "coordinates": [ [ [ 361870.546723371371627, 6214645.881060540676117 ], [ 361870.546723371371627, 6215145.881060540676117 ], [ 361370.546723371371627, 6215145.881060540676117 ], [ 361370.546723371371627, 6214645.881060540676117 ], [ 361870.546723371371627, 6214645.881060540676117 ] ] ] } },
{ "type": "Feature", "properties": { "restaurant_count": 0 }, "geometry": { "type": "Polygon", "coordinates": [ [ [ 361870.546723371371627, 6215145.881060540676117 ], [ 361870.546723371371627, 6215645.881060540676117 ], [ 361370.546723371371627, 6215645.881060540676117 ], [ 361370.546723371371627, 6215145.881060540676117 ], [ 361870.546723371371627, 6215145.881060540676117 ] ] ] } },
{ "type": "Feature", "properties": { "restaurant_count": 0 }, "geometry": { "type": "Polygon", "coordinates": [ [ [ 361870.546723371371627, 6215645.881060540676117 ], [ 361870.546723371371627, 6216145.881060540676117 ], [ 361370.546723371371627, 6216145.881060540676117 ], [ 361370.546723371371627, 6215645.881060540676117 ], [ 361870.546723371371627, 6215645.881060540676117 ] ] ] } },
{ "type": "Feature", "properties": { "restaurant_count": 0 }, "geometry": { "type": "Polygon", "coordinates": [ [ [ 361870.546723371371627, 6216145.881060540676117 ], [ 361870.546723371371627, 6216645.881060540676117 ], [ 361370.546723371371627, 6216645.881060540676117 ], [ 361370.546723371371627, 6216145.881060540676117 ], [ 361870.546723371371627, 6216145.881060540676117 ] ] ] } },
{ "type": "Feature", "properties": { "restaurant_count": 0 }, "geometry": { "type": "Polygon", "coordinates": [ [ [ 361870.546723371371627, 6216645.881060540676117 ], [ 361870.546723371371627, 6217145.881060540676117 ], [ 361370.546723371371627, 6217145.881060540676117 ], [ 361370.546723371371627, 6216645.881060540676117 ], [ 361870.546723371371627, 6216645.881060540676117 ] ] ] } },
{ "type": "Feature", "properties": { "restaurant_count": 0 }, "geometry": { "type": "Polygon", "coordinates": [ [ [ 361870.546723371371627, 6217145.881060540676117 ], [ 361870.546723371371627, 6217645.881060540676117 ], [ 361370.546723371371627, 6217645.881060540676117 ], [ 361370.546723371371627, 6217145.881060540676117 ], [ 361870.546723371371627, 6217145.881060540676117 ] ] ] } },
{ "type": "Feature", "properties": { "restaurant_count": 0 }, "geometry": { "type": "Polygon", "coordinates": [ [ [ 361870.546723371371627, 6217645.881060540676117 ], [ 361870.546723371371627, 6218145.881060540676117 ], [ 361370.546723371371627, 6218145.881060540676117 ], [ 361370.546723371371627, 6217645.881060540676117 ], [ 361870.546723371371627, 6217645.881060540676117 ] ] ] } },
{ "type": "Feature", "properties": { "restaurant_count": 0 }, "geometry": { "type": "Polygon", "coordinates": [ [ [ 361870.546723371371627, 6218145.881060540676117 ], [ 361870.546723371371627, 6218645.881060540676117 ], [ 361370.546723371371627, 6218645.881060540676117 ], [ 361370.546723371371627, 6218145.881060540676117 ], [ 361870.546723371371627, 6218145.881060540676117 ] ] ] } },
{ "type": "Feature", "properties": { "restaurant_count": 0 }, "geometry": { "type": "Polygon", "coordinates": [ [ [ 361870.546723371371627, 6218645.881060540676117 ], [ 361870.546723371371627, 6219145.881060540676117 ], [ 361370.546723371371627, 6219145.881060540676117 ], [ 361370.546723371371627, 6218645.881060540676117 ], [ 361870.546723371371627, 6218645.881060540676117 ] ] ] } },
{ "type": "Feature", "properties": { "restaurant_count": 0 }, "geometry": { "type": "Polygon", "coordinates": [ [ [ 361870.546723371371627, 6219145.881060540676117 ], [ 361870.546723371371627, 6219645.881060540676117 ], [ 361370.546723371371627, 6219645.881060540676117 ], [ 361370.546723371371627, 6219145.881060540676117 ], [ 361870.546723371371627, 6219145.881060540676117 ] ] ] } },
{ "type": "Feature", "properties": { "restaurant_count": 0 }, "geometry": { "type": "Polygon", "coordinates": [ [ [ 361870.546723371371627, 6219645.881060540676117 ], [ 361870.546723371371627, 6220145.881060540676117 ], [ 361370.546723371371627, 6220145.881060540676117 ], [ 361370.546723371371627, 6219645.881060540676117 ], [ 361870.546723371371627, 6219645.881060540676117 ] ] ] } },
{ "type": "Feature", "properties": { "restaurant_count": 0 }, "geometry": { "type": "Polygon", "coordinates": [ [ [ 361870.546723371371627, 6220145.881060540676117 ], [ 361870.546723371371627, 6220645.881060540676117 ], [ 361370.546723371371627, 6220645.881060540676117 ], [ 361370.546723371371627, 6220145.881060540676117 ], [ 361870.546723371371627, 6220145.881060540676117 ] ] ] } },
{ "type": "Feature", "properties": { "restaurant_count": 0 }, "geometry": { "type": "Polygon", "coordinates": [ [ [ 361870.546723371371627, 6220645.881060540676117 ], [ 361870.546723371371627, 6221145.881060540676117 ], [ 361370.546723371371627, 6221145.881060540676117 ], [ 361370.546723371371627, 6220645.881060540676117 ], [ 361870.546723371371627, 6220645.881060540676117 ] ] ] } },
{ "type": "Feature", "properties": { "restaurant_count": 0 }, "geometry": { "type": "Polygon", "coordinates": [ [ [ 361870.546723371371627, 6221145.881060540676117 ], [ 361870.546723371371627, 6221645.881060540676117 ], [ 361370.546723371371627, 6221645.881060540676117 ], [ 361370.546723371371627, 6221145.881060540676117 ], [ 361870.546723371371627, 6221145.881060540676117 ] ] ] } },
{ "type": "Feature", "properties": { "restaurant_count": 0 }, "geometry": { "type": "Polygon", "coordinates": [ [ [ 361870.546723371371627, 6221645.881060540676117 ], [ 361870.546723371371627, 6222145.881060540676117 ], [ 361370.546723371371627, 6222145.881060540676117 ], [ 361370.546723371371627, 6221645.881060540676117 ], [ 361870.546723371371627, 6221645.881060540676117 ] ] ] } },
{ "type": "Feature", "properties": { "restaurant_count": 0 }, "geometry": { "type": "Polygon", "coordinates": [ [ [ 361870.546723371371627, 6222145.881060540676117 ], [ 361870.546723371371627, 6222645.881060540676117 ], [ 361370.546723371371627, 6222645.881060540676117 ], [ 361370.546723371371627, 6222145.881060540676117 ], [ 361870.546723371371627, 6222145.881060540676117 ] ] ] } },
{ "type": "Feature", "properties": { "restaurant_count": 0 }, "geometry": { "type": "Polygon", "coordinates": [ [ [ 361870.546723371371627, 6222645.881060540676117 ], [ 361870.546723371371627, 6223145.881060540676117 ], [ 361370.546723371371627, 6223145.881060540676117 ], [ 361370.546723371371627, 6222645.881060540676117 ], [ 361870.546723371371627, 6222645.881060540676117 ] ] ] } },
{ "type": "Feature", "properties": { "restaurant_count": 0 }, "geometry": { "type": "Polygon", "coordinates": [ [ [ 361870.546723371371627, 6223145.881060540676117 ], [ 361870.546723371371627, 6223645.881060540676117 ], [ 361370.546723371371627, 6223645.881060540676117 ], [ 361370.546723371371627, 6223145.881060540676117 ], [ 361870.546723371371627, 6223145.881060540676117 ] ] ] } },
{ "type": "Feature", "properties": { "restaurant_count": 0 }, "geometry": { "type": "Polygon", "coordinates": [ [ [ 362370.546723371371627, 6203145.881060540676117 ], [ 362370.546723371371627, 6203645.881060540676117 ], [ 361870.546723371371627, 6203645.881060540676117 ], [ 361870.546723371371627, 6203145.881060540676117 ], [ 362370.546723371371627, 6203145.881060540676117 ] ] ] } },
{ "type": "Feature", "properties": { "restaurant_count": 0 }, "geometry": { "type": "Polygon", "coordinates": [ [ [ 362370.546723371371627, 6203645.881060540676117 ], [ 362370.546723371371627, 6204145.881060540676117 ], [ 361870.546723371371627, 6204145.881060540676117 ], [ 361870.546723371371627, 6203645.881060540676117 ], [ 362370.546723371371627, 6203645.881060540676117 ] ] ] } },
{ "type": "Feature", "properties": { "restaurant_count": 0 }, "geometry": { "type": "Polygon", "coordinates": [ [ [ 362370.546723371371627, 6204145.881060540676117 ], [ 362370.546723371371627, 6204645.881060540676117 ], [ 361870.546723371371627, 6204645.881060540676117 ], [ 361870.546723371371627, 6204145.881060540676117 ], [ 362370.546723371371627, 6204145.881060540676117 ] ] ] } },
{ "type": "Feature", "properties": { "restaurant_count": 0 }, "geometry": { "type": "Polygon", "coordinates": [ [ [ 362370.546723371371627, 6204645.881060540676117 ], [ 362370.546723371371627, 6205145.881060540676117 ], [ 361870.546723371371627, 6205145.881060540676117 ], [ 361870.546723371371627, 6204645.881060540676117 ], [ 362370.546723371371627, 6204645.881060540676117 ] ] ] } },
{ "type": "Feature", "properties": { "restaurant_count": 0 }, "geometry": { "type": "Polygon", "coordinates": [ [ [ 362370.546723371371627, 6205145.881060540676117 ], [ 362370.546723371371627, 6205645.881060540676117 ], [ 361870.546723371371627, 6205645.881060540676117 ], [ 361870.546723371371627, 6205145.881060540676117 ], [ 362370.546723371371627, 6205145.881060540676117 ] ] ] } },
{ "type": "Feature", "properties": { "restaurant_count": 0 }, "geometry": { "type": "Polygon", "coordinates": [ [ [ 362370.546723371371627, 6205645.881060540676117 ], [ 362370.546723371371627, 6206145.881060540676117 ], [ 361870.546723371371627, 6206145.881060540676117 ], [ 361870.546723371371627, 6205645.881060540676117 ], [ 362370.546723371371627, 6205645.881060540676117 ] ] ] } },
{ "type": "Feature", "properties": { "restaurant_count": 0 }, "geometry": { "type": "Polygon", "coordinates": [ [ [ 362370.546723371371627, 6206145.881060540676117 ], [ 362370.546723371371627, 6206645.881060540676117 ], [ 361870.546723371371627, 6206645.881060540676117 ], [ 361870.546723371371627, 6206145.881060540676117 ], [ 362370.546723371371627, 6206145.881060540676117 ] ] ] } },
{ "type": "Feature", "properties": { "restaurant_count": 0 }, "geometry": { "type": "Polygon", "coordinates": [ [ [ 362370.546723371371627, 6206645.881060540676117 ], [ 362370.546723371371627, 6207145.881060540676117 ], [ 361870.546723371371627, 6207145.881060540676117 ], [ 361870.546723371371627, 6206645.881060540676117 ], [ 362370.546723371371627, 6206645.881060540676117 ] ] ] } },
{ "type": "Feature", "properties": { "restaurant_count": 0 }, "geometry": { "type": "Polygon", "coordinates": [ [ [ 362370.546723371371627, 6207145.881060540676117 ], [ 362370.546723371371627, 6207645.881060540676117 ], [ 361870.546723371371627, 6207645.881060540676117 ], [ 361870.546723371371627, 6207145.881060540676117 ], [ 362370.546723371371627, 6207145.881060540676117 ] ] ] } },
{ "type": "Feature", "properties": { "restaurant_count": 0 }, "geometry": { "type": "Polygon", "coordinates": [ [ [ 362370.546723371371627, 6207645.881060540676117 ], [ 362370.546723371371627, 6208145.881060540676117 ], [ 361870.546723371371627, 6208145.881060540676117 ], [ 361870.546723371371627, 6207645.881060540676117 ], [ 362370.546723371371627, 6207645.881060540676117 ] ] ] } },
{ "type": "Feature", "properties": { "restaurant_count": 0 }, "geometry": { "type": "Polygon", "coordinates": [ [ [ 362370.546723371371627, 6208145.881060540676117 ], [ 362370.546723371371627, 6208645.881060540676117 ], [ 361870.546723371371627, 6208645.881060540676117 ], [ 361870.546723371371627, 6208145.881060540676117 ], [ 362370.546723371371627, 6208145.881060540676117 ] ] ] } },
{ "type": "Feature", "properties": { "restaurant_count": 0 }, "geometry": { "type": "Polygon", "coordinates": [ [ [ 362370.546723371371627, 6208645.881060540676117 ], [ 362370.546723371371627, 6209145.881060540676117 ], [ 361870.546723371371627, 6209145.881060540676117 ], [ 361870.546723371371627, 6208645.881060540676117 ], [ 362370.546723371371627, 6208645.881060540676117 ] ] ] } },
{ "type": "Feature", "properties": { "restaurant_count": 0 }, "geometry": { "type": "Polygon", "coordinates": [ [ [ 362370.546723371371627, 6209145.881060540676117 ], [ 362370.546723371371627, 6209645.881060540676117 ], [ 361870.546723371371627, 6209645.881060540676117 ], [ 361870.546723371371627, 6209145.881060540676117 ], [ 362370.546723371371627, 6209145.881060540676117 ] ] ] } },
{ "type": "Feature", "properties": { "restaurant_count": 0 }, "geometry": { "type": "Polygon", "coordinates": [ [ [ 362370.546723371371627, 6209645.881060540676117 ], [ 362370.546723371371627, 6210145.881060540676117 ], [ 361870.546723371371627, 6210145.881060540676117 ], [ 361870.546723371371627, 6209645.881060540676117 ], [ 362370.546723371371627, 6209645.881060540676117 ] ] ] } },
{ "type": "Feature", "properties": { "restaurant_count": 0 }, "geometry": { "type": "Polygon", "coordinates": [ [ [ 362370.546723371371627, 6210145.881060540676117 ], [ 362370.546723371371627, 6210645.881060540676117 ], [ 361870.546723371371627, 6210645.881060540676117 ], [ 361870.546723371371627, 6210145.881060540676117 ], [ 362370.546723371371627, 6210145.881060540676117 ] ] ] } },
{ "type": "Feature", "properties": { "restaurant_count": 0 }, "geometry": { "type": "Polygon", "coordinates": [ [ [ 362370.546723371371627, 6210645.881060540676117 ], [ 362370.546723371371627, 6211145.881060540676117 ], [ 361870.546723371371627, 6211145.881060540676117 ], [ 361870.546723371371627, 6210645.881060540676117 ], [ 362370.546723371371627, 6210645.881060540676117 ] ] ] } },
{ "type": "Feature", "properties": { "restaurant_count": 0 }, "geometry": { "type": "Polygon", "coordinates": [ [ [ 362370.546723371371627, 6211145.881060540676117 ], [ 362370.546723371371627, 6211645.881060540676117 ], [ 361870.546723371371627, 6211645.881060540676117 ], [ 361870.546723371371627, 6211145.881060540676117 ], [ 362370.546723371371627, 6211145.881060540676117 ] ] ] } },
{ "type": "Feature", "properties": { "restaurant_count": 0 }, "geometry": { "type": "Polygon", "coordinates": [ [ [ 362370.546723371371627, 6211645.881060540676117 ], [ 362370.546723371371627, 6212145.881060540676117 ], [ 361870.546723371371627, 6212145.881060540676117 ], [ 361870.546723371371627, 6211645.881060540676117 ], [ 362370.546723371371627, 6211645.881060540676117 ] ] ] } },
{ "type": "Feature", "properties": { "restaurant_count": 0 }, "geometry": { "type": "Polygon", "coordinates": [ [ [ 362370.546723371371627, 6212145.881060540676117 ], [ 362370.546723371371627, 6212645.881060540676117 ], [ 361870.546723371371627, 6212645.881060540676117 ], [ 361870.546723371371627, 6212145.881060540676117 ], [ 362370.546723371371627, 6212145.881060540676117 ] ] ] } },
{ "type": "Feature", "properties": { "restaurant_count": 0 }, "geometry": { "type": "Polygon", "coordinates": [ [ [ 362370.546723371371627, 6212645.881060540676117 ], [ 362370.546723371371627, 6213145.881060540676117 ], [ 361870.546723371371627, 6213145.881060540676117 ], [ 361870.546723371371627, 6212645.881060540676117 ], [ 362370.546723371371627, 6212645.881060540676117 ] ] ] } },
{ "type": "Feature", "properties": { "restaurant_count": 0 }, "geometry": { "type": "Polygon", "coordinates": [ [ [ 362370.546723371371627, 6213145.881060540676117 ], [ 362370.546723371371627, 6213645.881060540676117 ], [ 361870.546723371371627, 6213645.881060540676117 ], [ 361870.546723371371627, 6213145.881060540676117 ], [ 362370.546723371371627, 6213145.881060540676117 ] ] ] } },
{ "type": "Feature", "properties": { "restaurant_count": 0 }, "geometry": { "type": "Polygon", "coordinates": [ [ [ 362370.546723371371627, 6213645.881060540676117 ], [ 362370.546723371371627, 6214145.881060540676117 ], [ 361870.546723371371627, 6214145.881060540676117 ], [ 361870.546723371371627, 6213645.881060540676117 ], [ 362370.546723371371627, 6213645.881060540676117 ] ] ] } },
{ "type": "Feature", "properties": { "restaurant_count": 0 }, "geometry": { "type": "Polygon", "coordinates": [ [ [ 362370.546723371371627, 6214145.881060540676117 ], [ 362370.546723371371627, 6214645.881060540676117 ], [ 361870.546723371371627, 6214645.881060540676117 ], [ 361870.546723371371627, 6214145.881060540676117 ], [ 362370.546723371371627, 6214145.881060540676117 ] ] ] } },
{ "type": "Feature", "properties": { "restaurant_count": 1 }, "geometry": { "type": "Polygon", "coordinates": [ [ [ 362370.546723371371627, 6214645.881060540676117 ], [ 362370.546723371371627, 6215145.881060540676117 ], [ 361870.546723371371627, 6215145.881060540676117 ], [ 361870.546723371371627, 6214645.881060540676117 ], [ 362370.546723371371627, 6214645.881060540676117 ] ] ] } },
{ "type": "Feature", "properties": { "restaurant_count": 0 }, "geometry": { "type": "Polygon", "coordinates": [ [ [ 362370.546723371371627, 6215145.881060540676117 ], [ 362370.546723371371627, 6215645.881060540676117 ], [ 361870.546723371371627, 6215645.881060540676117 ], [ 361870.546723371371627, 6215145.881060540676117 ], [ 362370.546723371371627, 6215145.881060540676117 ] ] ] } },
{ "type": "Feature", "properties": { "restaurant_count": 0 }, "geometry": { "type": "Polygon", "coordinates": [ [ [ 362370.546723371371627, 6215645.881060540676117 ], [ 362370.546723371371627, 6216145.881060540676117 ], [ 361870.546723371371627, 6216145.881060540676117 ], [ 361870.546723371371627, 6215645.881060540676117 ], [ 362370.546723371371627, 6215645.881060540676117 ] ] ] } },
{ "type": "Feature", "properties": { "restaurant_count": 0 }, "geometry": { "type": "Polygon", "coordinates": [ [ [ 362370.546723371371627, 6216145.881060540676117 ], [ 362370.546723371371627, 6216645.881060540676117 ], [ 361870.546723371371627, 6216645.881060540676117 ], [ 361870.546723371371627, 6216145.881060540676117 ], [ 362370.546723371371627, 6216145.881060540676117 ] ] ] } },
{ "type": "Feature", "properties": { "restaurant_count": 0 }, "geometry": { "type": "Polygon", "coordinates": [ [ [ 362370.546723371371627, 6216645.881060540676117 ], [ 362370.546723371371627, 6217145.881060540676117 ], [ 361870.546723371371627, 6217145.881060540676117 ], [ 361870.546723371371627, 6216645.881060540676117 ], [ 362370.546723371371627, 6216645.881060540676117 ] ] ] } },
{ "type": "Feature", "properties": { "restaurant_count": 0 }, "geometry": { "type": "Polygon", "coordinates": [ [ [ 362370.546723371371627, 6217145.881060540676117 ], [ 362370.546723371371627, 6217645.881060540676117 ], [ 361870.546723371371627, 6217645.881060540676117 ], [ 361870.546723371371627, 6217145.881060540676117 ], [ 362370.546723371371627, 6217145.881060540676117 ] ] ] } },
{ "type": "Feature", "properties": { "restaurant_count": 0 }, "geometry": { "type": "Polygon", "coordinates": [ [ [ 362370.546723371371627, 6217645.881060540676117 ], [ 362370.546723371371627, 6218145.881060540676117 ], [ 361870.546723371371627, 6218145.881060540676117 ], [ 361870.546723371371627, 6217645.881060540676117 ], [ 362370.546723371371627, 6217645.881060540676117 ] ] ] } },
{ "type": "Feature", "properties": { "restaurant_count": 0 }, "geometry": { "type": "Polygon", "coordinates": [ [ [ 362370.546723371371627, 6218145.881060540676117 ], [ 362370.546723371371627, 6218645.881060540676117 ], [ 361870.546723371371627, 6218645.881060540676117 ], [ 361870.546723371371627, 6218145.881060540676117 ], [ 362370.546723371371627, 6218145.881060540676117 ] ] ] } },
{ "type": "Feature", "properties": { "restaurant_count": 0 }, "geometry": { "type": "Polygon", "coordinates": [ [ [ 362370.546723371371627, 6218645.881060540676117 ], [ 362370.546723371371627, 6219145.881060540676117 ], [ 361870.546723371371627, 6219145.881060540676117 ], [ 361870.546723371371627, 6218645.881060540676117 ], [ 362370.546723371371627, 6218645.881060540676117 ] ] ] } },
{ "type": "Feature", "properties": { "restaurant_count": 0 }, "geometry": { "type": "Polygon", "coordinates": [ [ [ 362370.546723371371627, 6219145.881060540676117 ], [ 362370.546723371371627, 6219645.881060540676117 ], [ 361870.546723371371627, 6219645.881060540676117 ], [ 361870.546723371371627, 6219145.881060540676117 ], [ 362370.546723371371627, 6219145.881060540676117 ] ] ] } },
{ "type": "Feature", "properties": { "restaurant_count": 0 }, "geometry": { "type": "Polygon", "coordinates": [ [ [ 362370.546723371371627, 6219645.881060540676117 ], [ 362370.546723371371627, 6220145.881060540676117 ], [ 361870.546723371371627, 6220145.881060540676117 ], [ 361870.546723371371627, 6219645.881060540676117 ], [ 362370.546723371371627, 6219645.881060540676117 ] ] ] } },
{ "type": "Feature", "properties": { "restaurant_count": 0 }, "geometry": { "type": "Polygon", "coordinates": [ [ [ 362370.546723371371627, 6220145.881060540676117 ], [ 362370.546723371371627, 6220645.881060540676117 ], [ 361870.546723371371627, 6220645.881060540676117 ], [ 361870.546723371371627, 6220145.881060540676117 ], [ 362370.546723371371627, 6220145.881060540676117 ] ] ] } },
{ "type": "Feature", "properties": { "restaurant_count": 0 }, "geometry": { "type": "Polygon", "coordinates": [ [ [ 362370.546723371371627, 6220645.881060540676117 ], [ 362370.546723371371627, 6221145.881060540676117 ], [ 361870.546723371371627, 6221145.881060540676117 ], [ 361870.546723371371627, 6220645.881060540676117 ], [ 362370.546723371371627, 6220645.881060540676117 ] ] ] } },
{ "type": "Feature", "properties": { "restaurant_count": 0 }, "geometry": { "type": "Polygon", "coordinates": [ [ [ 362370.546723371371627, 6221145.881060540676117 ], [ 362370.546723371371627, 6221645.881060540676117 ], [ 361870.546723371371627, 6221645.881060540676117 ], [ 361870.546723371371627, 6221145.881060540676117 ], [ 362370.546723371371627, 6221145.881060540676117 ] ] ] } },
{ "type": "Feature", "properties": { "restaurant_count": 0 }, "geometry": { "type": "Polygon", "coordinates": [ [ [ 362370.546723371371627, 6221645.881060540676117 ], [ 362370.546723371371627, 6222145.881060540676117 ], [ 361870.546723371371627, 6222145.881060540676117 ], [ 361870.546723371371627, 6221645.881060540676117 ], [ 362370.546723371371627, 6221645.881060540676117 ] ] ] } },
{ "type": "Feature", "properties": { "restaurant_count": 0 }, "geometry": { "type": "Polygon", "coordinates": [ [ [ 362370.546723371371627, 6222145.881060540676117 ], [ 362370.546723371371627, 6222645.881060540676117 ], [ 361870.546723371371627, 6222645.881060540676117 ], [ 361870.546723371371627, 6222145.881060540676117 ], [ 362370.546723371371627, 6222145.881060540676117 ] ] ] } },
{ "type": "Feature", "properties": { "restaurant_count": 0 }, "geometry": { "type": "Polygon", "coordinates": [ [ [ 362370.546723371371627, 6222645.881060540676117 ], [ 362370.546723371371627, 6223145.881060540676117 ], [ 361870.546723371371627, 6223145.881060540676117 ], [ 361870.546723371371627, 6222645.881060540676117 ], [ 362370.546723371371627, 6222645.881060540676117 ] ] ] } },
{ "type": "Feature", "properties": { "restaurant_count": 0 }, "geometry": { "type": "Polygon", "coordinates": [ [ [ 362370.546723371371627, 6223145.881060540676117 ], [ 362370.546723371371627, 6223645.881060540676117 ], [ 361870.546723371371627, 6223645.881060540676117 ], [ 361870.546723371371627, 6223145.881060540676117 ], [ 362370.546723371371627, 6223145.881060540676117 ] ] ] } },
{ "type": "Feature", "properties": { "restaurant_count": 0 }, "geometry": { "type": "Polygon", "coordinates": [ [ [ 362870.546723371371627, 6203145.881060540676117 ], [ 362870.546723371371627, 6203645.881060540676117 ], [ 362370.546723371371627, 6203645.881060540676117 ], [ 362370.546723371371627, 6203145.881060540676117 ], [ 362870.546723371371627, 6203145.881060540676117 ] ] ] } },
{ "type": "Feature", "properties": { "restaurant_count": 0 }, "geometry": { "type": "Polygon", "coordinates": [ [ [ 362870.546723371371627, 6203645.881060540676117 ], [ 362870.546723371371627, 6204145.881060540676117 ], [ 362370.546723371371627, 6204145.881060540676117 ], [ 362370.546723371371627, 6203645.881060540676117 ], [ 362870.546723371371627, 6203645.881060540676117 ] ] ] } },
{ "type": "Feature", "properties": { "restaurant_count": 0 }, "geometry": { "type": "Polygon", "coordinates": [ [ [ 362870.546723371371627, 6204145.881060540676117 ], [ 362870.546723371371627, 6204645.881060540676117 ], [ 362370.546723371371627, 6204645.881060540676117 ], [ 362370.546723371371627, 6204145.881060540676117 ], [ 362870.546723371371627, 6204145.881060540676117 ] ] ] } },
{ "type": "Feature", "properties": { "restaurant_count": 0 }, "geometry": { "type": "Polygon", "coordinates": [ [ [ 362870.546723371371627, 6204645.881060540676117 ], [ 362870.546723371371627, 6205145.881060540676117 ], [ 362370.546723371371627, 6205145.881060540676117 ], [ 362370.546723371371627, 6204645.881060540676117 ], [ 362870.546723371371627, 6204645.881060540676117 ] ] ] } },
{ "type": "Feature", "properties": { "restaurant_count": 0 }, "geometry": { "type": "Polygon", "coordinates": [ [ [ 362870.546723371371627, 6205145.881060540676117 ], [ 362870.546723371371627, 6205645.881060540676117 ], [ 362370.546723371371627, 6205645.881060540676117 ], [ 362370.546723371371627, 6205145.881060540676117 ], [ 362870.546723371371627, 6205145.881060540676117 ] ] ] } },
{ "type": "Feature", "properties": { "restaurant_count": 0 }, "geometry": { "type": "Polygon", "coordinates": [ [ [ 362870.546723371371627, 6205645.881060540676117 ], [ 362870.546723371371627, 6206145.881060540676117 ], [ 362370.546723371371627, 6206145.881060540676117 ], [ 362370.546723371371627, 6205645.881060540676117 ], [ 362870.546723371371627, 6205645.881060540676117 ] ] ] } },
{ "type": "Feature", "properties": { "restaurant_count": 0 }, "geometry": { "type": "Polygon", "coordinates": [ [ [ 362870.546723371371627, 6206145.881060540676117 ], [ 362870.546723371371627, 6206645.881060540676117 ], [ 362370.546723371371627, 6206645.881060540676117 ], [ 362370.546723371371627, 6206145.881060540676117 ], [ 362870.546723371371627, 6206145.881060540676117 ] ] ] } },
{ "type": "Feature", "properties": { "restaurant_count": 0 }, "geometry": { "type": "Polygon", "coordinates": [ [ [ 362870.546723371371627, 6206645.881060540676117 ], [ 362870.546723371371627, 6207145.881060540676117 ], [ 362370.546723371371627, 6207145.881060540676117 ], [ 362370.546723371371627, 6206645.881060540676117 ], [ 362870.546723371371627, 6206645.881060540676117 ] ] ] } },
{ "type": "Feature", "properties": { "restaurant_count": 0 }, "geometry": { "type": "Polygon", "coordinates": [ [ [ 362870.546723371371627, 6207145.881060540676117 ], [ 362870.546723371371627, 6207645.881060540676117 ], [ 362370.546723371371627, 6207645.881060540676117 ], [ 362370.546723371371627, 6207145.881060540676117 ], [ 362870.546723371371627, 6207145.881060540676117 ] ] ] } },
{ "type": "Feature", "properties": { "restaurant_count": 0 }, "geometry": { "type": "Polygon", "coordinates": [ [ [ 362870.546723371371627, 6207645.881060540676117 ], [ 362870.546723371371627, 6208145.881060540676117 ], [ 362370.546723371371627, 6208145.881060540676117 ], [ 362370.546723371371627, 6207645.881060540676117 ], [ 362870.546723371371627, 6207645.881060540676117 ] ] ] } },
{ "type": "Feature", "properties": { "restaurant_count": 0 }, "geometry": { "type": "Polygon", "coordinates": [ [ [ 362870.546723371371627, 6208145.881060540676117 ], [ 362870.546723371371627, 6208645.881060540676117 ], [ 362370.546723371371627, 6208645.881060540676117 ], [ 362370.546723371371627, 6208145.881060540676117 ], [ 362870.546723371371627, 6208145.881060540676117 ] ] ] } },
{ "type": "Feature", "properties": { "restaurant_count": 0 }, "geometry": { "type": "Polygon", "coordinates": [ [ [ 362870.546723371371627, 6208645.881060540676117 ], [ 362870.546723371371627, 6209145.881060540676117 ], [ 362370.546723371371627, 6209145.881060540676117 ], [ 362370.546723371371627, 6208645.881060540676117 ], [ 362870.546723371371627, 6208645.881060540676117 ] ] ] } },
{ "type": "Feature", "properties": { "restaurant_count": 0 }, "geometry": { "type": "Polygon", "coordinates": [ [ [ 362870.546723371371627, 6209145.881060540676117 ], [ 362870.546723371371627, 6209645.881060540676117 ], [ 362370.546723371371627, 6209645.881060540676117 ], [ 362370.546723371371627, 6209145.881060540676117 ], [ 362870.546723371371627, 6209145.881060540676117 ] ] ] } },
{ "type": "Feature", "properties": { "restaurant_count": 0 }, "geometry": { "type": "Polygon", "coordinates": [ [ [ 362870.546723371371627, 6209645.881060540676117 ], [ 362870.546723371371627, 6210145.881060540676117 ], [ 362370.546723371371627, 6210145.881060540676117 ], [ 362370.546723371371627, 6209645.881060540676117 ], [ 362870.546723371371627, 6209645.881060540676117 ] ] ] } },
{ "type": "Feature", "properties": { "restaurant_count": 0 }, "geometry": { "type": "Polygon", "coordinates": [ [ [ 362870.546723371371627, 6210145.881060540676117 ], [ 362870.546723371371627, 6210645.881060540676117 ], [ 362370.546723371371627, 6210645.881060540676117 ], [ 362370.546723371371627, 6210145.881060540676117 ], [ 362870.546723371371627, 6210145.881060540676117 ] ] ] } },
{ "type": "Feature", "properties": { "restaurant_count": 0 }, "geometry": { "type": "Polygon", "coordinates": [ [ [ 362870.546723371371627, 6210645.881060540676117 ], [ 362870.546723371371627, 6211145.881060540676117 ], [ 362370.546723371371627, 6211145.881060540676117 ], [ 362370.546723371371627, 6210645.881060540676117 ], [ 362870.546723371371627, 6210645.881060540676117 ] ] ] } },
{ "type": "Feature", "properties": { "restaurant_count": 0 }, "geometry": { "type": "Polygon", "coordinates": [ [ [ 362870.546723371371627, 6211145.881060540676117 ], [ 362870.546723371371627, 6211645.881060540676117 ], [ 362370.546723371371627, 6211645.881060540676117 ], [ 362370.546723371371627, 6211145.881060540676117 ], [ 362870.546723371371627, 6211145.881060540676117 ] ] ] } },
{ "type": "Feature", "properties": { "restaurant_count": 0 }, "geometry": { "type": "Polygon", "coordinates": [ [ [ 362870.546723371371627, 6211645.881060540676117 ], [ 362870.546723371371627, 6212145.881060540676117 ], [ 362370.546723371371627, 6212145.881060540676117 ], [ 362370.546723371371627, 6211645.881060540676117 ], [ 362870.546723371371627, 6211645.881060540676117 ] ] ] } },
{ "type": "Feature", "properties": { "restaurant_count": 0 }, "geometry": { "type": "Polygon", "coordinates": [ [ [ 362870.546723371371627, 6212145.881060540676117 ], [ 362870.546723371371627, 6212645.881060540676117 ], [ 362370.546723371371627, 6212645.881060540676117 ], [ 362370.546723371371627, 6212145.881060540676117 ], [ 362870.546723371371627, 6212145.881060540676117 ] ] ] } },
{ "type": "Feature", "properties": { "restaurant_count": 0 }, "geometry": { "type": "Polygon", "coordinates": [ [ [ 362870.546723371371627, 6212645.881060540676117 ], [ 362870.546723371371627, 6213145.881060540676117 ], [ 362370.546723371371627, 6213145.881060540676117 ], [ 362370.546723371371627, 6212645.881060540676117 ], [ 362870.546723371371627, 6212645.881060540676117 ] ] ] } },
{ "type": "Feature", "properties": { "restaurant_count": 0 }, "geometry": { "type": "Polygon", "coordinates": [ [ [ 362870.546723371371627, 6213145.881060540676117 ], [ 362870.546723371371627, 6213645.881060540676117 ], [ 362370.546723371371627, 6213645.881060540676117 ], [ 362370.546723371371627, 6213145.881060540676117 ], [ 362870.546723371371627, 6213145.881060540676117 ] ] ] } },
{ "type": "Feature", "properties": { "restaurant_count": 0 }, "geometry": { "type": "Polygon", "coordinates": [ [ [ 362870.546723371371627, 6213645.881060540676117 ], [ 362870.546723371371627, 6214145.881060540676117 ], [ 362370.546723371371627, 6214145.881060540676117 ], [ 362370.546723371371627, 6213645.881060540676117 ], [ 362870.546723371371627, 6213645.881060540676117 ] ] ] } },
{ "type": "Feature", "properties": { "restaurant_count": 0 }, "geometry": { "type": "Polygon", "coordinates": [ [ [ 362870.546723371371627, 6214145.881060540676117 ], [ 362870.546723371371627, 6214645.881060540676117 ], [ 362370.546723371371627, 6214645.881060540676117 ], [ 362370.546723371371627, 6214145.881060540676117 ], [ 362870.546723371371627, 6214145.881060540676117 ] ] ] } },
{ "type": "Feature", "properties": { "restaurant_count": 0 }, "geometry": { "type": "Polygon", "coordinates": [ [ [ 362870.546723371371627, 6214645.881060540676117 ], [ 362870.546723371371627, 6215145.881060540676117 ], [ 362370.546723371371627, 6215145.881060540676117 ], [ 362370.546723371371627, 6214645.881060540676117 ], [ 362870.546723371371627, 6214645.881060540676117 ] ] ] } },
{ "type": "Feature", "properties": { "restaurant_count": 0 }, "geometry": { "type": "Polygon", "coordinates": [ [ [ 362870.546723371371627, 6215145.881060540676117 ], [ 362870.546723371371627, 6215645.881060540676117 ], [ 362370.546723371371627, 6215645.881060540676117 ], [ 362370.546723371371627, 6215145.881060540676117 ], [ 362870.546723371371627, 6215145.881060540676117 ] ] ] } },
{ "type": "Feature", "properties": { "restaurant_count": 0 }, "geometry": { "type": "Polygon", "coordinates": [ [ [ 362870.546723371371627, 6215645.881060540676117 ], [ 362870.546723371371627, 6216145.881060540676117 ], [ 362370.546723371371627, 6216145.881060540676117 ], [ 362370.546723371371627, 6215645.881060540676117 ], [ 362870.546723371371627, 6215645.881060540676117 ] ] ] } },
{ "type": "Feature", "properties": { "restaurant_count": 0 }, "geometry": { "type": "Polygon", "coordinates": [ [ [ 362870.546723371371627, 6216145.881060540676117 ], [ 362870.546723371371627, 6216645.881060540676117 ], [ 362370.546723371371627, 6216645.881060540676117 ], [ 362370.546723371371627, 6216145.881060540676117 ], [ 362870.546723371371627, 6216145.881060540676117 ] ] ] } },
{ "type": "Feature", "properties": { "restaurant_count": 0 }, "geometry": { "type": "Polygon", "coordinates": [ [ [ 362870.546723371371627, 6216645.881060540676117 ], [ 362870.546723371371627, 6217145.881060540676117 ], [ 362370.546723371371627, 6217145.881060540676117 ], [ 362370.546723371371627, 6216645.881060540676117 ], [ 362870.546723371371627, 6216645.881060540676117 ] ] ] } },
{ "type": "Feature", "properties": { "restaurant_count": 0 }, "geometry": { "type": "Polygon", "coordinates": [ [ [ 362870.546723371371627, 6217145.881060540676117 ], [ 362870.546723371371627, 6217645.881060540676117 ], [ 362370.546723371371627, 6217645.881060540676117 ], [ 362370.546723371371627, 6217145.881060540676117 ], [ 362870.546723371371627, 6217145.881060540676117 ] ] ] } },
{ "type": "Feature", "properties": { "restaurant_count": 0 }, "geometry": { "type": "Polygon", "coordinates": [ [ [ 362870.546723371371627, 6217645.881060540676117 ], [ 362870.546723371371627, 6218145.881060540676117 ], [ 362370.546723371371627, 6218145.881060540676117 ], [ 362370.546723371371627, 6217645.881060540676117 ], [ 362870.546723371371627, 6217645.881060540676117 ] ] ] } },
{ "type": "Feature", "properties": { "restaurant_count": 0 }, "geometry": { "type": "Polygon", "coordinates": [ [ [ 362870.546723371371627, 6218145.881060540676117 ], [ 362870.546723371371627, 6218645.881060540676117 ], [ 362370.546723371371627, 6218645.881060540676117 ], [ 362370.546723371371627, 6218145.881060540676117 ], [ 362870.546723371371627, 6218145.881060540676117 ] ] ] } },
{ "type": "Feature", "properties": { "restaurant_count": 0 }, "geometry": { "type": "Polygon", "coordinates": [ [ [ 362870.546723371371627, 6218645.881060540676117 ], [ 362870.546723371371627, 6219145.881060540676117 ], [ 362370.546723371371627, 6219145.881060540676117 ], [ 362370.546723371371627, 6218645.881060540676117 ], [ 362870.546723371371627, 6218645.881060540676117 ] ] ] } },
{ "type": "Feature", "properties": { "restaurant_count": 0 }, "geometry": { "type": "Polygon", "coordinates": [ [ [ 362870.546723371371627, 6219145.881060540676117 ], [ 362870.546723371371627, 6219645.881060540676117 ], [ 362370.546723371371627, 6219645.881060540676117 ], [ 362370.546723371371627, 6219145.881060540676117 ], [ 362870.546723371371627, 6219145.881060540676117 ] ] ] } },
{ "type": "Feature", "properties": { "restaurant_count": 0 }, "geometry": { "type": "Polygon", "coordinates": [ [ [ 362870.546723371371627, 6219645.881060540676117 ], [ 362870.546723371371627, 6220145.881060540676117 ], [ 362370.546723371371627, 6220145.881060540676117 ], [ 362370.546723371371627, 6219645.881060540676117 ], [ 362870.546723371371627, 6219645.881060540676117 ] ] ] } },
{ "type": "Feature", "properties": { "restaurant_count": 0 }, "geometry": { "type": "Polygon", "coordinates": [ [ [ 362870.546723371371627, 6220145.881060540676117 ], [ 362870.546723371371627, 6220645.881060540676117 ], [ 362370.546723371371627, 6220645.881060540676117 ], [ 362370.546723371371627, 6220145.881060540676117 ], [ 362870.546723371371627, 6220145.881060540676117 ] ] ] } },
{ "type": "Feature", "properties": { "restaurant_count": 0 }, "geometry": { "type": "Polygon", "coordinates": [ [ [ 362870.546723371371627, 6220645.881060540676117 ], [ 362870.546723371371627, 6221145.881060540676117 ], [ 362370.546723371371627, 6221145.881060540676117 ], [ 362370.546723371371627, 6220645.881060540676117 ], [ 362870.546723371371627, 6220645.881060540676117 ] ] ] } },
{ "type": "Feature", "properties": { "restaurant_count": 0 }, "geometry": { "type": "Polygon", "coordinates": [ [ [ 362870.546723371371627, 6221145.881060540676117 ], [ 362870.546723371371627, 6221645.881060540676117 ], [ 362370.546723371371627, 6221645.881060540676117 ], [ 362370.546723371371627, 6221145.881060540676117 ], [ 362870.546723371371627, 6221145.881060540676117 ] ] ] } },
{ "type": "Feature", "properties": { "restaurant_count": 0 }, "geometry": { "type": "Polygon", "coordinates": [ [ [ 362870.546723371371627, 6221645.881060540676117 ], [ 362870.546723371371627, 6222145.881060540676117 ], [ 362370.546723371371627, 6222145.881060540676117 ], [ 362370.546723371371627, 6221645.881060540676117 ], [ 362870.546723371371627, 6221645.881060540676117 ] ] ] } },
{ "type": "Feature", "properties": { "restaurant_count": 0 }, "geometry": { "type": "Polygon", "coordinates": [ [ [ 362870.546723371371627, 6222145.881060540676117 ], [ 362870.546723371371627, 6222645.881060540676117 ], [ 362370.546723371371627, 6222645.881060540676117 ], [ 362370.546723371371627, 6222145.881060540676117 ], [ 362870.546723371371627, 6222145.881060540676117 ] ] ] } },
{ "type": "Feature", "properties": { "restaurant_count": 0 }, "geometry": { "type": "Polygon", "coordinates": [ [ [ 362870.546723371371627, 6222645.881060540676117 ], [ 362870.546723371371627, 6223145.881060540676117 ], [ 362370.546723371371627, 6223145.881060540676117 ], [ 362370.546723371371627, 6222645.881060540676117 ], [ 362870.546723371371627, 6222645.881060540676117 ] ] ] } },
{ "type": "Feature", "properties": { "restaurant_count": 0 }, "geometry": { "type": "Polygon", "coordinates": [ [ [ 362870.546723371371627, 6223145.881060540676117 ], [ 362870.546723371371627, 6223645.881060540676117 ], [ 362370.546723371371627, 6223645.881060540676117 ], [ 362370.546723371371627, 6223145.881060540676117 ], [ 362870.546723371371627, 6223145.881060540676117 ] ] ] } },
{ "type": "Feature", "properties": { "restaurant_count": 0 }, "geometry": { "type": "Polygon", "coordinates": [ [ [ 363370.546723371371627, 6203145.881060540676117 ], [ 363370.546723371371627, 6203645.881060540676117 ], [ 362870.546723371371627, 6203645.881060540676117 ], [ 362870.546723371371627, 6203145.881060540676117 ], [ 363370.546723371371627, 6203145.881060540676117 ] ] ] } },
{ "type": "Feature", "properties": { "restaurant_count": 0 }, "geometry": { "type": "Polygon", "coordinates": [ [ [ 363370.546723371371627, 6203645.881060540676117 ], [ 363370.546723371371627, 6204145.881060540676117 ], [ 362870.546723371371627, 6204145.881060540676117 ], [ 362870.546723371371627, 6203645.881060540676117 ], [ 363370.546723371371627, 6203645.881060540676117 ] ] ] } },
{ "type": "Feature", "properties": { "restaurant_count": 0 }, "geometry": { "type": "Polygon", "coordinates": [ [ [ 363370.546723371371627, 6204145.881060540676117 ], [ 363370.546723371371627, 6204645.881060540676117 ], [ 362870.546723371371627, 6204645.881060540676117 ], [ 362870.546723371371627, 6204145.881060540676117 ], [ 363370.546723371371627, 6204145.881060540676117 ] ] ] } },
{ "type": "Feature", "properties": { "restaurant_count": 0 }, "geometry": { "type": "Polygon", "coordinates": [ [ [ 363370.546723371371627, 6204645.881060540676117 ], [ 363370.546723371371627, 6205145.881060540676117 ], [ 362870.546723371371627, 6205145.881060540676117 ], [ 362870.546723371371627, 6204645.881060540676117 ], [ 363370.546723371371627, 6204645.881060540676117 ] ] ] } },
{ "type": "Feature", "properties": { "restaurant_count": 0 }, "geometry": { "type": "Polygon", "coordinates": [ [ [ 363370.546723371371627, 6205145.881060540676117 ], [ 363370.546723371371627, 6205645.881060540676117 ], [ 362870.546723371371627, 6205645.881060540676117 ], [ 362870.546723371371627, 6205145.881060540676117 ], [ 363370.546723371371627, 6205145.881060540676117 ] ] ] } },
{ "type": "Feature", "properties": { "restaurant_count": 0 }, "geometry": { "type": "Polygon", "coordinates": [ [ [ 363370.546723371371627, 6205645.881060540676117 ], [ 363370.546723371371627, 6206145.881060540676117 ], [ 362870.546723371371627, 6206145.881060540676117 ], [ 362870.546723371371627, 6205645.881060540676117 ], [ 363370.546723371371627, 6205645.881060540676117 ] ] ] } },
{ "type": "Feature", "properties": { "restaurant_count": 0 }, "geometry": { "type": "Polygon", "coordinates": [ [ [ 363370.546723371371627, 6206145.881060540676117 ], [ 363370.546723371371627, 6206645.881060540676117 ], [ 362870.546723371371627, 6206645.881060540676117 ], [ 362870.546723371371627, 6206145.881060540676117 ], [ 363370.546723371371627, 6206145.881060540676117 ] ] ] } },
{ "type": "Feature", "properties": { "restaurant_count": 0 }, "geometry": { "type": "Polygon", "coordinates": [ [ [ 363370.546723371371627, 6206645.881060540676117 ], [ 363370.546723371371627, 6207145.881060540676117 ], [ 362870.546723371371627, 6207145.881060540676117 ], [ 362870.546723371371627, 6206645.881060540676117 ], [ 363370.546723371371627, 6206645.881060540676117 ] ] ] } },
{ "type": "Feature", "properties": { "restaurant_count": 0 }, "geometry": { "type": "Polygon", "coordinates": [ [ [ 363370.546723371371627, 6207145.881060540676117 ], [ 363370.546723371371627, 6207645.881060540676117 ], [ 362870.546723371371627, 6207645.881060540676117 ], [ 362870.546723371371627, 6207145.881060540676117 ], [ 363370.546723371371627, 6207145.881060540676117 ] ] ] } },
{ "type": "Feature", "properties": { "restaurant_count": 0 }, "geometry": { "type": "Polygon", "coordinates": [ [ [ 363370.546723371371627, 6207645.881060540676117 ], [ 363370.546723371371627, 6208145.881060540676117 ], [ 362870.546723371371627, 6208145.881060540676117 ], [ 362870.546723371371627, 6207645.881060540676117 ], [ 363370.546723371371627, 6207645.881060540676117 ] ] ] } },
{ "type": "Feature", "properties": { "restaurant_count": 0 }, "geometry": { "type": "Polygon", "coordinates": [ [ [ 363370.546723371371627, 6208145.881060540676117 ], [ 363370.546723371371627, 6208645.881060540676117 ], [ 362870.546723371371627, 6208645.881060540676117 ], [ 362870.546723371371627, 6208145.881060540676117 ], [ 363370.546723371371627, 6208145.881060540676117 ] ] ] } },
{ "type": "Feature", "properties": { "restaurant_count": 0 }, "geometry": { "type": "Polygon", "coordinates": [ [ [ 363370.546723371371627, 6208645.881060540676117 ], [ 363370.546723371371627, 6209145.881060540676117 ], [ 362870.546723371371627, 6209145.881060540676117 ], [ 362870.546723371371627, 6208645.881060540676117 ], [ 363370.546723371371627, 6208645.881060540676117 ] ] ] } },
{ "type": "Feature", "properties": { "restaurant_count": 0 }, "geometry": { "type": "Polygon", "coordinates": [ [ [ 363370.546723371371627, 6209145.881060540676117 ], [ 363370.546723371371627, 6209645.881060540676117 ], [ 362870.546723371371627, 6209645.881060540676117 ], [ 362870.546723371371627, 6209145.881060540676117 ], [ 363370.546723371371627, 6209145.881060540676117 ] ] ] } },
{ "type": "Feature", "properties": { "restaurant_count": 0 }, "geometry": { "type": "Polygon", "coordinates": [ [ [ 363370.546723371371627, 6209645.881060540676117 ], [ 363370.546723371371627, 6210145.881060540676117 ], [ 362870.546723371371627, 6210145.881060540676117 ], [ 362870.546723371371627, 6209645.881060540676117 ], [ 363370.546723371371627, 6209645.881060540676117 ] ] ] } },
{ "type": "Feature", "properties": { "restaurant_count": 0 }, "geometry": { "type": "Polygon", "coordinates": [ [ [ 363370.546723371371627, 6210145.881060540676117 ], [ 363370.546723371371627, 6210645.881060540676117 ], [ 362870.546723371371627, 6210645.881060540676117 ], [ 362870.546723371371627, 6210145.881060540676117 ], [ 363370.546723371371627, 6210145.881060540676117 ] ] ] } },
{ "type": "Feature", "properties": { "restaurant_count": 0 }, "geometry": { "type": "Polygon", "coordinates": [ [ [ 363370.546723371371627, 6210645.881060540676117 ], [ 363370.546723371371627, 6211145.881060540676117 ], [ 362870.546723371371627, 6211145.881060540676117 ], [ 362870.546723371371627, 6210645.881060540676117 ], [ 363370.546723371371627, 6210645.881060540676117 ] ] ] } },
{ "type": "Feature", "properties": { "restaurant_count": 0 }, "geometry": { "type": "Polygon", "coordinates": [ [ [ 363370.546723371371627, 6211145.881060540676117 ], [ 363370.546723371371627, 6211645.881060540676117 ], [ 362870.546723371371627, 6211645.881060540676117 ], [ 362870.546723371371627, 6211145.881060540676117 ], [ 363370.546723371371627, 6211145.881060540676117 ] ] ] } },
{ "type": "Feature", "properties": { "restaurant_count": 0 }, "geometry": { "type": "Polygon", "coordinates": [ [ [ 363370.546723371371627, 6211645.881060540676117 ], [ 363370.546723371371627, 6212145.881060540676117 ], [ 362870.546723371371627, 6212145.881060540676117 ], [ 362870.546723371371627, 6211645.881060540676117 ], [ 363370.546723371371627, 6211645.881060540676117 ] ] ] } },
{ "type": "Feature", "properties": { "restaurant_count": 0 }, "geometry": { "type": "Polygon", "coordinates": [ [ [ 363370.546723371371627, 6212145.881060540676117 ], [ 363370.546723371371627, 6212645.881060540676117 ], [ 362870.546723371371627, 6212645.881060540676117 ], [ 362870.546723371371627, 6212145.881060540676117 ], [ 363370.546723371371627, 6212145.881060540676117 ] ] ] } },
{ "type": "Feature", "properties": { "restaurant_count": 0 }, "geometry": { "type": "Polygon", "coordinates": [ [ [ 363370.546723371371627, 6212645.881060540676117 ], [ 363370.546723371371627, 6213145.881060540676117 ], [ 362870.546723371371627, 6213145.881060540676117 ], [ 362870.546723371371627, 6212645.881060540676117 ], [ 363370.546723371371627, 6212645.881060540676117 ] ] ] } },
{ "type": "Feature", "properties": { "restaurant_count": 0 }, "geometry": { "type": "Polygon", "coordinates": [ [ [ 363370.546723371371627, 6213145.881060540676117 ], [ 363370.546723371371627, 6213645.881060540676117 ], [ 362870.546723371371627, 6213645.881060540676117 ], [ 362870.546723371371627, 6213145.881060540676117 ], [ 363370.546723371371627, 6213145.881060540676117 ] ] ] } },
{ "type": "Feature", "properties": { "restaurant_count": 0 }, "geometry": { "type": "Polygon", "coordinates": [ [ [ 363370.546723371371627, 6213645.881060540676117 ], [ 363370.546723371371627, 6214145.881060540676117 ], [ 362870.546723371371627, 6214145.881060540676117 ], [ 362870.546723371371627, 6213645.881060540676117 ], [ 363370.546723371371627, 6213645.881060540676117 ] ] ] } },
{ "type": "Feature", "properties": { "restaurant_count": 0 }, "geometry": { "type": "Polygon", "coordinates": [ [ [ 363370.546723371371627, 6214145.881060540676117 ], [ 363370.546723371371627, 6214645.881060540676117 ], [ 362870.546723371371627, 6214645.881060540676117 ], [ 362870.546723371371627, 6214145.881060540676117 ], [ 363370.546723371371627, 6214145.881060540676117 ] ] ] } },
{ "type": "Feature", "properties": { "restaurant_count": 0 }, "geometry": { "type": "Polygon", "coordinates": [ [ [ 363370.546723371371627, 6214645.881060540676117 ], [ 363370.546723371371627, 6215145.881060540676117 ], [ 362870.546723371371627, 6215145.881060540676117 ], [ 362870.546723371371627, 6214645.881060540676117 ], [ 363370.546723371371627, 6214645.881060540676117 ] ] ] } },
{ "type": "Feature", "properties": { "restaurant_count": 0 }, "geometry": { "type": "Polygon", "coordinates": [ [ [ 363370.546723371371627, 6215145.881060540676117 ], [ 363370.546723371371627, 6215645.881060540676117 ], [ 362870.546723371371627, 6215645.881060540676117 ], [ 362870.546723371371627, 6215145.881060540676117 ], [ 363370.546723371371627, 6215145.881060540676117 ] ] ] } },
{ "type": "Feature", "properties": { "restaurant_count": 0 }, "geometry": { "type": "Polygon", "coordinates": [ [ [ 363370.546723371371627, 6215645.881060540676117 ], [ 363370.546723371371627, 6216145.881060540676117 ], [ 362870.546723371371627, 6216145.881060540676117 ], [ 362870.546723371371627, 6215645.881060540676117 ], [ 363370.546723371371627, 6215645.881060540676117 ] ] ] } },
{ "type": "Feature", "properties": { "restaurant_count": 0 }, "geometry": { "type": "Polygon", "coordinates": [ [ [ 363370.546723371371627, 6216145.881060540676117 ], [ 363370.546723371371627, 6216645.881060540676117 ], [ 362870.546723371371627, 6216645.881060540676117 ], [ 362870.546723371371627, 6216145.881060540676117 ], [ 363370.546723371371627, 6216145.881060540676117 ] ] ] } },
{ "type": "Feature", "properties": { "restaurant_count": 0 }, "geometry": { "type": "Polygon", "coordinates": [ [ [ 363370.546723371371627, 6216645.881060540676117 ], [ 363370.546723371371627, 6217145.881060540676117 ], [ 362870.546723371371627, 6217145.881060540676117 ], [ 362870.546723371371627, 6216645.881060540676117 ], [ 363370.546723371371627, 6216645.881060540676117 ] ] ] } },
{ "type": "Feature", "properties": { "restaurant_count": 0 }, "geometry": { "type": "Polygon", "coordinates": [ [ [ 363370.546723371371627, 6217145.881060540676117 ], [ 363370.546723371371627, 6217645.881060540676117 ], [ 362870.546723371371627, 6217645.881060540676117 ], [ 362870.546723371371627, 6217145.881060540676117 ], [ 363370.546723371371627, 6217145.881060540676117 ] ] ] } },
{ "type": "Feature", "properties": { "restaurant_count": 0 }, "geometry": { "type": "Polygon", "coordinates": [ [ [ 363370.546723371371627, 6217645.881060540676117 ], [ 363370.546723371371627, 6218145.881060540676117 ], [ 362870.546723371371627, 6218145.881060540676117 ], [ 362870.546723371371627, 6217645.881060540676117 ], [ 363370.546723371371627, 6217645.881060540676117 ] ] ] } },
{ "type": "Feature", "properties": { "restaurant_count": 0 }, "geometry": { "type": "Polygon", "coordinates": [ [ [ 363370.546723371371627, 6218145.881060540676117 ], [ 363370.546723371371627, 6218645.881060540676117 ], [ 362870.546723371371627, 6218645.881060540676117 ], [ 362870.546723371371627, 6218145.881060540676117 ], [ 363370.546723371371627, 6218145.881060540676117 ] ] ] } },
{ "type": "Feature", "properties": { "restaurant_count": 0 }, "geometry": { "type": "Polygon", "coordinates": [ [ [ 363370.546723371371627, 6218645.881060540676117 ], [ 363370.546723371371627, 6219145.881060540676117 ], [ 362870.546723371371627, 6219145.881060540676117 ], [ 362870.546723371371627, 6218645.881060540676117 ], [ 363370.546723371371627, 6218645.881060540676117 ] ] ] } },
{ "type": "Feature", "properties": { "restaurant_count": 0 }, "geometry": { "type": "Polygon", "coordinates": [ [ [ 363370.546723371371627, 6219145.881060540676117 ], [ 363370.546723371371627, 6219645.881060540676117 ], [ 362870.546723371371627, 6219645.881060540676117 ], [ 362870.546723371371627, 6219145.881060540676117 ], [ 363370.546723371371627, 6219145.881060540676117 ] ] ] } },
{ "type": "Feature", "properties": { "restaurant_count": 0 }, "geometry": { "type": "Polygon", "coordinates": [ [ [ 363370.546723371371627, 6219645.881060540676117 ], [ 363370.546723371371627, 6220145.881060540676117 ], [ 362870.546723371371627, 6220145.881060540676117 ], [ 362870.546723371371627, 6219645.881060540676117 ], [ 363370.546723371371627, 6219645.881060540676117 ] ] ] } },
{ "type": "Feature", "properties": { "restaurant_count": 0 }, "geometry": { "type": "Polygon", "coordinates": [ [ [ 363370.546723371371627, 6220145.881060540676117 ], [ 363370.546723371371627, 6220645.881060540676117 ], [ 362870.546723371371627, 6220645.881060540676117 ], [ 362870.546723371371627, 6220145.881060540676117 ], [ 363370.546723371371627, 6220145.881060540676117 ] ] ] } },
{ "type": "Feature", "properties": { "restaurant_count": 0 }, "geometry": { "type": "Polygon", "coordinates": [ [ [ 363370.546723371371627, 6220645.881060540676117 ], [ 363370.546723371371627, 6221145.881060540676117 ], [ 362870.546723371371627, 6221145.881060540676117 ], [ 362870.546723371371627, 6220645.881060540676117 ], [ 363370.546723371371627, 6220645.881060540676117 ] ] ] } },
{ "type": "Feature", "properties": { "restaurant_count": 0 }, "geometry": { "type": "Polygon", "coordinates": [ [ [ 363370.546723371371627, 6221145.881060540676117 ], [ 363370.546723371371627, 6221645.881060540676117 ], [ 362870.546723371371627, 6221645.881060540676117 ], [ 362870.546723371371627, 6221145.881060540676117 ], [ 363370.546723371371627, 6221145.881060540676117 ] ] ] } },
{ "type": "Feature", "properties": { "restaurant_count": 0 }, "geometry": { "type": "Polygon", "coordinates": [ [ [ 363370.546723371371627, 6221645.881060540676117 ], [ 363370.546723371371627, 6222145.881060540676117 ], [ 362870.546723371371627, 6222145.881060540676117 ], [ 362870.546723371371627, 6221645.881060540676117 ], [ 363370.546723371371627, 6221645.881060540676117 ] ] ] } },
{ "type": "Feature", "properties": { "restaurant_count": 0 }, "geometry": { "type": "Polygon", "coordinates": [ [ [ 363370.546723371371627, 6222145.881060540676117 ], [ 363370.546723371371627, 6222645.881060540676117 ], [ 362870.546723371371627, 6222645.881060540676117 ], [ 362870.546723371371627, 6222145.881060540676117 ], [ 363370.546723371371627, 6222145.881060540676117 ] ] ] } },
{ "type": "Feature", "properties": { "restaurant_count": 0 }, "geometry": { "type": "Polygon", "coordinates": [ [ [ 363370.546723371371627, 6222645.881060540676117 ], [ 363370.546723371371627, 6223145.881060540676117 ], [ 362870.546723371371627, 6223145.881060540676117 ], [ 362870.546723371371627, 6222645.881060540676117 ], [ 363370.546723371371627, 6222645.881060540676117 ] ] ] } },
{ "type": "Feature", "properties": { "restaurant_count": 0 }, "geometry": { "type": "Polygon", "coordinates": [ [ [ 363370.546723371371627, 6223145.881060540676117 ], [ 363370.546723371371627, 6223645.881060540676117 ], [ 362870.546723371371627, 6223645.881060540676117 ], [ 362870.546723371371627, 6223145.881060540676117 ], [ 363370.546723371371627, 6223145.881060540676117 ] ] ] } },
{ "type": "Feature", "properties": { "restaurant_count": 0 }, "geometry": { "type": "Polygon", "coordinates": [ [ [ 363870.546723371371627, 6203145.881060540676117 ], [ 363870.546723371371627, 6203645.881060540676117 ], [ 363370.546723371371627, 6203645.881060540676117 ], [ 363370.546723371371627, 6203145.881060540676117 ], [ 363870.546723371371627, 6203145.881060540676117 ] ] ] } },
{ "type": "Feature", "properties": { "restaurant_count": 0 }, "geometry": { "type": "Polygon", "coordinates": [ [ [ 363870.546723371371627, 6203645.881060540676117 ], [ 363870.546723371371627, 6204145.881060540676117 ], [ 363370.546723371371627, 6204145.881060540676117 ], [ 363370.546723371371627, 6203645.881060540676117 ], [ 363870.546723371371627, 6203645.881060540676117 ] ] ] } },
{ "type": "Feature", "properties": { "restaurant_count": 0 }, "geometry": { "type": "Polygon", "coordinates": [ [ [ 363870.546723371371627, 6204145.881060540676117 ], [ 363870.546723371371627, 6204645.881060540676117 ], [ 363370.546723371371627, 6204645.881060540676117 ], [ 363370.546723371371627, 6204145.881060540676117 ], [ 363870.546723371371627, 6204145.881060540676117 ] ] ] } },
{ "type": "Feature", "properties": { "restaurant_count": 0 }, "geometry": { "type": "Polygon", "coordinates": [ [ [ 363870.546723371371627, 6204645.881060540676117 ], [ 363870.546723371371627, 6205145.881060540676117 ], [ 363370.546723371371627, 6205145.881060540676117 ], [ 363370.546723371371627, 6204645.881060540676117 ], [ 363870.546723371371627, 6204645.881060540676117 ] ] ] } },
{ "type": "Feature", "properties": { "restaurant_count": 0 }, "geometry": { "type": "Polygon", "coordinates": [ [ [ 363870.546723371371627, 6205145.881060540676117 ], [ 363870.546723371371627, 6205645.881060540676117 ], [ 363370.546723371371627, 6205645.881060540676117 ], [ 363370.546723371371627, 6205145.881060540676117 ], [ 363870.546723371371627, 6205145.881060540676117 ] ] ] } },
{ "type": "Feature", "properties": { "restaurant_count": 0 }, "geometry": { "type": "Polygon", "coordinates": [ [ [ 363870.546723371371627, 6205645.881060540676117 ], [ 363870.546723371371627, 6206145.881060540676117 ], [ 363370.546723371371627, 6206145.881060540676117 ], [ 363370.546723371371627, 6205645.881060540676117 ], [ 363870.546723371371627, 6205645.881060540676117 ] ] ] } },
{ "type": "Feature", "properties": { "restaurant_count": 0 }, "geometry": { "type": "Polygon", "coordinates": [ [ [ 363870.546723371371627, 6206145.881060540676117 ], [ 363870.546723371371627, 6206645.881060540676117 ], [ 363370.546723371371627, 6206645.881060540676117 ], [ 363370.546723371371627, 6206145.881060540676117 ], [ 363870.546723371371627, 6206145.881060540676117 ] ] ] } },
{ "type": "Feature", "properties": { "restaurant_count": 0 }, "geometry": { "type": "Polygon", "coordinates": [ [ [ 363870.546723371371627, 6206645.881060540676117 ], [ 363870.546723371371627, 6207145.881060540676117 ], [ 363370.546723371371627, 6207145.881060540676117 ], [ 363370.546723371371627, 6206645.881060540676117 ], [ 363870.546723371371627, 6206645.881060540676117 ] ] ] } },
{ "type": "Feature", "properties": { "restaurant_count": 0 }, "geometry": { "type": "Polygon", "coordinates": [ [ [ 363870.546723371371627, 6207145.881060540676117 ], [ 363870.546723371371627, 6207645.881060540676117 ], [ 363370.546723371371627, 6207645.881060540676117 ], [ 363370.546723371371627, 6207145.881060540676117 ], [ 363870.546723371371627, 6207145.881060540676117 ] ] ] } },
{ "type": "Feature", "properties": { "restaurant_count": 0 }, "geometry": { "type": "Polygon", "coordinates": [ [ [ 363870.546723371371627, 6207645.881060540676117 ], [ 363870.546723371371627, 6208145.881060540676117 ], [ 363370.546723371371627, 6208145.881060540676117 ], [ 363370.546723371371627, 6207645.881060540676117 ], [ 363870.546723371371627, 6207645.881060540676117 ] ] ] } },
{ "type": "Feature", "properties": { "restaurant_count": 0 }, "geometry": { "type": "Polygon", "coordinates": [ [ [ 363870.546723371371627, 6208145.881060540676117 ], [ 363870.546723371371627, 6208645.881060540676117 ], [ 363370.546723371371627, 6208645.881060540676117 ], [ 363370.546723371371627, 6208145.881060540676117 ], [ 363870.546723371371627, 6208145.881060540676117 ] ] ] } },
{ "type": "Feature", "properties": { "restaurant_count": 0 }, "geometry": { "type": "Polygon", "coordinates": [ [ [ 363870.546723371371627, 6208645.881060540676117 ], [ 363870.546723371371627, 6209145.881060540676117 ], [ 363370.546723371371627, 6209145.881060540676117 ], [ 363370.546723371371627, 6208645.881060540676117 ], [ 363870.546723371371627, 6208645.881060540676117 ] ] ] } },
{ "type": "Feature", "properties": { "restaurant_count": 1 }, "geometry": { "type": "Polygon", "coordinates": [ [ [ 363870.546723371371627, 6209145.881060540676117 ], [ 363870.546723371371627, 6209645.881060540676117 ], [ 363370.546723371371627, 6209645.881060540676117 ], [ 363370.546723371371627, 6209145.881060540676117 ], [ 363870.546723371371627, 6209145.881060540676117 ] ] ] } },
{ "type": "Feature", "properties": { "restaurant_count": 0 }, "geometry": { "type": "Polygon", "coordinates": [ [ [ 363870.546723371371627, 6209645.881060540676117 ], [ 363870.546723371371627, 6210145.881060540676117 ], [ 363370.546723371371627, 6210145.881060540676117 ], [ 363370.546723371371627, 6209645.881060540676117 ], [ 363870.546723371371627, 6209645.881060540676117 ] ] ] } },
{ "type": "Feature", "properties": { "restaurant_count": 0 }, "geometry": { "type": "Polygon", "coordinates": [ [ [ 363870.546723371371627, 6210145.881060540676117 ], [ 363870.546723371371627, 6210645.881060540676117 ], [ 363370.546723371371627, 6210645.881060540676117 ], [ 363370.546723371371627, 6210145.881060540676117 ], [ 363870.546723371371627, 6210145.881060540676117 ] ] ] } },
{ "type": "Feature", "properties": { "restaurant_count": 0 }, "geometry": { "type": "Polygon", "coordinates": [ [ [ 363870.546723371371627, 6210645.881060540676117 ], [ 363870.546723371371627, 6211145.881060540676117 ], [ 363370.546723371371627, 6211145.881060540676117 ], [ 363370.546723371371627, 6210645.881060540676117 ], [ 363870.546723371371627, 6210645.881060540676117 ] ] ] } },
{ "type": "Feature", "properties": { "restaurant_count": 2 }, "geometry": { "type": "Polygon", "coordinates": [ [ [ 363870.546723371371627, 6211145.881060540676117 ], [ 363870.546723371371627, 6211645.881060540676117 ], [ 363370.546723371371627, 6211645.881060540676117 ], [ 363370.546723371371627, 6211145.881060540676117 ], [ 363870.546723371371627, 6211145.881060540676117 ] ] ] } },
{ "type": "Feature", "properties": { "restaurant_count": 0 }, "geometry": { "type": "Polygon", "coordinates": [ [ [ 363870.546723371371627, 6211645.881060540676117 ], [ 363870.546723371371627, 6212145.881060540676117 ], [ 363370.546723371371627, 6212145.881060540676117 ], [ 363370.546723371371627, 6211645.881060540676117 ], [ 363870.546723371371627, 6211645.881060540676117 ] ] ] } },
{ "type": "Feature", "properties": { "restaurant_count": 0 }, "geometry": { "type": "Polygon", "coordinates": [ [ [ 363870.546723371371627, 6212145.881060540676117 ], [ 363870.546723371371627, 6212645.881060540676117 ], [ 363370.546723371371627, 6212645.881060540676117 ], [ 363370.546723371371627, 6212145.881060540676117 ], [ 363870.546723371371627, 6212145.881060540676117 ] ] ] } },
{ "type": "Feature", "properties": { "restaurant_count": 0 }, "geometry": { "type": "Polygon", "coordinates": [ [ [ 363870.546723371371627, 6212645.881060540676117 ], [ 363870.546723371371627, 6213145.881060540676117 ], [ 363370.546723371371627, 6213145.881060540676117 ], [ 363370.546723371371627, 6212645.881060540676117 ], [ 363870.546723371371627, 6212645.881060540676117 ] ] ] } },
{ "type": "Feature", "properties": { "restaurant_count": 0 }, "geometry": { "type": "Polygon", "coordinates": [ [ [ 363870.546723371371627, 6213145.881060540676117 ], [ 363870.546723371371627, 6213645.881060540676117 ], [ 363370.546723371371627, 6213645.881060540676117 ], [ 363370.546723371371627, 6213145.881060540676117 ], [ 363870.546723371371627, 6213145.881060540676117 ] ] ] } },
{ "type": "Feature", "properties": { "restaurant_count": 0 }, "geometry": { "type": "Polygon", "coordinates": [ [ [ 363870.546723371371627, 6213645.881060540676117 ], [ 363870.546723371371627, 6214145.881060540676117 ], [ 363370.546723371371627, 6214145.881060540676117 ], [ 363370.546723371371627, 6213645.881060540676117 ], [ 363870.546723371371627, 6213645.881060540676117 ] ] ] } },
{ "type": "Feature", "properties": { "restaurant_count": 0 }, "geometry": { "type": "Polygon", "coordinates": [ [ [ 363870.546723371371627, 6214145.881060540676117 ], [ 363870.546723371371627, 6214645.881060540676117 ], [ 363370.546723371371627, 6214645.881060540676117 ], [ 363370.546723371371627, 6214145.881060540676117 ], [ 363870.546723371371627, 6214145.881060540676117 ] ] ] } },
{ "type": "Feature", "properties": { "restaurant_count": 0 }, "geometry": { "type": "Polygon", "coordinates": [ [ [ 363870.546723371371627, 6214645.881060540676117 ], [ 363870.546723371371627, 6215145.881060540676117 ], [ 363370.546723371371627, 6215145.881060540676117 ], [ 363370.546723371371627, 6214645.881060540676117 ], [ 363870.546723371371627, 6214645.881060540676117 ] ] ] } },
{ "type": "Feature", "properties": { "restaurant_count": 0 }, "geometry": { "type": "Polygon", "coordinates": [ [ [ 363870.546723371371627, 6215145.881060540676117 ], [ 363870.546723371371627, 6215645.881060540676117 ], [ 363370.546723371371627, 6215645.881060540676117 ], [ 363370.546723371371627, 6215145.881060540676117 ], [ 363870.546723371371627, 6215145.881060540676117 ] ] ] } },
{ "type": "Feature", "properties": { "restaurant_count": 0 }, "geometry": { "type": "Polygon", "coordinates": [ [ [ 363870.546723371371627, 6215645.881060540676117 ], [ 363870.546723371371627, 6216145.881060540676117 ], [ 363370.546723371371627, 6216145.881060540676117 ], [ 363370.546723371371627, 6215645.881060540676117 ], [ 363870.546723371371627, 6215645.881060540676117 ] ] ] } },
{ "type": "Feature", "properties": { "restaurant_count": 0 }, "geometry": { "type": "Polygon", "coordinates": [ [ [ 363870.546723371371627, 6216145.881060540676117 ], [ 363870.546723371371627, 6216645.881060540676117 ], [ 363370.546723371371627, 6216645.881060540676117 ], [ 363370.546723371371627, 6216145.881060540676117 ], [ 363870.546723371371627, 6216145.881060540676117 ] ] ] } },
{ "type": "Feature", "properties": { "restaurant_count": 0 }, "geometry": { "type": "Polygon", "coordinates": [ [ [ 363870.546723371371627, 6216645.881060540676117 ], [ 363870.546723371371627, 6217145.881060540676117 ], [ 363370.546723371371627, 6217145.881060540676117 ], [ 363370.546723371371627, 6216645.881060540676117 ], [ 363870.546723371371627, 6216645.881060540676117 ] ] ] } },
{ "type": "Feature", "properties": { "restaurant_count": 0 }, "geometry": { "type": "Polygon", "coordinates": [ [ [ 363870.546723371371627, 6217145.881060540676117 ], [ 363870.546723371371627, 6217645.881060540676117 ], [ 363370.546723371371627, 6217645.881060540676117 ], [ 363370.546723371371627, 6217145.881060540676117 ], [ 363870.546723371371627, 6217145.881060540676117 ] ] ] } },
{ "type": "Feature", "properties": { "restaurant_count": 0 }, "geometry": { "type": "Polygon", "coordinates": [ [ [ 363870.546723371371627, 6217645.881060540676117 ], [ 363870.546723371371627, 6218145.881060540676117 ], [ 363370.546723371371627, 6218145.881060540676117 ], [ 363370.546723371371627, 6217645.881060540676117 ], [ 363870.546723371371627, 6217645.881060540676117 ] ] ] } },
{ "type": "Feature", "properties": { "restaurant_count": 0 }, "geometry": { "type": "Polygon", "coordinates": [ [ [ 363870.546723371371627, 6218145.881060540676117 ], [ 363870.546723371371627, 6218645.881060540676117 ], [ 363370.546723371371627, 6218645.881060540676117 ], [ 363370.546723371371627, 6218145.881060540676117 ], [ 363870.546723371371627, 6218145.881060540676117 ] ] ] } },
{ "type": "Feature", "properties": { "restaurant_count": 0 }, "geometry": { "type": "Polygon", "coordinates": [ [ [ 363870.546723371371627, 6218645.881060540676117 ], [ 363870.546723371371627, 6219145.881060540676117 ], [ 363370.546723371371627, 6219145.881060540676117 ], [ 363370.546723371371627, 6218645.881060540676117 ], [ 363870.546723371371627, 6218645.881060540676117 ] ] ] } },
{ "type": "Feature", "properties": { "restaurant_count": 0 }, "geometry": { "type": "Polygon", "coordinates": [ [ [ 363870.546723371371627, 6219145.881060540676117 ], [ 363870.546723371371627, 6219645.881060540676117 ], [ 363370.546723371371627, 6219645.881060540676117 ], [ 363370.546723371371627, 6219145.881060540676117 ], [ 363870.546723371371627, 6219145.881060540676117 ] ] ] } },
{ "type": "Feature", "properties": { "restaurant_count": 0 }, "geometry": { "type": "Polygon", "coordinates": [ [ [ 363870.546723371371627, 6219645.881060540676117 ], [ 363870.546723371371627, 6220145.881060540676117 ], [ 363370.546723371371627, 6220145.881060540676117 ], [ 363370.546723371371627, 6219645.881060540676117 ], [ 363870.546723371371627, 6219645.881060540676117 ] ] ] } },
{ "type": "Feature", "properties": { "restaurant_count": 0 }, "geometry": { "type": "Polygon", "coordinates": [ [ [ 363870.546723371371627, 6220145.881060540676117 ], [ 363870.546723371371627, 6220645.881060540676117 ], [ 363370.546723371371627, 6220645.881060540676117 ], [ 363370.546723371371627, 6220145.881060540676117 ], [ 363870.546723371371627, 6220145.881060540676117 ] ] ] } },
{ "type": "Feature", "properties": { "restaurant_count": 0 }, "geometry": { "type": "Polygon", "coordinates": [ [ [ 363870.546723371371627, 6220645.881060540676117 ], [ 363870.546723371371627, 6221145.881060540676117 ], [ 363370.546723371371627, 6221145.881060540676117 ], [ 363370.546723371371627, 6220645.881060540676117 ], [ 363870.546723371371627, 6220645.881060540676117 ] ] ] } },
{ "type": "Feature", "properties": { "restaurant_count": 0 }, "geometry": { "type": "Polygon", "coordinates": [ [ [ 363870.546723371371627, 6221145.881060540676117 ], [ 363870.546723371371627, 6221645.881060540676117 ], [ 363370.546723371371627, 6221645.881060540676117 ], [ 363370.546723371371627, 6221145.881060540676117 ], [ 363870.546723371371627, 6221145.881060540676117 ] ] ] } },
{ "type": "Feature", "properties": { "restaurant_count": 0 }, "geometry": { "type": "Polygon", "coordinates": [ [ [ 363870.546723371371627, 6221645.881060540676117 ], [ 363870.546723371371627, 6222145.881060540676117 ], [ 363370.546723371371627, 6222145.881060540676117 ], [ 363370.546723371371627, 6221645.881060540676117 ], [ 363870.546723371371627, 6221645.881060540676117 ] ] ] } },
{ "type": "Feature", "properties": { "restaurant_count": 0 }, "geometry": { "type": "Polygon", "coordinates": [ [ [ 363870.546723371371627, 6222145.881060540676117 ], [ 363870.546723371371627, 6222645.881060540676117 ], [ 363370.546723371371627, 6222645.881060540676117 ], [ 363370.546723371371627, 6222145.881060540676117 ], [ 363870.546723371371627, 6222145.881060540676117 ] ] ] } },
{ "type": "Feature", "properties": { "restaurant_count": 0 }, "geometry": { "type": "Polygon", "coordinates": [ [ [ 363870.546723371371627, 6222645.881060540676117 ], [ 363870.546723371371627, 6223145.881060540676117 ], [ 363370.546723371371627, 6223145.881060540676117 ], [ 363370.546723371371627, 6222645.881060540676117 ], [ 363870.546723371371627, 6222645.881060540676117 ] ] ] } },
{ "type": "Feature", "properties": { "restaurant_count": 0 }, "geometry": { "type": "Polygon", "coordinates": [ [ [ 363870.546723371371627, 6223145.881060540676117 ], [ 363870.546723371371627, 6223645.881060540676117 ], [ 363370.546723371371627, 6223645.881060540676117 ], [ 363370.546723371371627, 6223145.881060540676117 ], [ 363870.546723371371627, 6223145.881060540676117 ] ] ] } },
{ "type": "Feature", "properties": { "restaurant_count": 0 }, "geometry": { "type": "Polygon", "coordinates": [ [ [ 364370.546723371371627, 6203145.881060540676117 ], [ 364370.546723371371627, 6203645.881060540676117 ], [ 363870.546723371371627, 6203645.881060540676117 ], [ 363870.546723371371627, 6203145.881060540676117 ], [ 364370.546723371371627, 6203145.881060540676117 ] ] ] } },
{ "type": "Feature", "properties": { "restaurant_count": 0 }, "geometry": { "type": "Polygon", "coordinates": [ [ [ 364370.546723371371627, 6203645.881060540676117 ], [ 364370.546723371371627, 6204145.881060540676117 ], [ 363870.546723371371627, 6204145.881060540676117 ], [ 363870.546723371371627, 6203645.881060540676117 ], [ 364370.546723371371627, 6203645.881060540676117 ] ] ] } },
{ "type": "Feature", "properties": { "restaurant_count": 0 }, "geometry": { "type": "Polygon", "coordinates": [ [ [ 364370.546723371371627, 6204145.881060540676117 ], [ 364370.546723371371627, 6204645.881060540676117 ], [ 363870.546723371371627, 6204645.881060540676117 ], [ 363870.546723371371627, 6204145.881060540676117 ], [ 364370.546723371371627, 6204145.881060540676117 ] ] ] } },
{ "type": "Feature", "properties": { "restaurant_count": 0 }, "geometry": { "type": "Polygon", "coordinates": [ [ [ 364370.546723371371627, 6204645.881060540676117 ], [ 364370.546723371371627, 6205145.881060540676117 ], [ 363870.546723371371627, 6205145.881060540676117 ], [ 363870.546723371371627, 6204645.881060540676117 ], [ 364370.546723371371627, 6204645.881060540676117 ] ] ] } },
{ "type": "Feature", "properties": { "restaurant_count": 0 }, "geometry": { "type": "Polygon", "coordinates": [ [ [ 364370.546723371371627, 6205145.881060540676117 ], [ 364370.546723371371627, 6205645.881060540676117 ], [ 363870.546723371371627, 6205645.881060540676117 ], [ 363870.546723371371627, 6205145.881060540676117 ], [ 364370.546723371371627, 6205145.881060540676117 ] ] ] } },
{ "type": "Feature", "properties": { "restaurant_count": 0 }, "geometry": { "type": "Polygon", "coordinates": [ [ [ 364370.546723371371627, 6205645.881060540676117 ], [ 364370.546723371371627, 6206145.881060540676117 ], [ 363870.546723371371627, 6206145.881060540676117 ], [ 363870.546723371371627, 6205645.881060540676117 ], [ 364370.546723371371627, 6205645.881060540676117 ] ] ] } },
{ "type": "Feature", "properties": { "restaurant_count": 0 }, "geometry": { "type": "Polygon", "coordinates": [ [ [ 364370.546723371371627, 6206145.881060540676117 ], [ 364370.546723371371627, 6206645.881060540676117 ], [ 363870.546723371371627, 6206645.881060540676117 ], [ 363870.546723371371627, 6206145.881060540676117 ], [ 364370.546723371371627, 6206145.881060540676117 ] ] ] } },
{ "type": "Feature", "properties": { "restaurant_count": 0 }, "geometry": { "type": "Polygon", "coordinates": [ [ [ 364370.546723371371627, 6206645.881060540676117 ], [ 364370.546723371371627, 6207145.881060540676117 ], [ 363870.546723371371627, 6207145.881060540676117 ], [ 363870.546723371371627, 6206645.881060540676117 ], [ 364370.546723371371627, 6206645.881060540676117 ] ] ] } },
{ "type": "Feature", "properties": { "restaurant_count": 0 }, "geometry": { "type": "Polygon", "coordinates": [ [ [ 364370.546723371371627, 6207145.881060540676117 ], [ 364370.546723371371627, 6207645.881060540676117 ], [ 363870.546723371371627, 6207645.881060540676117 ], [ 363870.546723371371627, 6207145.881060540676117 ], [ 364370.546723371371627, 6207145.881060540676117 ] ] ] } },
{ "type": "Feature", "properties": { "restaurant_count": 0 }, "geometry": { "type": "Polygon", "coordinates": [ [ [ 364370.546723371371627, 6207645.881060540676117 ], [ 364370.546723371371627, 6208145.881060540676117 ], [ 363870.546723371371627, 6208145.881060540676117 ], [ 363870.546723371371627, 6207645.881060540676117 ], [ 364370.546723371371627, 6207645.881060540676117 ] ] ] } },
{ "type": "Feature", "properties": { "restaurant_count": 0 }, "geometry": { "type": "Polygon", "coordinates": [ [ [ 364370.546723371371627, 6208145.881060540676117 ], [ 364370.546723371371627, 6208645.881060540676117 ], [ 363870.546723371371627, 6208645.881060540676117 ], [ 363870.546723371371627, 6208145.881060540676117 ], [ 364370.546723371371627, 6208145.881060540676117 ] ] ] } },
{ "type": "Feature", "properties": { "restaurant_count": 0 }, "geometry": { "type": "Polygon", "coordinates": [ [ [ 364370.546723371371627, 6208645.881060540676117 ], [ 364370.546723371371627, 6209145.881060540676117 ], [ 363870.546723371371627, 6209145.881060540676117 ], [ 363870.546723371371627, 6208645.881060540676117 ], [ 364370.546723371371627, 6208645.881060540676117 ] ] ] } },
{ "type": "Feature", "properties": { "restaurant_count": 0 }, "geometry": { "type": "Polygon", "coordinates": [ [ [ 364370.546723371371627, 6209145.881060540676117 ], [ 364370.546723371371627, 6209645.881060540676117 ], [ 363870.546723371371627, 6209645.881060540676117 ], [ 363870.546723371371627, 6209145.881060540676117 ], [ 364370.546723371371627, 6209145.881060540676117 ] ] ] } },
{ "type": "Feature", "properties": { "restaurant_count": 0 }, "geometry": { "type": "Polygon", "coordinates": [ [ [ 364370.546723371371627, 6209645.881060540676117 ], [ 364370.546723371371627, 6210145.881060540676117 ], [ 363870.546723371371627, 6210145.881060540676117 ], [ 363870.546723371371627, 6209645.881060540676117 ], [ 364370.546723371371627, 6209645.881060540676117 ] ] ] } },
{ "type": "Feature", "properties": { "restaurant_count": 0 }, "geometry": { "type": "Polygon", "coordinates": [ [ [ 364370.546723371371627, 6210145.881060540676117 ], [ 364370.546723371371627, 6210645.881060540676117 ], [ 363870.546723371371627, 6210645.881060540676117 ], [ 363870.546723371371627, 6210145.881060540676117 ], [ 364370.546723371371627, 6210145.881060540676117 ] ] ] } },
{ "type": "Feature", "properties": { "restaurant_count": 0 }, "geometry": { "type": "Polygon", "coordinates": [ [ [ 364370.546723371371627, 6210645.881060540676117 ], [ 364370.546723371371627, 6211145.881060540676117 ], [ 363870.546723371371627, 6211145.881060540676117 ], [ 363870.546723371371627, 6210645.881060540676117 ], [ 364370.546723371371627, 6210645.881060540676117 ] ] ] } },
{ "type": "Feature", "properties": { "restaurant_count": 0 }, "geometry": { "type": "Polygon", "coordinates": [ [ [ 364370.546723371371627, 6211145.881060540676117 ], [ 364370.546723371371627, 6211645.881060540676117 ], [ 363870.546723371371627, 6211645.881060540676117 ], [ 363870.546723371371627, 6211145.881060540676117 ], [ 364370.546723371371627, 6211145.881060540676117 ] ] ] } },
{ "type": "Feature", "properties": { "restaurant_count": 0 }, "geometry": { "type": "Polygon", "coordinates": [ [ [ 364370.546723371371627, 6211645.881060540676117 ], [ 364370.546723371371627, 6212145.881060540676117 ], [ 363870.546723371371627, 6212145.881060540676117 ], [ 363870.546723371371627, 6211645.881060540676117 ], [ 364370.546723371371627, 6211645.881060540676117 ] ] ] } },
{ "type": "Feature", "properties": { "restaurant_count": 0 }, "geometry": { "type": "Polygon", "coordinates": [ [ [ 364370.546723371371627, 6212145.881060540676117 ], [ 364370.546723371371627, 6212645.881060540676117 ], [ 363870.546723371371627, 6212645.881060540676117 ], [ 363870.546723371371627, 6212145.881060540676117 ], [ 364370.546723371371627, 6212145.881060540676117 ] ] ] } },
{ "type": "Feature", "properties": { "restaurant_count": 0 }, "geometry": { "type": "Polygon", "coordinates": [ [ [ 364370.546723371371627, 6212645.881060540676117 ], [ 364370.546723371371627, 6213145.881060540676117 ], [ 363870.546723371371627, 6213145.881060540676117 ], [ 363870.546723371371627, 6212645.881060540676117 ], [ 364370.546723371371627, 6212645.881060540676117 ] ] ] } },
{ "type": "Feature", "properties": { "restaurant_count": 0 }, "geometry": { "type": "Polygon", "coordinates": [ [ [ 364370.546723371371627, 6213145.881060540676117 ], [ 364370.546723371371627, 6213645.881060540676117 ], [ 363870.546723371371627, 6213645.881060540676117 ], [ 363870.546723371371627, 6213145.881060540676117 ], [ 364370.546723371371627, 6213145.881060540676117 ] ] ] } },
{ "type": "Feature", "properties": { "restaurant_count": 0 }, "geometry": { "type": "Polygon", "coordinates": [ [ [ 364370.546723371371627, 6213645.881060540676117 ], [ 364370.546723371371627, 6214145.881060540676117 ], [ 363870.546723371371627, 6214145.881060540676117 ], [ 363870.546723371371627, 6213645.881060540676117 ], [ 364370.546723371371627, 6213645.881060540676117 ] ] ] } },
{ "type": "Feature", "properties": { "restaurant_count": 0 }, "geometry": { "type": "Polygon", "coordinates": [ [ [ 364370.546723371371627, 6214145.881060540676117 ], [ 364370.546723371371627, 6214645.881060540676117 ], [ 363870.546723371371627, 6214645.881060540676117 ], [ 363870.546723371371627, 6214145.881060540676117 ], [ 364370.546723371371627, 6214145.881060540676117 ] ] ] } },
{ "type": "Feature", "properties": { "restaurant_count": 0 }, "geometry": { "type": "Polygon", "coordinates": [ [ [ 364370.546723371371627, 6214645.881060540676117 ], [ 364370.546723371371627, 6215145.881060540676117 ], [ 363870.546723371371627, 6215145.881060540676117 ], [ 363870.546723371371627, 6214645.881060540676117 ], [ 364370.546723371371627, 6214645.881060540676117 ] ] ] } },
{ "type": "Feature", "properties": { "restaurant_count": 0 }, "geometry": { "type": "Polygon", "coordinates": [ [ [ 364370.546723371371627, 6215145.881060540676117 ], [ 364370.546723371371627, 6215645.881060540676117 ], [ 363870.546723371371627, 6215645.881060540676117 ], [ 363870.546723371371627, 6215145.881060540676117 ], [ 364370.546723371371627, 6215145.881060540676117 ] ] ] } },
{ "type": "Feature", "properties": { "restaurant_count": 0 }, "geometry": { "type": "Polygon", "coordinates": [ [ [ 364370.546723371371627, 6215645.881060540676117 ], [ 364370.546723371371627, 6216145.881060540676117 ], [ 363870.546723371371627, 6216145.881060540676117 ], [ 363870.546723371371627, 6215645.881060540676117 ], [ 364370.546723371371627, 6215645.881060540676117 ] ] ] } },
{ "type": "Feature", "properties": { "restaurant_count": 0 }, "geometry": { "type": "Polygon", "coordinates": [ [ [ 364370.546723371371627, 6216145.881060540676117 ], [ 364370.546723371371627, 6216645.881060540676117 ], [ 363870.546723371371627, 6216645.881060540676117 ], [ 363870.546723371371627, 6216145.881060540676117 ], [ 364370.546723371371627, 6216145.881060540676117 ] ] ] } },
{ "type": "Feature", "properties": { "restaurant_count": 0 }, "geometry": { "type": "Polygon", "coordinates": [ [ [ 364370.546723371371627, 6216645.881060540676117 ], [ 364370.546723371371627, 6217145.881060540676117 ], [ 363870.546723371371627, 6217145.881060540676117 ], [ 363870.546723371371627, 6216645.881060540676117 ], [ 364370.546723371371627, 6216645.881060540676117 ] ] ] } },
{ "type": "Feature", "properties": { "restaurant_count": 0 }, "geometry": { "type": "Polygon", "coordinates": [ [ [ 364370.546723371371627, 6217145.881060540676117 ], [ 364370.546723371371627, 6217645.881060540676117 ], [ 363870.546723371371627, 6217645.881060540676117 ], [ 363870.546723371371627, 6217145.881060540676117 ], [ 364370.546723371371627, 6217145.881060540676117 ] ] ] } },
{ "type": "Feature", "properties": { "restaurant_count": 0 }, "geometry": { "type": "Polygon", "coordinates": [ [ [ 364370.546723371371627, 6217645.881060540676117 ], [ 364370.546723371371627, 6218145.881060540676117 ], [ 363870.546723371371627, 6218145.881060540676117 ], [ 363870.546723371371627, 6217645.881060540676117 ], [ 364370.546723371371627, 6217645.881060540676117 ] ] ] } },
{ "type": "Feature", "properties": { "restaurant_count": 0 }, "geometry": { "type": "Polygon", "coordinates": [ [ [ 364370.546723371371627, 6218145.881060540676117 ], [ 364370.546723371371627, 6218645.881060540676117 ], [ 363870.546723371371627, 6218645.881060540676117 ], [ 363870.546723371371627, 6218145.881060540676117 ], [ 364370.546723371371627, 6218145.881060540676117 ] ] ] } },
{ "type": "Feature", "properties": { "restaurant_count": 0 }, "geometry": { "type": "Polygon", "coordinates": [ [ [ 364370.546723371371627, 6218645.881060540676117 ], [ 364370.546723371371627, 6219145.881060540676117 ], [ 363870.546723371371627, 6219145.881060540676117 ], [ 363870.546723371371627, 6218645.881060540676117 ], [ 364370.546723371371627, 6218645.881060540676117 ] ] ] } },
{ "type": "Feature", "properties": { "restaurant_count": 0 }, "geometry": { "type": "Polygon", "coordinates": [ [ [ 364370.546723371371627, 6219145.881060540676117 ], [ 364370.546723371371627, 6219645.881060540676117 ], [ 363870.546723371371627, 6219645.881060540676117 ], [ 363870.546723371371627, 6219145.881060540676117 ], [ 364370.546723371371627, 6219145.881060540676117 ] ] ] } },
{ "type": "Feature", "properties": { "restaurant_count": 0 }, "geometry": { "type": "Polygon", "coordinates": [ [ [ 364370.546723371371627, 6219645.881060540676117 ], [ 364370.546723371371627, 6220145.881060540676117 ], [ 363870.546723371371627, 6220145.881060540676117 ], [ 363870.546723371371627, 6219645.881060540676117 ], [ 364370.546723371371627, 6219645.881060540676117 ] ] ] } },
{ "type": "Feature", "properties": { "restaurant_count": 0 }, "geometry": { "type": "Polygon", "coordinates": [ [ [ 364370.546723371371627, 6220145.881060540676117 ], [ 364370.546723371371627, 6220645.881060540676117 ], [ 363870.546723371371627, 6220645.881060540676117 ], [ 363870.546723371371627, 6220145.881060540676117 ], [ 364370.546723371371627, 6220145.881060540676117 ] ] ] } },
{ "type": "Feature", "properties": { "restaurant_count": 0 }, "geometry": { "type": "Polygon", "coordinates": [ [ [ 364370.546723371371627, 6220645.881060540676117 ], [ 364370.546723371371627, 6221145.881060540676117 ], [ 363870.546723371371627, 6221145.881060540676117 ], [ 363870.546723371371627, 6220645.881060540676117 ], [ 364370.546723371371627, 6220645.881060540676117 ] ] ] } },
{ "type": "Feature", "properties": { "restaurant_count": 0 }, "geometry": { "type": "Polygon", "coordinates": [ [ [ 364370.546723371371627, 6221145.881060540676117 ], [ 364370.546723371371627, 6221645.881060540676117 ], [ 363870.546723371371627, 6221645.881060540676117 ], [ 363870.546723371371627, 6221145.881060540676117 ], [ 364370.546723371371627, 6221145.881060540676117 ] ] ] } },
{ "type": "Feature", "properties": { "restaurant_count": 0 }, "geometry": { "type": "Polygon", "coordinates": [ [ [ 364370.546723371371627, 6221645.881060540676117 ], [ 364370.546723371371627, 6222145.881060540676117 ], [ 363870.546723371371627, 6222145.881060540676117 ], [ 363870.546723371371627, 6221645.881060540676117 ], [ 364370.546723371371627, 6221645.881060540676117 ] ] ] } },
{ "type": "Feature", "properties": { "restaurant_count": 0 }, "geometry": { "type": "Polygon", "coordinates": [ [ [ 364370.546723371371627, 6222145.881060540676117 ], [ 364370.546723371371627, 6222645.881060540676117 ], [ 363870.546723371371627, 6222645.881060540676117 ], [ 363870.546723371371627, 6222145.881060540676117 ], [ 364370.546723371371627, 6222145.881060540676117 ] ] ] } },
{ "type": "Feature", "properties": { "restaurant_count": 0 }, "geometry": { "type": "Polygon", "coordinates": [ [ [ 364370.546723371371627, 6222645.881060540676117 ], [ 364370.546723371371627, 6223145.881060540676117 ], [ 363870.546723371371627, 6223145.881060540676117 ], [ 363870.546723371371627, 6222645.881060540676117 ], [ 364370.546723371371627, 6222645.881060540676117 ] ] ] } },
{ "type": "Feature", "properties": { "restaurant_count": 0 }, "geometry": { "type": "Polygon", "coordinates": [ [ [ 364370.546723371371627, 6223145.881060540676117 ], [ 364370.546723371371627, 6223645.881060540676117 ], [ 363870.546723371371627, 6223645.881060540676117 ], [ 363870.546723371371627, 6223145.881060540676117 ], [ 364370.546723371371627, 6223145.881060540676117 ] ] ] } },
{ "type": "Feature", "properties": { "restaurant_count": 0 }, "geometry": { "type": "Polygon", "coordinates": [ [ [ 364870.546723371371627, 6203145.881060540676117 ], [ 364870.546723371371627, 6203645.881060540676117 ], [ 364370.546723371371627, 6203645.881060540676117 ], [ 364370.546723371371627, 6203145.881060540676117 ], [ 364870.546723371371627, 6203145.881060540676117 ] ] ] } },
{ "type": "Feature", "properties": { "restaurant_count": 0 }, "geometry": { "type": "Polygon", "coordinates": [ [ [ 364870.546723371371627, 6203645.881060540676117 ], [ 364870.546723371371627, 6204145.881060540676117 ], [ 364370.546723371371627, 6204145.881060540676117 ], [ 364370.546723371371627, 6203645.881060540676117 ], [ 364870.546723371371627, 6203645.881060540676117 ] ] ] } },
{ "type": "Feature", "properties": { "restaurant_count": 0 }, "geometry": { "type": "Polygon", "coordinates": [ [ [ 364870.546723371371627, 6204145.881060540676117 ], [ 364870.546723371371627, 6204645.881060540676117 ], [ 364370.546723371371627, 6204645.881060540676117 ], [ 364370.546723371371627, 6204145.881060540676117 ], [ 364870.546723371371627, 6204145.881060540676117 ] ] ] } },
{ "type": "Feature", "properties": { "restaurant_count": 0 }, "geometry": { "type": "Polygon", "coordinates": [ [ [ 364870.546723371371627, 6204645.881060540676117 ], [ 364870.546723371371627, 6205145.881060540676117 ], [ 364370.546723371371627, 6205145.881060540676117 ], [ 364370.546723371371627, 6204645.881060540676117 ], [ 364870.546723371371627, 6204645.881060540676117 ] ] ] } },
{ "type": "Feature", "properties": { "restaurant_count": 0 }, "geometry": { "type": "Polygon", "coordinates": [ [ [ 364870.546723371371627, 6205145.881060540676117 ], [ 364870.546723371371627, 6205645.881060540676117 ], [ 364370.546723371371627, 6205645.881060540676117 ], [ 364370.546723371371627, 6205145.881060540676117 ], [ 364870.546723371371627, 6205145.881060540676117 ] ] ] } },
{ "type": "Feature", "properties": { "restaurant_count": 0 }, "geometry": { "type": "Polygon", "coordinates": [ [ [ 364870.546723371371627, 6205645.881060540676117 ], [ 364870.546723371371627, 6206145.881060540676117 ], [ 364370.546723371371627, 6206145.881060540676117 ], [ 364370.546723371371627, 6205645.881060540676117 ], [ 364870.546723371371627, 6205645.881060540676117 ] ] ] } },
{ "type": "Feature", "properties": { "restaurant_count": 0 }, "geometry": { "type": "Polygon", "coordinates": [ [ [ 364870.546723371371627, 6206145.881060540676117 ], [ 364870.546723371371627, 6206645.881060540676117 ], [ 364370.546723371371627, 6206645.881060540676117 ], [ 364370.546723371371627, 6206145.881060540676117 ], [ 364870.546723371371627, 6206145.881060540676117 ] ] ] } },
{ "type": "Feature", "properties": { "restaurant_count": 0 }, "geometry": { "type": "Polygon", "coordinates": [ [ [ 364870.546723371371627, 6206645.881060540676117 ], [ 364870.546723371371627, 6207145.881060540676117 ], [ 364370.546723371371627, 6207145.881060540676117 ], [ 364370.546723371371627, 6206645.881060540676117 ], [ 364870.546723371371627, 6206645.881060540676117 ] ] ] } },
{ "type": "Feature", "properties": { "restaurant_count": 0 }, "geometry": { "type": "Polygon", "coordinates": [ [ [ 364870.546723371371627, 6207145.881060540676117 ], [ 364870.546723371371627, 6207645.881060540676117 ], [ 364370.546723371371627, 6207645.881060540676117 ], [ 364370.546723371371627, 6207145.881060540676117 ], [ 364870.546723371371627, 6207145.881060540676117 ] ] ] } },
{ "type": "Feature", "properties": { "restaurant_count": 0 }, "geometry": { "type": "Polygon", "coordinates": [ [ [ 364870.546723371371627, 6207645.881060540676117 ], [ 364870.546723371371627, 6208145.881060540676117 ], [ 364370.546723371371627, 6208145.881060540676117 ], [ 364370.546723371371627, 6207645.881060540676117 ], [ 364870.546723371371627, 6207645.881060540676117 ] ] ] } },
{ "type": "Feature", "properties": { "restaurant_count": 0 }, "geometry": { "type": "Polygon", "coordinates": [ [ [ 364870.546723371371627, 6208145.881060540676117 ], [ 364870.546723371371627, 6208645.881060540676117 ], [ 364370.546723371371627, 6208645.881060540676117 ], [ 364370.546723371371627, 6208145.881060540676117 ], [ 364870.546723371371627, 6208145.881060540676117 ] ] ] } },
{ "type": "Feature", "properties": { "restaurant_count": 0 }, "geometry": { "type": "Polygon", "coordinates": [ [ [ 364870.546723371371627, 6208645.881060540676117 ], [ 364870.546723371371627, 6209145.881060540676117 ], [ 364370.546723371371627, 6209145.881060540676117 ], [ 364370.546723371371627, 6208645.881060540676117 ], [ 364870.546723371371627, 6208645.881060540676117 ] ] ] } },
{ "type": "Feature", "properties": { "restaurant_count": 0 }, "geometry": { "type": "Polygon", "coordinates": [ [ [ 364870.546723371371627, 6209145.881060540676117 ], [ 364870.546723371371627, 6209645.881060540676117 ], [ 364370.546723371371627, 6209645.881060540676117 ], [ 364370.546723371371627, 6209145.881060540676117 ], [ 364870.546723371371627, 6209145.881060540676117 ] ] ] } },
{ "type": "Feature", "properties": { "restaurant_count": 0 }, "geometry": { "type": "Polygon", "coordinates": [ [ [ 364870.546723371371627, 6209645.881060540676117 ], [ 364870.546723371371627, 6210145.881060540676117 ], [ 364370.546723371371627, 6210145.881060540676117 ], [ 364370.546723371371627, 6209645.881060540676117 ], [ 364870.546723371371627, 6209645.881060540676117 ] ] ] } },
{ "type": "Feature", "properties": { "restaurant_count": 0 }, "geometry": { "type": "Polygon", "coordinates": [ [ [ 364870.546723371371627, 6210145.881060540676117 ], [ 364870.546723371371627, 6210645.881060540676117 ], [ 364370.546723371371627, 6210645.881060540676117 ], [ 364370.546723371371627, 6210145.881060540676117 ], [ 364870.546723371371627, 6210145.881060540676117 ] ] ] } },
{ "type": "Feature", "properties": { "restaurant_count": 0 }, "geometry": { "type": "Polygon", "coordinates": [ [ [ 364870.546723371371627, 6210645.881060540676117 ], [ 364870.546723371371627, 6211145.881060540676117 ], [ 364370.546723371371627, 6211145.881060540676117 ], [ 364370.546723371371627, 6210645.881060540676117 ], [ 364870.546723371371627, 6210645.881060540676117 ] ] ] } },
{ "type": "Feature", "properties": { "restaurant_count": 0 }, "geometry": { "type": "Polygon", "coordinates": [ [ [ 364870.546723371371627, 6211145.881060540676117 ], [ 364870.546723371371627, 6211645.881060540676117 ], [ 364370.546723371371627, 6211645.881060540676117 ], [ 364370.546723371371627, 6211145.881060540676117 ], [ 364870.546723371371627, 6211145.881060540676117 ] ] ] } },
{ "type": "Feature", "properties": { "restaurant_count": 0 }, "geometry": { "type": "Polygon", "coordinates": [ [ [ 364870.546723371371627, 6211645.881060540676117 ], [ 364870.546723371371627, 6212145.881060540676117 ], [ 364370.546723371371627, 6212145.881060540676117 ], [ 364370.546723371371627, 6211645.881060540676117 ], [ 364870.546723371371627, 6211645.881060540676117 ] ] ] } },
{ "type": "Feature", "properties": { "restaurant_count": 0 }, "geometry": { "type": "Polygon", "coordinates": [ [ [ 364870.546723371371627, 6212145.881060540676117 ], [ 364870.546723371371627, 6212645.881060540676117 ], [ 364370.546723371371627, 6212645.881060540676117 ], [ 364370.546723371371627, 6212145.881060540676117 ], [ 364870.546723371371627, 6212145.881060540676117 ] ] ] } },
{ "type": "Feature", "properties": { "restaurant_count": 0 }, "geometry": { "type": "Polygon", "coordinates": [ [ [ 364870.546723371371627, 6212645.881060540676117 ], [ 364870.546723371371627, 6213145.881060540676117 ], [ 364370.546723371371627, 6213145.881060540676117 ], [ 364370.546723371371627, 6212645.881060540676117 ], [ 364870.546723371371627, 6212645.881060540676117 ] ] ] } },
{ "type": "Feature", "properties": { "restaurant_count": 0 }, "geometry": { "type": "Polygon", "coordinates": [ [ [ 364870.546723371371627, 6213145.881060540676117 ], [ 364870.546723371371627, 6213645.881060540676117 ], [ 364370.546723371371627, 6213645.881060540676117 ], [ 364370.546723371371627, 6213145.881060540676117 ], [ 364870.546723371371627, 6213145.881060540676117 ] ] ] } },
{ "type": "Feature", "properties": { "restaurant_count": 0 }, "geometry": { "type": "Polygon", "coordinates": [ [ [ 364870.546723371371627, 6213645.881060540676117 ], [ 364870.546723371371627, 6214145.881060540676117 ], [ 364370.546723371371627, 6214145.881060540676117 ], [ 364370.546723371371627, 6213645.881060540676117 ], [ 364870.546723371371627, 6213645.881060540676117 ] ] ] } },
{ "type": "Feature", "properties": { "restaurant_count": 0 }, "geometry": { "type": "Polygon", "coordinates": [ [ [ 364870.546723371371627, 6214145.881060540676117 ], [ 364870.546723371371627, 6214645.881060540676117 ], [ 364370.546723371371627, 6214645.881060540676117 ], [ 364370.546723371371627, 6214145.881060540676117 ], [ 364870.546723371371627, 6214145.881060540676117 ] ] ] } },
{ "type": "Feature", "properties": { "restaurant_count": 0 }, "geometry": { "type": "Polygon", "coordinates": [ [ [ 364870.546723371371627, 6214645.881060540676117 ], [ 364870.546723371371627, 6215145.881060540676117 ], [ 364370.546723371371627, 6215145.881060540676117 ], [ 364370.546723371371627, 6214645.881060540676117 ], [ 364870.546723371371627, 6214645.881060540676117 ] ] ] } },
{ "type": "Feature", "properties": { "restaurant_count": 0 }, "geometry": { "type": "Polygon", "coordinates": [ [ [ 364870.546723371371627, 6215145.881060540676117 ], [ 364870.546723371371627, 6215645.881060540676117 ], [ 364370.546723371371627, 6215645.881060540676117 ], [ 364370.546723371371627, 6215145.881060540676117 ], [ 364870.546723371371627, 6215145.881060540676117 ] ] ] } },
{ "type": "Feature", "properties": { "restaurant_count": 0 }, "geometry": { "type": "Polygon", "coordinates": [ [ [ 364870.546723371371627, 6215645.881060540676117 ], [ 364870.546723371371627, 6216145.881060540676117 ], [ 364370.546723371371627, 6216145.881060540676117 ], [ 364370.546723371371627, 6215645.881060540676117 ], [ 364870.546723371371627, 6215645.881060540676117 ] ] ] } },
{ "type": "Feature", "properties": { "restaurant_count": 0 }, "geometry": { "type": "Polygon", "coordinates": [ [ [ 364870.546723371371627, 6216145.881060540676117 ], [ 364870.546723371371627, 6216645.881060540676117 ], [ 364370.546723371371627, 6216645.881060540676117 ], [ 364370.546723371371627, 6216145.881060540676117 ], [ 364870.546723371371627, 6216145.881060540676117 ] ] ] } },
{ "type": "Feature", "properties": { "restaurant_count": 0 }, "geometry": { "type": "Polygon", "coordinates": [ [ [ 364870.546723371371627, 6216645.881060540676117 ], [ 364870.546723371371627, 6217145.881060540676117 ], [ 364370.546723371371627, 6217145.881060540676117 ], [ 364370.546723371371627, 6216645.881060540676117 ], [ 364870.546723371371627, 6216645.881060540676117 ] ] ] } },
{ "type": "Feature", "properties": { "restaurant_count": 0 }, "geometry": { "type": "Polygon", "coordinates": [ [ [ 364870.546723371371627, 6217145.881060540676117 ], [ 364870.546723371371627, 6217645.881060540676117 ], [ 364370.546723371371627, 6217645.881060540676117 ], [ 364370.546723371371627, 6217145.881060540676117 ], [ 364870.546723371371627, 6217145.881060540676117 ] ] ] } },
{ "type": "Feature", "properties": { "restaurant_count": 0 }, "geometry": { "type": "Polygon", "coordinates": [ [ [ 364870.546723371371627, 6217645.881060540676117 ], [ 364870.546723371371627, 6218145.881060540676117 ], [ 364370.546723371371627, 6218145.881060540676117 ], [ 364370.546723371371627, 6217645.881060540676117 ], [ 364870.546723371371627, 6217645.881060540676117 ] ] ] } },
{ "type": "Feature", "properties": { "restaurant_count": 0 }, "geometry": { "type": "Polygon", "coordinates": [ [ [ 364870.546723371371627, 6218145.881060540676117 ], [ 364870.546723371371627, 6218645.881060540676117 ], [ 364370.546723371371627, 6218645.881060540676117 ], [ 364370.546723371371627, 6218145.881060540676117 ], [ 364870.546723371371627, 6218145.881060540676117 ] ] ] } },
{ "type": "Feature", "properties": { "restaurant_count": 0 }, "geometry": { "type": "Polygon", "coordinates": [ [ [ 364870.546723371371627, 6218645.881060540676117 ], [ 364870.546723371371627, 6219145.881060540676117 ], [ 364370.546723371371627, 6219145.881060540676117 ], [ 364370.546723371371627, 6218645.881060540676117 ], [ 364870.546723371371627, 6218645.881060540676117 ] ] ] } },
{ "type": "Feature", "properties": { "restaurant_count": 0 }, "geometry": { "type": "Polygon", "coordinates": [ [ [ 364870.546723371371627, 6219145.881060540676117 ], [ 364870.546723371371627, 6219645.881060540676117 ], [ 364370.546723371371627, 6219645.881060540676117 ], [ 364370.546723371371627, 6219145.881060540676117 ], [ 364870.546723371371627, 6219145.881060540676117 ] ] ] } },
{ "type": "Feature", "properties": { "restaurant_count": 0 }, "geometry": { "type": "Polygon", "coordinates": [ [ [ 364870.546723371371627, 6219645.881060540676117 ], [ 364870.546723371371627, 6220145.881060540676117 ], [ 364370.546723371371627, 6220145.881060540676117 ], [ 364370.546723371371627, 6219645.881060540676117 ], [ 364870.546723371371627, 6219645.881060540676117 ] ] ] } },
{ "type": "Feature", "properties": { "restaurant_count": 0 }, "geometry": { "type": "Polygon", "coordinates": [ [ [ 364870.546723371371627, 6220145.881060540676117 ], [ 364870.546723371371627, 6220645.881060540676117 ], [ 364370.546723371371627, 6220645.881060540676117 ], [ 364370.546723371371627, 6220145.881060540676117 ], [ 364870.546723371371627, 6220145.881060540676117 ] ] ] } },
{ "type": "Feature", "properties": { "restaurant_count": 0 }, "geometry": { "type": "Polygon", "coordinates": [ [ [ 364870.546723371371627, 6220645.881060540676117 ], [ 364870.546723371371627, 6221145.881060540676117 ], [ 364370.546723371371627, 6221145.881060540676117 ], [ 364370.546723371371627, 6220645.881060540676117 ], [ 364870.546723371371627, 6220645.881060540676117 ] ] ] } },
{ "type": "Feature", "properties": { "restaurant_count": 0 }, "geometry": { "type": "Polygon", "coordinates": [ [ [ 364870.546723371371627, 6221145.881060540676117 ], [ 364870.546723371371627, 6221645.881060540676117 ], [ 364370.546723371371627, 6221645.881060540676117 ], [ 364370.546723371371627, 6221145.881060540676117 ], [ 364870.546723371371627, 6221145.881060540676117 ] ] ] } },
{ "type": "Feature", "properties": { "restaurant_count": 0 }, "geometry": { "type": "Polygon", "coordinates": [ [ [ 364870.546723371371627, 6221645.881060540676117 ], [ 364870.546723371371627, 6222145.881060540676117 ], [ 364370.546723371371627, 6222145.881060540676117 ], [ 364370.546723371371627, 6221645.881060540676117 ], [ 364870.546723371371627, 6221645.881060540676117 ] ] ] } },
{ "type": "Feature", "properties": { "restaurant_count": 0 }, "geometry": { "type": "Polygon", "coordinates": [ [ [ 364870.546723371371627, 6222145.881060540676117 ], [ 364870.546723371371627, 6222645.881060540676117 ], [ 364370.546723371371627, 6222645.881060540676117 ], [ 364370.546723371371627, 6222145.881060540676117 ], [ 364870.546723371371627, 6222145.881060540676117 ] ] ] } },
{ "type": "Feature", "properties": { "restaurant_count": 0 }, "geometry": { "type": "Polygon", "coordinates": [ [ [ 364870.546723371371627, 6222645.881060540676117 ], [ 364870.546723371371627, 6223145.881060540676117 ], [ 364370.546723371371627, 6223145.881060540676117 ], [ 364370.546723371371627, 6222645.881060540676117 ], [ 364870.546723371371627, 6222645.881060540676117 ] ] ] } },
{ "type": "Feature", "properties": { "restaurant_count": 0 }, "geometry": { "type": "Polygon", "coordinates": [ [ [ 364870.546723371371627, 6223145.881060540676117 ], [ 364870.546723371371627, 6223645.881060540676117 ], [ 364370.546723371371627, 6223645.881060540676117 ], [ 364370.546723371371627, 6223145.881060540676117 ], [ 364870.546723371371627, 6223145.881060540676117 ] ] ] } },
{ "type": "Feature", "properties": { "restaurant_count": 0 }, "geometry": { "type": "Polygon", "coordinates": [ [ [ 365370.546723371371627, 6203145.881060540676117 ], [ 365370.546723371371627, 6203645.881060540676117 ], [ 364870.546723371371627, 6203645.881060540676117 ], [ 364870.546723371371627, 6203145.881060540676117 ], [ 365370.546723371371627, 6203145.881060540676117 ] ] ] } },
{ "type": "Feature", "properties": { "restaurant_count": 0 }, "geometry": { "type": "Polygon", "coordinates": [ [ [ 365370.546723371371627, 6203645.881060540676117 ], [ 365370.546723371371627, 6204145.881060540676117 ], [ 364870.546723371371627, 6204145.881060540676117 ], [ 364870.546723371371627, 6203645.881060540676117 ], [ 365370.546723371371627, 6203645.881060540676117 ] ] ] } },
{ "type": "Feature", "properties": { "restaurant_count": 0 }, "geometry": { "type": "Polygon", "coordinates": [ [ [ 365370.546723371371627, 6204145.881060540676117 ], [ 365370.546723371371627, 6204645.881060540676117 ], [ 364870.546723371371627, 6204645.881060540676117 ], [ 364870.546723371371627, 6204145.881060540676117 ], [ 365370.546723371371627, 6204145.881060540676117 ] ] ] } },
{ "type": "Feature", "properties": { "restaurant_count": 0 }, "geometry": { "type": "Polygon", "coordinates": [ [ [ 365370.546723371371627, 6204645.881060540676117 ], [ 365370.546723371371627, 6205145.881060540676117 ], [ 364870.546723371371627, 6205145.881060540676117 ], [ 364870.546723371371627, 6204645.881060540676117 ], [ 365370.546723371371627, 6204645.881060540676117 ] ] ] } },
{ "type": "Feature", "properties": { "restaurant_count": 0 }, "geometry": { "type": "Polygon", "coordinates": [ [ [ 365370.546723371371627, 6205145.881060540676117 ], [ 365370.546723371371627, 6205645.881060540676117 ], [ 364870.546723371371627, 6205645.881060540676117 ], [ 364870.546723371371627, 6205145.881060540676117 ], [ 365370.546723371371627, 6205145.881060540676117 ] ] ] } },
{ "type": "Feature", "properties": { "restaurant_count": 0 }, "geometry": { "type": "Polygon", "coordinates": [ [ [ 365370.546723371371627, 6205645.881060540676117 ], [ 365370.546723371371627, 6206145.881060540676117 ], [ 364870.546723371371627, 6206145.881060540676117 ], [ 364870.546723371371627, 6205645.881060540676117 ], [ 365370.546723371371627, 6205645.881060540676117 ] ] ] } },
{ "type": "Feature", "properties": { "restaurant_count": 0 }, "geometry": { "type": "Polygon", "coordinates": [ [ [ 365370.546723371371627, 6206145.881060540676117 ], [ 365370.546723371371627, 6206645.881060540676117 ], [ 364870.546723371371627, 6206645.881060540676117 ], [ 364870.546723371371627, 6206145.881060540676117 ], [ 365370.546723371371627, 6206145.881060540676117 ] ] ] } },
{ "type": "Feature", "properties": { "restaurant_count": 0 }, "geometry": { "type": "Polygon", "coordinates": [ [ [ 365370.546723371371627, 6206645.881060540676117 ], [ 365370.546723371371627, 6207145.881060540676117 ], [ 364870.546723371371627, 6207145.881060540676117 ], [ 364870.546723371371627, 6206645.881060540676117 ], [ 365370.546723371371627, 6206645.881060540676117 ] ] ] } },
{ "type": "Feature", "properties": { "restaurant_count": 0 }, "geometry": { "type": "Polygon", "coordinates": [ [ [ 365370.546723371371627, 6207145.881060540676117 ], [ 365370.546723371371627, 6207645.881060540676117 ], [ 364870.546723371371627, 6207645.881060540676117 ], [ 364870.546723371371627, 6207145.881060540676117 ], [ 365370.546723371371627, 6207145.881060540676117 ] ] ] } },
{ "type": "Feature", "properties": { "restaurant_count": 0 }, "geometry": { "type": "Polygon", "coordinates": [ [ [ 365370.546723371371627, 6207645.881060540676117 ], [ 365370.546723371371627, 6208145.881060540676117 ], [ 364870.546723371371627, 6208145.881060540676117 ], [ 364870.546723371371627, 6207645.881060540676117 ], [ 365370.546723371371627, 6207645.881060540676117 ] ] ] } },
{ "type": "Feature", "properties": { "restaurant_count": 0 }, "geometry": { "type": "Polygon", "coordinates": [ [ [ 365370.546723371371627, 6208145.881060540676117 ], [ 365370.546723371371627, 6208645.881060540676117 ], [ 364870.546723371371627, 6208645.881060540676117 ], [ 364870.546723371371627, 6208145.881060540676117 ], [ 365370.546723371371627, 6208145.881060540676117 ] ] ] } },
{ "type": "Feature", "properties": { "restaurant_count": 0 }, "geometry": { "type": "Polygon", "coordinates": [ [ [ 365370.546723371371627, 6208645.881060540676117 ], [ 365370.546723371371627, 6209145.881060540676117 ], [ 364870.546723371371627, 6209145.881060540676117 ], [ 364870.546723371371627, 6208645.881060540676117 ], [ 365370.546723371371627, 6208645.881060540676117 ] ] ] } },
{ "type": "Feature", "properties": { "restaurant_count": 0 }, "geometry": { "type": "Polygon", "coordinates": [ [ [ 365370.546723371371627, 6209145.881060540676117 ], [ 365370.546723371371627, 6209645.881060540676117 ], [ 364870.546723371371627, 6209645.881060540676117 ], [ 364870.546723371371627, 6209145.881060540676117 ], [ 365370.546723371371627, 6209145.881060540676117 ] ] ] } },
{ "type": "Feature", "properties": { "restaurant_count": 0 }, "geometry": { "type": "Polygon", "coordinates": [ [ [ 365370.546723371371627, 6209645.881060540676117 ], [ 365370.546723371371627, 6210145.881060540676117 ], [ 364870.546723371371627, 6210145.881060540676117 ], [ 364870.546723371371627, 6209645.881060540676117 ], [ 365370.546723371371627, 6209645.881060540676117 ] ] ] } },
{ "type": "Feature", "properties": { "restaurant_count": 0 }, "geometry": { "type": "Polygon", "coordinates": [ [ [ 365370.546723371371627, 6210145.881060540676117 ], [ 365370.546723371371627, 6210645.881060540676117 ], [ 364870.546723371371627, 6210645.881060540676117 ], [ 364870.546723371371627, 6210145.881060540676117 ], [ 365370.546723371371627, 6210145.881060540676117 ] ] ] } },
{ "type": "Feature", "properties": { "restaurant_count": 0 }, "geometry": { "type": "Polygon", "coordinates": [ [ [ 365370.546723371371627, 6210645.881060540676117 ], [ 365370.546723371371627, 6211145.881060540676117 ], [ 364870.546723371371627, 6211145.881060540676117 ], [ 364870.546723371371627, 6210645.881060540676117 ], [ 365370.546723371371627, 6210645.881060540676117 ] ] ] } },
{ "type": "Feature", "properties": { "restaurant_count": 0 }, "geometry": { "type": "Polygon", "coordinates": [ [ [ 365370.546723371371627, 6211145.881060540676117 ], [ 365370.546723371371627, 6211645.881060540676117 ], [ 364870.546723371371627, 6211645.881060540676117 ], [ 364870.546723371371627, 6211145.881060540676117 ], [ 365370.546723371371627, 6211145.881060540676117 ] ] ] } },
{ "type": "Feature", "properties": { "restaurant_count": 0 }, "geometry": { "type": "Polygon", "coordinates": [ [ [ 365370.546723371371627, 6211645.881060540676117 ], [ 365370.546723371371627, 6212145.881060540676117 ], [ 364870.546723371371627, 6212145.881060540676117 ], [ 364870.546723371371627, 6211645.881060540676117 ], [ 365370.546723371371627, 6211645.881060540676117 ] ] ] } },
{ "type": "Feature", "properties": { "restaurant_count": 0 }, "geometry": { "type": "Polygon", "coordinates": [ [ [ 365370.546723371371627, 6212145.881060540676117 ], [ 365370.546723371371627, 6212645.881060540676117 ], [ 364870.546723371371627, 6212645.881060540676117 ], [ 364870.546723371371627, 6212145.881060540676117 ], [ 365370.546723371371627, 6212145.881060540676117 ] ] ] } },
{ "type": "Feature", "properties": { "restaurant_count": 0 }, "geometry": { "type": "Polygon", "coordinates": [ [ [ 365370.546723371371627, 6212645.881060540676117 ], [ 365370.546723371371627, 6213145.881060540676117 ], [ 364870.546723371371627, 6213145.881060540676117 ], [ 364870.546723371371627, 6212645.881060540676117 ], [ 365370.546723371371627, 6212645.881060540676117 ] ] ] } },
{ "type": "Feature", "properties": { "restaurant_count": 0 }, "geometry": { "type": "Polygon", "coordinates": [ [ [ 365370.546723371371627, 6213145.881060540676117 ], [ 365370.546723371371627, 6213645.881060540676117 ], [ 364870.546723371371627, 6213645.881060540676117 ], [ 364870.546723371371627, 6213145.881060540676117 ], [ 365370.546723371371627, 6213145.881060540676117 ] ] ] } },
{ "type": "Feature", "properties": { "restaurant_count": 0 }, "geometry": { "type": "Polygon", "coordinates": [ [ [ 365370.546723371371627, 6213645.881060540676117 ], [ 365370.546723371371627, 6214145.881060540676117 ], [ 364870.546723371371627, 6214145.881060540676117 ], [ 364870.546723371371627, 6213645.881060540676117 ], [ 365370.546723371371627, 6213645.881060540676117 ] ] ] } },
{ "type": "Feature", "properties": { "restaurant_count": 0 }, "geometry": { "type": "Polygon", "coordinates": [ [ [ 365370.546723371371627, 6214145.881060540676117 ], [ 365370.546723371371627, 6214645.881060540676117 ], [ 364870.546723371371627, 6214645.881060540676117 ], [ 364870.546723371371627, 6214145.881060540676117 ], [ 365370.546723371371627, 6214145.881060540676117 ] ] ] } },
{ "type": "Feature", "properties": { "restaurant_count": 0 }, "geometry": { "type": "Polygon", "coordinates": [ [ [ 365370.546723371371627, 6214645.881060540676117 ], [ 365370.546723371371627, 6215145.881060540676117 ], [ 364870.546723371371627, 6215145.881060540676117 ], [ 364870.546723371371627, 6214645.881060540676117 ], [ 365370.546723371371627, 6214645.881060540676117 ] ] ] } },
{ "type": "Feature", "properties": { "restaurant_count": 0 }, "geometry": { "type": "Polygon", "coordinates": [ [ [ 365370.546723371371627, 6215145.881060540676117 ], [ 365370.546723371371627, 6215645.881060540676117 ], [ 364870.546723371371627, 6215645.881060540676117 ], [ 364870.546723371371627, 6215145.881060540676117 ], [ 365370.546723371371627, 6215145.881060540676117 ] ] ] } },
{ "type": "Feature", "properties": { "restaurant_count": 0 }, "geometry": { "type": "Polygon", "coordinates": [ [ [ 365370.546723371371627, 6215645.881060540676117 ], [ 365370.546723371371627, 6216145.881060540676117 ], [ 364870.546723371371627, 6216145.881060540676117 ], [ 364870.546723371371627, 6215645.881060540676117 ], [ 365370.546723371371627, 6215645.881060540676117 ] ] ] } },
{ "type": "Feature", "properties": { "restaurant_count": 0 }, "geometry": { "type": "Polygon", "coordinates": [ [ [ 365370.546723371371627, 6216145.881060540676117 ], [ 365370.546723371371627, 6216645.881060540676117 ], [ 364870.546723371371627, 6216645.881060540676117 ], [ 364870.546723371371627, 6216145.881060540676117 ], [ 365370.546723371371627, 6216145.881060540676117 ] ] ] } },
{ "type": "Feature", "properties": { "restaurant_count": 0 }, "geometry": { "type": "Polygon", "coordinates": [ [ [ 365370.546723371371627, 6216645.881060540676117 ], [ 365370.546723371371627, 6217145.881060540676117 ], [ 364870.546723371371627, 6217145.881060540676117 ], [ 364870.546723371371627, 6216645.881060540676117 ], [ 365370.546723371371627, 6216645.881060540676117 ] ] ] } },
{ "type": "Feature", "properties": { "restaurant_count": 0 }, "geometry": { "type": "Polygon", "coordinates": [ [ [ 365370.546723371371627, 6217145.881060540676117 ], [ 365370.546723371371627, 6217645.881060540676117 ], [ 364870.546723371371627, 6217645.881060540676117 ], [ 364870.546723371371627, 6217145.881060540676117 ], [ 365370.546723371371627, 6217145.881060540676117 ] ] ] } },
{ "type": "Feature", "properties": { "restaurant_count": 0 }, "geometry": { "type": "Polygon", "coordinates": [ [ [ 365370.546723371371627, 6217645.881060540676117 ], [ 365370.546723371371627, 6218145.881060540676117 ], [ 364870.546723371371627, 6218145.881060540676117 ], [ 364870.546723371371627, 6217645.881060540676117 ], [ 365370.546723371371627, 6217645.881060540676117 ] ] ] } },
{ "type": "Feature", "properties": { "restaurant_count": 2 }, "geometry": { "type": "Polygon", "coordinates": [ [ [ 365370.546723371371627, 6218145.881060540676117 ], [ 365370.546723371371627, 6218645.881060540676117 ], [ 364870.546723371371627, 6218645.881060540676117 ], [ 364870.546723371371627, 6218145.881060540676117 ], [ 365370.546723371371627, 6218145.881060540676117 ] ] ] } },
{ "type": "Feature", "properties": { "restaurant_count": 0 }, "geometry": { "type": "Polygon", "coordinates": [ [ [ 365370.546723371371627, 6218645.881060540676117 ], [ 365370.546723371371627, 6219145.881060540676117 ], [ 364870.546723371371627, 6219145.881060540676117 ], [ 364870.546723371371627, 6218645.881060540676117 ], [ 365370.546723371371627, 6218645.881060540676117 ] ] ] } },
{ "type": "Feature", "properties": { "restaurant_count": 0 }, "geometry": { "type": "Polygon", "coordinates": [ [ [ 365370.546723371371627, 6219145.881060540676117 ], [ 365370.546723371371627, 6219645.881060540676117 ], [ 364870.546723371371627, 6219645.881060540676117 ], [ 364870.546723371371627, 6219145.881060540676117 ], [ 365370.546723371371627, 6219145.881060540676117 ] ] ] } },
{ "type": "Feature", "properties": { "restaurant_count": 0 }, "geometry": { "type": "Polygon", "coordinates": [ [ [ 365370.546723371371627, 6219645.881060540676117 ], [ 365370.546723371371627, 6220145.881060540676117 ], [ 364870.546723371371627, 6220145.881060540676117 ], [ 364870.546723371371627, 6219645.881060540676117 ], [ 365370.546723371371627, 6219645.881060540676117 ] ] ] } },
{ "type": "Feature", "properties": { "restaurant_count": 0 }, "geometry": { "type": "Polygon", "coordinates": [ [ [ 365370.546723371371627, 6220145.881060540676117 ], [ 365370.546723371371627, 6220645.881060540676117 ], [ 364870.546723371371627, 6220645.881060540676117 ], [ 364870.546723371371627, 6220145.881060540676117 ], [ 365370.546723371371627, 6220145.881060540676117 ] ] ] } },
{ "type": "Feature", "properties": { "restaurant_count": 0 }, "geometry": { "type": "Polygon", "coordinates": [ [ [ 365370.546723371371627, 6220645.881060540676117 ], [ 365370.546723371371627, 6221145.881060540676117 ], [ 364870.546723371371627, 6221145.881060540676117 ], [ 364870.546723371371627, 6220645.881060540676117 ], [ 365370.546723371371627, 6220645.881060540676117 ] ] ] } },
{ "type": "Feature", "properties": { "restaurant_count": 0 }, "geometry": { "type": "Polygon", "coordinates": [ [ [ 365370.546723371371627, 6221145.881060540676117 ], [ 365370.546723371371627, 6221645.881060540676117 ], [ 364870.546723371371627, 6221645.881060540676117 ], [ 364870.546723371371627, 6221145.881060540676117 ], [ 365370.546723371371627, 6221145.881060540676117 ] ] ] } },
{ "type": "Feature", "properties": { "restaurant_count": 0 }, "geometry": { "type": "Polygon", "coordinates": [ [ [ 365370.546723371371627, 6221645.881060540676117 ], [ 365370.546723371371627, 6222145.881060540676117 ], [ 364870.546723371371627, 6222145.881060540676117 ], [ 364870.546723371371627, 6221645.881060540676117 ], [ 365370.546723371371627, 6221645.881060540676117 ] ] ] } },
{ "type": "Feature", "properties": { "restaurant_count": 0 }, "geometry": { "type": "Polygon", "coordinates": [ [ [ 365370.546723371371627, 6222145.881060540676117 ], [ 365370.546723371371627, 6222645.881060540676117 ], [ 364870.546723371371627, 6222645.881060540676117 ], [ 364870.546723371371627, 6222145.881060540676117 ], [ 365370.546723371371627, 6222145.881060540676117 ] ] ] } },
{ "type": "Feature", "properties": { "restaurant_count": 0 }, "geometry": { "type": "Polygon", "coordinates": [ [ [ 365370.546723371371627, 6222645.881060540676117 ], [ 365370.546723371371627, 6223145.881060540676117 ], [ 364870.546723371371627, 6223145.881060540676117 ], [ 364870.546723371371627, 6222645.881060540676117 ], [ 365370.546723371371627, 6222645.881060540676117 ] ] ] } },
{ "type": "Feature", "properties": { "restaurant_count": 0 }, "geometry": { "type": "Polygon", "coordinates": [ [ [ 365370.546723371371627, 6223145.881060540676117 ], [ 365370.546723371371627, 6223645.881060540676117 ], [ 364870.546723371371627, 6223645.881060540676117 ], [ 364870.546723371371627, 6223145.881060540676117 ], [ 365370.546723371371627, 6223145.881060540676117 ] ] ] } },
{ "type": "Feature", "properties": { "restaurant_count": 0 }, "geometry": { "type": "Polygon", "coordinates": [ [ [ 365870.546723371371627, 6203145.881060540676117 ], [ 365870.546723371371627, 6203645.881060540676117 ], [ 365370.546723371371627, 6203645.881060540676117 ], [ 365370.546723371371627, 6203145.881060540676117 ], [ 365870.546723371371627, 6203145.881060540676117 ] ] ] } },
{ "type": "Feature", "properties": { "restaurant_count": 0 }, "geometry": { "type": "Polygon", "coordinates": [ [ [ 365870.546723371371627, 6203645.881060540676117 ], [ 365870.546723371371627, 6204145.881060540676117 ], [ 365370.546723371371627, 6204145.881060540676117 ], [ 365370.546723371371627, 6203645.881060540676117 ], [ 365870.546723371371627, 6203645.881060540676117 ] ] ] } },
{ "type": "Feature", "properties": { "restaurant_count": 0 }, "geometry": { "type": "Polygon", "coordinates": [ [ [ 365870.546723371371627, 6204145.881060540676117 ], [ 365870.546723371371627, 6204645.881060540676117 ], [ 365370.546723371371627, 6204645.881060540676117 ], [ 365370.546723371371627, 6204145.881060540676117 ], [ 365870.546723371371627, 6204145.881060540676117 ] ] ] } },
{ "type": "Feature", "properties": { "restaurant_count": 0 }, "geometry": { "type": "Polygon", "coordinates": [ [ [ 365870.546723371371627, 6204645.881060540676117 ], [ 365870.546723371371627, 6205145.881060540676117 ], [ 365370.546723371371627, 6205145.881060540676117 ], [ 365370.546723371371627, 6204645.881060540676117 ], [ 365870.546723371371627, 6204645.881060540676117 ] ] ] } },
{ "type": "Feature", "properties": { "restaurant_count": 0 }, "geometry": { "type": "Polygon", "coordinates": [ [ [ 365870.546723371371627, 6205145.881060540676117 ], [ 365870.546723371371627, 6205645.881060540676117 ], [ 365370.546723371371627, 6205645.881060540676117 ], [ 365370.546723371371627, 6205145.881060540676117 ], [ 365870.546723371371627, 6205145.881060540676117 ] ] ] } },
{ "type": "Feature", "properties": { "restaurant_count": 0 }, "geometry": { "type": "Polygon", "coordinates": [ [ [ 365870.546723371371627, 6205645.881060540676117 ], [ 365870.546723371371627, 6206145.881060540676117 ], [ 365370.546723371371627, 6206145.881060540676117 ], [ 365370.546723371371627, 6205645.881060540676117 ], [ 365870.546723371371627, 6205645.881060540676117 ] ] ] } },
{ "type": "Feature", "properties": { "restaurant_count": 0 }, "geometry": { "type": "Polygon", "coordinates": [ [ [ 365870.546723371371627, 6206145.881060540676117 ], [ 365870.546723371371627, 6206645.881060540676117 ], [ 365370.546723371371627, 6206645.881060540676117 ], [ 365370.546723371371627, 6206145.881060540676117 ], [ 365870.546723371371627, 6206145.881060540676117 ] ] ] } },
{ "type": "Feature", "properties": { "restaurant_count": 0 }, "geometry": { "type": "Polygon", "coordinates": [ [ [ 365870.546723371371627, 6206645.881060540676117 ], [ 365870.546723371371627, 6207145.881060540676117 ], [ 365370.546723371371627, 6207145.881060540676117 ], [ 365370.546723371371627, 6206645.881060540676117 ], [ 365870.546723371371627, 6206645.881060540676117 ] ] ] } },
{ "type": "Feature", "properties": { "restaurant_count": 0 }, "geometry": { "type": "Polygon", "coordinates": [ [ [ 365870.546723371371627, 6207145.881060540676117 ], [ 365870.546723371371627, 6207645.881060540676117 ], [ 365370.546723371371627, 6207645.881060540676117 ], [ 365370.546723371371627, 6207145.881060540676117 ], [ 365870.546723371371627, 6207145.881060540676117 ] ] ] } },
{ "type": "Feature", "properties": { "restaurant_count": 0 }, "geometry": { "type": "Polygon", "coordinates": [ [ [ 365870.546723371371627, 6207645.881060540676117 ], [ 365870.546723371371627, 6208145.881060540676117 ], [ 365370.546723371371627, 6208145.881060540676117 ], [ 365370.546723371371627, 6207645.881060540676117 ], [ 365870.546723371371627, 6207645.881060540676117 ] ] ] } },
{ "type": "Feature", "properties": { "restaurant_count": 0 }, "geometry": { "type": "Polygon", "coordinates": [ [ [ 365870.546723371371627, 6208145.881060540676117 ], [ 365870.546723371371627, 6208645.881060540676117 ], [ 365370.546723371371627, 6208645.881060540676117 ], [ 365370.546723371371627, 6208145.881060540676117 ], [ 365870.546723371371627, 6208145.881060540676117 ] ] ] } },
{ "type": "Feature", "properties": { "restaurant_count": 0 }, "geometry": { "type": "Polygon", "coordinates": [ [ [ 365870.546723371371627, 6208645.881060540676117 ], [ 365870.546723371371627, 6209145.881060540676117 ], [ 365370.546723371371627, 6209145.881060540676117 ], [ 365370.546723371371627, 6208645.881060540676117 ], [ 365870.546723371371627, 6208645.881060540676117 ] ] ] } },
{ "type": "Feature", "properties": { "restaurant_count": 0 }, "geometry": { "type": "Polygon", "coordinates": [ [ [ 365870.546723371371627, 6209145.881060540676117 ], [ 365870.546723371371627, 6209645.881060540676117 ], [ 365370.546723371371627, 6209645.881060540676117 ], [ 365370.546723371371627, 6209145.881060540676117 ], [ 365870.546723371371627, 6209145.881060540676117 ] ] ] } },
{ "type": "Feature", "properties": { "restaurant_count": 0 }, "geometry": { "type": "Polygon", "coordinates": [ [ [ 365870.546723371371627, 6209645.881060540676117 ], [ 365870.546723371371627, 6210145.881060540676117 ], [ 365370.546723371371627, 6210145.881060540676117 ], [ 365370.546723371371627, 6209645.881060540676117 ], [ 365870.546723371371627, 6209645.881060540676117 ] ] ] } },
{ "type": "Feature", "properties": { "restaurant_count": 0 }, "geometry": { "type": "Polygon", "coordinates": [ [ [ 365870.546723371371627, 6210145.881060540676117 ], [ 365870.546723371371627, 6210645.881060540676117 ], [ 365370.546723371371627, 6210645.881060540676117 ], [ 365370.546723371371627, 6210145.881060540676117 ], [ 365870.546723371371627, 6210145.881060540676117 ] ] ] } },
{ "type": "Feature", "properties": { "restaurant_count": 0 }, "geometry": { "type": "Polygon", "coordinates": [ [ [ 365870.546723371371627, 6210645.881060540676117 ], [ 365870.546723371371627, 6211145.881060540676117 ], [ 365370.546723371371627, 6211145.881060540676117 ], [ 365370.546723371371627, 6210645.881060540676117 ], [ 365870.546723371371627, 6210645.881060540676117 ] ] ] } },
{ "type": "Feature", "properties": { "restaurant_count": 0 }, "geometry": { "type": "Polygon", "coordinates": [ [ [ 365870.546723371371627, 6211145.881060540676117 ], [ 365870.546723371371627, 6211645.881060540676117 ], [ 365370.546723371371627, 6211645.881060540676117 ], [ 365370.546723371371627, 6211145.881060540676117 ], [ 365870.546723371371627, 6211145.881060540676117 ] ] ] } },
{ "type": "Feature", "properties": { "restaurant_count": 0 }, "geometry": { "type": "Polygon", "coordinates": [ [ [ 365870.546723371371627, 6211645.881060540676117 ], [ 365870.546723371371627, 6212145.881060540676117 ], [ 365370.546723371371627, 6212145.881060540676117 ], [ 365370.546723371371627, 6211645.881060540676117 ], [ 365870.546723371371627, 6211645.881060540676117 ] ] ] } },
{ "type": "Feature", "properties": { "restaurant_count": 0 }, "geometry": { "type": "Polygon", "coordinates": [ [ [ 365870.546723371371627, 6212145.881060540676117 ], [ 365870.546723371371627, 6212645.881060540676117 ], [ 365370.546723371371627, 6212645.881060540676117 ], [ 365370.546723371371627, 6212145.881060540676117 ], [ 365870.546723371371627, 6212145.881060540676117 ] ] ] } },
{ "type": "Feature", "properties": { "restaurant_count": 0 }, "geometry": { "type": "Polygon", "coordinates": [ [ [ 365870.546723371371627, 6212645.881060540676117 ], [ 365870.546723371371627, 6213145.881060540676117 ], [ 365370.546723371371627, 6213145.881060540676117 ], [ 365370.546723371371627, 6212645.881060540676117 ], [ 365870.546723371371627, 6212645.881060540676117 ] ] ] } },
{ "type": "Feature", "properties": { "restaurant_count": 0 }, "geometry": { "type": "Polygon", "coordinates": [ [ [ 365870.546723371371627, 6213145.881060540676117 ], [ 365870.546723371371627, 6213645.881060540676117 ], [ 365370.546723371371627, 6213645.881060540676117 ], [ 365370.546723371371627, 6213145.881060540676117 ], [ 365870.546723371371627, 6213145.881060540676117 ] ] ] } },
{ "type": "Feature", "properties": { "restaurant_count": 0 }, "geometry": { "type": "Polygon", "coordinates": [ [ [ 365870.546723371371627, 6213645.881060540676117 ], [ 365870.546723371371627, 6214145.881060540676117 ], [ 365370.546723371371627, 6214145.881060540676117 ], [ 365370.546723371371627, 6213645.881060540676117 ], [ 365870.546723371371627, 6213645.881060540676117 ] ] ] } },
{ "type": "Feature", "properties": { "restaurant_count": 0 }, "geometry": { "type": "Polygon", "coordinates": [ [ [ 365870.546723371371627, 6214145.881060540676117 ], [ 365870.546723371371627, 6214645.881060540676117 ], [ 365370.546723371371627, 6214645.881060540676117 ], [ 365370.546723371371627, 6214145.881060540676117 ], [ 365870.546723371371627, 6214145.881060540676117 ] ] ] } },
{ "type": "Feature", "properties": { "restaurant_count": 0 }, "geometry": { "type": "Polygon", "coordinates": [ [ [ 365870.546723371371627, 6214645.881060540676117 ], [ 365870.546723371371627, 6215145.881060540676117 ], [ 365370.546723371371627, 6215145.881060540676117 ], [ 365370.546723371371627, 6214645.881060540676117 ], [ 365870.546723371371627, 6214645.881060540676117 ] ] ] } },
{ "type": "Feature", "properties": { "restaurant_count": 0 }, "geometry": { "type": "Polygon", "coordinates": [ [ [ 365870.546723371371627, 6215145.881060540676117 ], [ 365870.546723371371627, 6215645.881060540676117 ], [ 365370.546723371371627, 6215645.881060540676117 ], [ 365370.546723371371627, 6215145.881060540676117 ], [ 365870.546723371371627, 6215145.881060540676117 ] ] ] } },
{ "type": "Feature", "properties": { "restaurant_count": 0 }, "geometry": { "type": "Polygon", "coordinates": [ [ [ 365870.546723371371627, 6215645.881060540676117 ], [ 365870.546723371371627, 6216145.881060540676117 ], [ 365370.546723371371627, 6216145.881060540676117 ], [ 365370.546723371371627, 6215645.881060540676117 ], [ 365870.546723371371627, 6215645.881060540676117 ] ] ] } },
{ "type": "Feature", "properties": { "restaurant_count": 0 }, "geometry": { "type": "Polygon", "coordinates": [ [ [ 365870.546723371371627, 6216145.881060540676117 ], [ 365870.546723371371627, 6216645.881060540676117 ], [ 365370.546723371371627, 6216645.881060540676117 ], [ 365370.546723371371627, 6216145.881060540676117 ], [ 365870.546723371371627, 6216145.881060540676117 ] ] ] } },
{ "type": "Feature", "properties": { "restaurant_count": 0 }, "geometry": { "type": "Polygon", "coordinates": [ [ [ 365870.546723371371627, 6216645.881060540676117 ], [ 365870.546723371371627, 6217145.881060540676117 ], [ 365370.546723371371627, 6217145.881060540676117 ], [ 365370.546723371371627, 6216645.881060540676117 ], [ 365870.546723371371627, 6216645.881060540676117 ] ] ] } },
{ "type": "Feature", "properties": { "restaurant_count": 0 }, "geometry": { "type": "Polygon", "coordinates": [ [ [ 365870.546723371371627, 6217145.881060540676117 ], [ 365870.546723371371627, 6217645.881060540676117 ], [ 365370.546723371371627, 6217645.881060540676117 ], [ 365370.546723371371627, 6217145.881060540676117 ], [ 365870.546723371371627, 6217145.881060540676117 ] ] ] } },
{ "type": "Feature", "properties": { "restaurant_count": 0 }, "geometry": { "type": "Polygon", "coordinates": [ [ [ 365870.546723371371627, 6217645.881060540676117 ], [ 365870.546723371371627, 6218145.881060540676117 ], [ 365370.546723371371627, 6218145.881060540676117 ], [ 365370.546723371371627, 6217645.881060540676117 ], [ 365870.546723371371627, 6217645.881060540676117 ] ] ] } },
{ "type": "Feature", "properties": { "restaurant_count": 0 }, "geometry": { "type": "Polygon", "coordinates": [ [ [ 365870.546723371371627, 6218145.881060540676117 ], [ 365870.546723371371627, 6218645.881060540676117 ], [ 365370.546723371371627, 6218645.881060540676117 ], [ 365370.546723371371627, 6218145.881060540676117 ], [ 365870.546723371371627, 6218145.881060540676117 ] ] ] } },
{ "type": "Feature", "properties": { "restaurant_count": 0 }, "geometry": { "type": "Polygon", "coordinates": [ [ [ 365870.546723371371627, 6218645.881060540676117 ], [ 365870.546723371371627, 6219145.881060540676117 ], [ 365370.546723371371627, 6219145.881060540676117 ], [ 365370.546723371371627, 6218645.881060540676117 ], [ 365870.546723371371627, 6218645.881060540676117 ] ] ] } },
{ "type": "Feature", "properties": { "restaurant_count": 0 }, "geometry": { "type": "Polygon", "coordinates": [ [ [ 365870.546723371371627, 6219145.881060540676117 ], [ 365870.546723371371627, 6219645.881060540676117 ], [ 365370.546723371371627, 6219645.881060540676117 ], [ 365370.546723371371627, 6219145.881060540676117 ], [ 365870.546723371371627, 6219145.881060540676117 ] ] ] } },
{ "type": "Feature", "properties": { "restaurant_count": 0 }, "geometry": { "type": "Polygon", "coordinates": [ [ [ 365870.546723371371627, 6219645.881060540676117 ], [ 365870.546723371371627, 6220145.881060540676117 ], [ 365370.546723371371627, 6220145.881060540676117 ], [ 365370.546723371371627, 6219645.881060540676117 ], [ 365870.546723371371627, 6219645.881060540676117 ] ] ] } },
{ "type": "Feature", "properties": { "restaurant_count": 0 }, "geometry": { "type": "Polygon", "coordinates": [ [ [ 365870.546723371371627, 6220145.881060540676117 ], [ 365870.546723371371627, 6220645.881060540676117 ], [ 365370.546723371371627, 6220645.881060540676117 ], [ 365370.546723371371627, 6220145.881060540676117 ], [ 365870.546723371371627, 6220145.881060540676117 ] ] ] } },
{ "type": "Feature", "properties": { "restaurant_count": 0 }, "geometry": { "type": "Polygon", "coordinates": [ [ [ 365870.546723371371627, 6220645.881060540676117 ], [ 365870.546723371371627, 6221145.881060540676117 ], [ 365370.546723371371627, 6221145.881060540676117 ], [ 365370.546723371371627, 6220645.881060540676117 ], [ 365870.546723371371627, 6220645.881060540676117 ] ] ] } },
{ "type": "Feature", "properties": { "restaurant_count": 0 }, "geometry": { "type": "Polygon", "coordinates": [ [ [ 365870.546723371371627, 6221145.881060540676117 ], [ 365870.546723371371627, 6221645.881060540676117 ], [ 365370.546723371371627, 6221645.881060540676117 ], [ 365370.546723371371627, 6221145.881060540676117 ], [ 365870.546723371371627, 6221145.881060540676117 ] ] ] } },
{ "type": "Feature", "properties": { "restaurant_count": 0 }, "geometry": { "type": "Polygon", "coordinates": [ [ [ 365870.546723371371627, 6221645.881060540676117 ], [ 365870.546723371371627, 6222145.881060540676117 ], [ 365370.546723371371627, 6222145.881060540676117 ], [ 365370.546723371371627, 6221645.881060540676117 ], [ 365870.546723371371627, 6221645.881060540676117 ] ] ] } },
{ "type": "Feature", "properties": { "restaurant_count": 0 }, "geometry": { "type": "Polygon", "coordinates": [ [ [ 365870.546723371371627, 6222145.881060540676117 ], [ 365870.546723371371627, 6222645.881060540676117 ], [ 365370.546723371371627, 6222645.881060540676117 ], [ 365370.546723371371627, 6222145.881060540676117 ], [ 365870.546723371371627, 6222145.881060540676117 ] ] ] } },
{ "type": "Feature", "properties": { "restaurant_count": 0 }, "geometry": { "type": "Polygon", "coordinates": [ [ [ 365870.546723371371627, 6222645.881060540676117 ], [ 365870.546723371371627, 6223145.881060540676117 ], [ 365370.546723371371627, 6223145.881060540676117 ], [ 365370.546723371371627, 6222645.881060540676117 ], [ 365870.546723371371627, 6222645.881060540676117 ] ] ] } },
{ "type": "Feature", "properties": { "restaurant_count": 0 }, "geometry": { "type": "Polygon", "coordinates": [ [ [ 365870.546723371371627, 6223145.881060540676117 ], [ 365870.546723371371627, 6223645.881060540676117 ], [ 365370.546723371371627, 6223645.881060540676117 ], [ 365370.546723371371627, 6223145.881060540676117 ], [ 365870.546723371371627, 6223145.881060540676117 ] ] ] } },
{ "type": "Feature", "properties": { "restaurant_count": 0 }, "geometry": { "type": "Polygon", "coordinates": [ [ [ 366370.546723371371627, 6203145.881060540676117 ], [ 366370.546723371371627, 6203645.881060540676117 ], [ 365870.546723371371627, 6203645.881060540676117 ], [ 365870.546723371371627, 6203145.881060540676117 ], [ 366370.546723371371627, 6203145.881060540676117 ] ] ] } },
{ "type": "Feature", "properties": { "restaurant_count": 1 }, "geometry": { "type": "Polygon", "coordinates": [ [ [ 366370.546723371371627, 6203645.881060540676117 ], [ 366370.546723371371627, 6204145.881060540676117 ], [ 365870.546723371371627, 6204145.881060540676117 ], [ 365870.546723371371627, 6203645.881060540676117 ], [ 366370.546723371371627, 6203645.881060540676117 ] ] ] } },
{ "type": "Feature", "properties": { "restaurant_count": 0 }, "geometry": { "type": "Polygon", "coordinates": [ [ [ 366370.546723371371627, 6204145.881060540676117 ], [ 366370.546723371371627, 6204645.881060540676117 ], [ 365870.546723371371627, 6204645.881060540676117 ], [ 365870.546723371371627, 6204145.881060540676117 ], [ 366370.546723371371627, 6204145.881060540676117 ] ] ] } },
{ "type": "Feature", "properties": { "restaurant_count": 0 }, "geometry": { "type": "Polygon", "coordinates": [ [ [ 366370.546723371371627, 6204645.881060540676117 ], [ 366370.546723371371627, 6205145.881060540676117 ], [ 365870.546723371371627, 6205145.881060540676117 ], [ 365870.546723371371627, 6204645.881060540676117 ], [ 366370.546723371371627, 6204645.881060540676117 ] ] ] } },
{ "type": "Feature", "properties": { "restaurant_count": 0 }, "geometry": { "type": "Polygon", "coordinates": [ [ [ 366370.546723371371627, 6205145.881060540676117 ], [ 366370.546723371371627, 6205645.881060540676117 ], [ 365870.546723371371627, 6205645.881060540676117 ], [ 365870.546723371371627, 6205145.881060540676117 ], [ 366370.546723371371627, 6205145.881060540676117 ] ] ] } },
{ "type": "Feature", "properties": { "restaurant_count": 0 }, "geometry": { "type": "Polygon", "coordinates": [ [ [ 366370.546723371371627, 6205645.881060540676117 ], [ 366370.546723371371627, 6206145.881060540676117 ], [ 365870.546723371371627, 6206145.881060540676117 ], [ 365870.546723371371627, 6205645.881060540676117 ], [ 366370.546723371371627, 6205645.881060540676117 ] ] ] } },
{ "type": "Feature", "properties": { "restaurant_count": 0 }, "geometry": { "type": "Polygon", "coordinates": [ [ [ 366370.546723371371627, 6206145.881060540676117 ], [ 366370.546723371371627, 6206645.881060540676117 ], [ 365870.546723371371627, 6206645.881060540676117 ], [ 365870.546723371371627, 6206145.881060540676117 ], [ 366370.546723371371627, 6206145.881060540676117 ] ] ] } },
{ "type": "Feature", "properties": { "restaurant_count": 0 }, "geometry": { "type": "Polygon", "coordinates": [ [ [ 366370.546723371371627, 6206645.881060540676117 ], [ 366370.546723371371627, 6207145.881060540676117 ], [ 365870.546723371371627, 6207145.881060540676117 ], [ 365870.546723371371627, 6206645.881060540676117 ], [ 366370.546723371371627, 6206645.881060540676117 ] ] ] } },
{ "type": "Feature", "properties": { "restaurant_count": 0 }, "geometry": { "type": "Polygon", "coordinates": [ [ [ 366370.546723371371627, 6207145.881060540676117 ], [ 366370.546723371371627, 6207645.881060540676117 ], [ 365870.546723371371627, 6207645.881060540676117 ], [ 365870.546723371371627, 6207145.881060540676117 ], [ 366370.546723371371627, 6207145.881060540676117 ] ] ] } },
{ "type": "Feature", "properties": { "restaurant_count": 0 }, "geometry": { "type": "Polygon", "coordinates": [ [ [ 366370.546723371371627, 6207645.881060540676117 ], [ 366370.546723371371627, 6208145.881060540676117 ], [ 365870.546723371371627, 6208145.881060540676117 ], [ 365870.546723371371627, 6207645.881060540676117 ], [ 366370.546723371371627, 6207645.881060540676117 ] ] ] } },
{ "type": "Feature", "properties": { "restaurant_count": 0 }, "geometry": { "type": "Polygon", "coordinates": [ [ [ 366370.546723371371627, 6208145.881060540676117 ], [ 366370.546723371371627, 6208645.881060540676117 ], [ 365870.546723371371627, 6208645.881060540676117 ], [ 365870.546723371371627, 6208145.881060540676117 ], [ 366370.546723371371627, 6208145.881060540676117 ] ] ] } },
{ "type": "Feature", "properties": { "restaurant_count": 0 }, "geometry": { "type": "Polygon", "coordinates": [ [ [ 366370.546723371371627, 6208645.881060540676117 ], [ 366370.546723371371627, 6209145.881060540676117 ], [ 365870.546723371371627, 6209145.881060540676117 ], [ 365870.546723371371627, 6208645.881060540676117 ], [ 366370.546723371371627, 6208645.881060540676117 ] ] ] } },
{ "type": "Feature", "properties": { "restaurant_count": 0 }, "geometry": { "type": "Polygon", "coordinates": [ [ [ 366370.546723371371627, 6209145.881060540676117 ], [ 366370.546723371371627, 6209645.881060540676117 ], [ 365870.546723371371627, 6209645.881060540676117 ], [ 365870.546723371371627, 6209145.881060540676117 ], [ 366370.546723371371627, 6209145.881060540676117 ] ] ] } },
{ "type": "Feature", "properties": { "restaurant_count": 0 }, "geometry": { "type": "Polygon", "coordinates": [ [ [ 366370.546723371371627, 6209645.881060540676117 ], [ 366370.546723371371627, 6210145.881060540676117 ], [ 365870.546723371371627, 6210145.881060540676117 ], [ 365870.546723371371627, 6209645.881060540676117 ], [ 366370.546723371371627, 6209645.881060540676117 ] ] ] } },
{ "type": "Feature", "properties": { "restaurant_count": 0 }, "geometry": { "type": "Polygon", "coordinates": [ [ [ 366370.546723371371627, 6210145.881060540676117 ], [ 366370.546723371371627, 6210645.881060540676117 ], [ 365870.546723371371627, 6210645.881060540676117 ], [ 365870.546723371371627, 6210145.881060540676117 ], [ 366370.546723371371627, 6210145.881060540676117 ] ] ] } },
{ "type": "Feature", "properties": { "restaurant_count": 0 }, "geometry": { "type": "Polygon", "coordinates": [ [ [ 366370.546723371371627, 6210645.881060540676117 ], [ 366370.546723371371627, 6211145.881060540676117 ], [ 365870.546723371371627, 6211145.881060540676117 ], [ 365870.546723371371627, 6210645.881060540676117 ], [ 366370.546723371371627, 6210645.881060540676117 ] ] ] } },
{ "type": "Feature", "properties": { "restaurant_count": 0 }, "geometry": { "type": "Polygon", "coordinates": [ [ [ 366370.546723371371627, 6211145.881060540676117 ], [ 366370.546723371371627, 6211645.881060540676117 ], [ 365870.546723371371627, 6211645.881060540676117 ], [ 365870.546723371371627, 6211145.881060540676117 ], [ 366370.546723371371627, 6211145.881060540676117 ] ] ] } },
{ "type": "Feature", "properties": { "restaurant_count": 0 }, "geometry": { "type": "Polygon", "coordinates": [ [ [ 366370.546723371371627, 6211645.881060540676117 ], [ 366370.546723371371627, 6212145.881060540676117 ], [ 365870.546723371371627, 6212145.881060540676117 ], [ 365870.546723371371627, 6211645.881060540676117 ], [ 366370.546723371371627, 6211645.881060540676117 ] ] ] } },
{ "type": "Feature", "properties": { "restaurant_count": 0 }, "geometry": { "type": "Polygon", "coordinates": [ [ [ 366370.546723371371627, 6212145.881060540676117 ], [ 366370.546723371371627, 6212645.881060540676117 ], [ 365870.546723371371627, 6212645.881060540676117 ], [ 365870.546723371371627, 6212145.881060540676117 ], [ 366370.546723371371627, 6212145.881060540676117 ] ] ] } },
{ "type": "Feature", "properties": { "restaurant_count": 0 }, "geometry": { "type": "Polygon", "coordinates": [ [ [ 366370.546723371371627, 6212645.881060540676117 ], [ 366370.546723371371627, 6213145.881060540676117 ], [ 365870.546723371371627, 6213145.881060540676117 ], [ 365870.546723371371627, 6212645.881060540676117 ], [ 366370.546723371371627, 6212645.881060540676117 ] ] ] } },
{ "type": "Feature", "properties": { "restaurant_count": 0 }, "geometry": { "type": "Polygon", "coordinates": [ [ [ 366370.546723371371627, 6213145.881060540676117 ], [ 366370.546723371371627, 6213645.881060540676117 ], [ 365870.546723371371627, 6213645.881060540676117 ], [ 365870.546723371371627, 6213145.881060540676117 ], [ 366370.546723371371627, 6213145.881060540676117 ] ] ] } },
{ "type": "Feature", "properties": { "restaurant_count": 0 }, "geometry": { "type": "Polygon", "coordinates": [ [ [ 366370.546723371371627, 6213645.881060540676117 ], [ 366370.546723371371627, 6214145.881060540676117 ], [ 365870.546723371371627, 6214145.881060540676117 ], [ 365870.546723371371627, 6213645.881060540676117 ], [ 366370.546723371371627, 6213645.881060540676117 ] ] ] } },
{ "type": "Feature", "properties": { "restaurant_count": 0 }, "geometry": { "type": "Polygon", "coordinates": [ [ [ 366370.546723371371627, 6214145.881060540676117 ], [ 366370.546723371371627, 6214645.881060540676117 ], [ 365870.546723371371627, 6214645.881060540676117 ], [ 365870.546723371371627, 6214145.881060540676117 ], [ 366370.546723371371627, 6214145.881060540676117 ] ] ] } },
{ "type": "Feature", "properties": { "restaurant_count": 0 }, "geometry": { "type": "Polygon", "coordinates": [ [ [ 366370.546723371371627, 6214645.881060540676117 ], [ 366370.546723371371627, 6215145.881060540676117 ], [ 365870.546723371371627, 6215145.881060540676117 ], [ 365870.546723371371627, 6214645.881060540676117 ], [ 366370.546723371371627, 6214645.881060540676117 ] ] ] } },
{ "type": "Feature", "properties": { "restaurant_count": 0 }, "geometry": { "type": "Polygon", "coordinates": [ [ [ 366370.546723371371627, 6215145.881060540676117 ], [ 366370.546723371371627, 6215645.881060540676117 ], [ 365870.546723371371627, 6215645.881060540676117 ], [ 365870.546723371371627, 6215145.881060540676117 ], [ 366370.546723371371627, 6215145.881060540676117 ] ] ] } },
{ "type": "Feature", "properties": { "restaurant_count": 0 }, "geometry": { "type": "Polygon", "coordinates": [ [ [ 366370.546723371371627, 6215645.881060540676117 ], [ 366370.546723371371627, 6216145.881060540676117 ], [ 365870.546723371371627, 6216145.881060540676117 ], [ 365870.546723371371627, 6215645.881060540676117 ], [ 366370.546723371371627, 6215645.881060540676117 ] ] ] } },
{ "type": "Feature", "properties": { "restaurant_count": 0 }, "geometry": { "type": "Polygon", "coordinates": [ [ [ 366370.546723371371627, 6216145.881060540676117 ], [ 366370.546723371371627, 6216645.881060540676117 ], [ 365870.546723371371627, 6216645.881060540676117 ], [ 365870.546723371371627, 6216145.881060540676117 ], [ 366370.546723371371627, 6216145.881060540676117 ] ] ] } },
{ "type": "Feature", "properties": { "restaurant_count": 0 }, "geometry": { "type": "Polygon", "coordinates": [ [ [ 366370.546723371371627, 6216645.881060540676117 ], [ 366370.546723371371627, 6217145.881060540676117 ], [ 365870.546723371371627, 6217145.881060540676117 ], [ 365870.546723371371627, 6216645.881060540676117 ], [ 366370.546723371371627, 6216645.881060540676117 ] ] ] } },
{ "type": "Feature", "properties": { "restaurant_count": 0 }, "geometry": { "type": "Polygon", "coordinates": [ [ [ 366370.546723371371627, 6217145.881060540676117 ], [ 366370.546723371371627, 6217645.881060540676117 ], [ 365870.546723371371627, 6217645.881060540676117 ], [ 365870.546723371371627, 6217145.881060540676117 ], [ 366370.546723371371627, 6217145.881060540676117 ] ] ] } },
{ "type": "Feature", "properties": { "restaurant_count": 0 }, "geometry": { "type": "Polygon", "coordinates": [ [ [ 366370.546723371371627, 6217645.881060540676117 ], [ 366370.546723371371627, 6218145.881060540676117 ], [ 365870.546723371371627, 6218145.881060540676117 ], [ 365870.546723371371627, 6217645.881060540676117 ], [ 366370.546723371371627, 6217645.881060540676117 ] ] ] } },
{ "type": "Feature", "properties": { "restaurant_count": 0 }, "geometry": { "type": "Polygon", "coordinates": [ [ [ 366370.546723371371627, 6218145.881060540676117 ], [ 366370.546723371371627, 6218645.881060540676117 ], [ 365870.546723371371627, 6218645.881060540676117 ], [ 365870.546723371371627, 6218145.881060540676117 ], [ 366370.546723371371627, 6218145.881060540676117 ] ] ] } },
{ "type": "Feature", "properties": { "restaurant_count": 0 }, "geometry": { "type": "Polygon", "coordinates": [ [ [ 366370.546723371371627, 6218645.881060540676117 ], [ 366370.546723371371627, 6219145.881060540676117 ], [ 365870.546723371371627, 6219145.881060540676117 ], [ 365870.546723371371627, 6218645.881060540676117 ], [ 366370.546723371371627, 6218645.881060540676117 ] ] ] } },
{ "type": "Feature", "properties": { "restaurant_count": 0 }, "geometry": { "type": "Polygon", "coordinates": [ [ [ 366370.546723371371627, 6219145.881060540676117 ], [ 366370.546723371371627, 6219645.881060540676117 ], [ 365870.546723371371627, 6219645.881060540676117 ], [ 365870.546723371371627, 6219145.881060540676117 ], [ 366370.546723371371627, 6219145.881060540676117 ] ] ] } },
{ "type": "Feature", "properties": { "restaurant_count": 0 }, "geometry": { "type": "Polygon", "coordinates": [ [ [ 366370.546723371371627, 6219645.881060540676117 ], [ 366370.546723371371627, 6220145.881060540676117 ], [ 365870.546723371371627, 6220145.881060540676117 ], [ 365870.546723371371627, 6219645.881060540676117 ], [ 366370.546723371371627, 6219645.881060540676117 ] ] ] } },
{ "type": "Feature", "properties": { "restaurant_count": 0 }, "geometry": { "type": "Polygon", "coordinates": [ [ [ 366370.546723371371627, 6220145.881060540676117 ], [ 366370.546723371371627, 6220645.881060540676117 ], [ 365870.546723371371627, 6220645.881060540676117 ], [ 365870.546723371371627, 6220145.881060540676117 ], [ 366370.546723371371627, 6220145.881060540676117 ] ] ] } },
{ "type": "Feature", "properties": { "restaurant_count": 0 }, "geometry": { "type": "Polygon", "coordinates": [ [ [ 366370.546723371371627, 6220645.881060540676117 ], [ 366370.546723371371627, 6221145.881060540676117 ], [ 365870.546723371371627, 6221145.881060540676117 ], [ 365870.546723371371627, 6220645.881060540676117 ], [ 366370.546723371371627, 6220645.881060540676117 ] ] ] } },
{ "type": "Feature", "properties": { "restaurant_count": 0 }, "geometry": { "type": "Polygon", "coordinates": [ [ [ 366370.546723371371627, 6221145.881060540676117 ], [ 366370.546723371371627, 6221645.881060540676117 ], [ 365870.546723371371627, 6221645.881060540676117 ], [ 365870.546723371371627, 6221145.881060540676117 ], [ 366370.546723371371627, 6221145.881060540676117 ] ] ] } },
{ "type": "Feature", "properties": { "restaurant_count": 0 }, "geometry": { "type": "Polygon", "coordinates": [ [ [ 366370.546723371371627, 6221645.881060540676117 ], [ 366370.546723371371627, 6222145.881060540676117 ], [ 365870.546723371371627, 6222145.881060540676117 ], [ 365870.546723371371627, 6221645.881060540676117 ], [ 366370.546723371371627, 6221645.881060540676117 ] ] ] } },
{ "type": "Feature", "properties": { "restaurant_count": 0 }, "geometry": { "type": "Polygon", "coordinates": [ [ [ 366370.546723371371627, 6222145.881060540676117 ], [ 366370.546723371371627, 6222645.881060540676117 ], [ 365870.546723371371627, 6222645.881060540676117 ], [ 365870.546723371371627, 6222145.881060540676117 ], [ 366370.546723371371627, 6222145.881060540676117 ] ] ] } },
{ "type": "Feature", "properties": { "restaurant_count": 0 }, "geometry": { "type": "Polygon", "coordinates": [ [ [ 366370.546723371371627, 6222645.881060540676117 ], [ 366370.546723371371627, 6223145.881060540676117 ], [ 365870.546723371371627, 6223145.881060540676117 ], [ 365870.546723371371627, 6222645.881060540676117 ], [ 366370.546723371371627, 6222645.881060540676117 ] ] ] } },
{ "type": "Feature", "properties": { "restaurant_count": 0 }, "geometry": { "type": "Polygon", "coordinates": [ [ [ 366370.546723371371627, 6223145.881060540676117 ], [ 366370.546723371371627, 6223645.881060540676117 ], [ 365870.546723371371627, 6223645.881060540676117 ], [ 365870.546723371371627, 6223145.881060540676117 ], [ 366370.546723371371627, 6223145.881060540676117 ] ] ] } },
{ "type": "Feature", "properties": { "restaurant_count": 0 }, "geometry": { "type": "Polygon", "coordinates": [ [ [ 366870.546723371371627, 6203145.881060540676117 ], [ 366870.546723371371627, 6203645.881060540676117 ], [ 366370.546723371371627, 6203645.881060540676117 ], [ 366370.546723371371627, 6203145.881060540676117 ], [ 366870.546723371371627, 6203145.881060540676117 ] ] ] } },
{ "type": "Feature", "properties": { "restaurant_count": 0 }, "geometry": { "type": "Polygon", "coordinates": [ [ [ 366870.546723371371627, 6203645.881060540676117 ], [ 366870.546723371371627, 6204145.881060540676117 ], [ 366370.546723371371627, 6204145.881060540676117 ], [ 366370.546723371371627, 6203645.881060540676117 ], [ 366870.546723371371627, 6203645.881060540676117 ] ] ] } },
{ "type": "Feature", "properties": { "restaurant_count": 0 }, "geometry": { "type": "Polygon", "coordinates": [ [ [ 366870.546723371371627, 6204145.881060540676117 ], [ 366870.546723371371627, 6204645.881060540676117 ], [ 366370.546723371371627, 6204645.881060540676117 ], [ 366370.546723371371627, 6204145.881060540676117 ], [ 366870.546723371371627, 6204145.881060540676117 ] ] ] } },
{ "type": "Feature", "properties": { "restaurant_count": 0 }, "geometry": { "type": "Polygon", "coordinates": [ [ [ 366870.546723371371627, 6204645.881060540676117 ], [ 366870.546723371371627, 6205145.881060540676117 ], [ 366370.546723371371627, 6205145.881060540676117 ], [ 366370.546723371371627, 6204645.881060540676117 ], [ 366870.546723371371627, 6204645.881060540676117 ] ] ] } },
{ "type": "Feature", "properties": { "restaurant_count": 0 }, "geometry": { "type": "Polygon", "coordinates": [ [ [ 366870.546723371371627, 6205145.881060540676117 ], [ 366870.546723371371627, 6205645.881060540676117 ], [ 366370.546723371371627, 6205645.881060540676117 ], [ 366370.546723371371627, 6205145.881060540676117 ], [ 366870.546723371371627, 6205145.881060540676117 ] ] ] } },
{ "type": "Feature", "properties": { "restaurant_count": 0 }, "geometry": { "type": "Polygon", "coordinates": [ [ [ 366870.546723371371627, 6205645.881060540676117 ], [ 366870.546723371371627, 6206145.881060540676117 ], [ 366370.546723371371627, 6206145.881060540676117 ], [ 366370.546723371371627, 6205645.881060540676117 ], [ 366870.546723371371627, 6205645.881060540676117 ] ] ] } },
{ "type": "Feature", "properties": { "restaurant_count": 0 }, "geometry": { "type": "Polygon", "coordinates": [ [ [ 366870.546723371371627, 6206145.881060540676117 ], [ 366870.546723371371627, 6206645.881060540676117 ], [ 366370.546723371371627, 6206645.881060540676117 ], [ 366370.546723371371627, 6206145.881060540676117 ], [ 366870.546723371371627, 6206145.881060540676117 ] ] ] } },
{ "type": "Feature", "properties": { "restaurant_count": 0 }, "geometry": { "type": "Polygon", "coordinates": [ [ [ 366870.546723371371627, 6206645.881060540676117 ], [ 366870.546723371371627, 6207145.881060540676117 ], [ 366370.546723371371627, 6207145.881060540676117 ], [ 366370.546723371371627, 6206645.881060540676117 ], [ 366870.546723371371627, 6206645.881060540676117 ] ] ] } },
{ "type": "Feature", "properties": { "restaurant_count": 0 }, "geometry": { "type": "Polygon", "coordinates": [ [ [ 366870.546723371371627, 6207145.881060540676117 ], [ 366870.546723371371627, 6207645.881060540676117 ], [ 366370.546723371371627, 6207645.881060540676117 ], [ 366370.546723371371627, 6207145.881060540676117 ], [ 366870.546723371371627, 6207145.881060540676117 ] ] ] } },
{ "type": "Feature", "properties": { "restaurant_count": 0 }, "geometry": { "type": "Polygon", "coordinates": [ [ [ 366870.546723371371627, 6207645.881060540676117 ], [ 366870.546723371371627, 6208145.881060540676117 ], [ 366370.546723371371627, 6208145.881060540676117 ], [ 366370.546723371371627, 6207645.881060540676117 ], [ 366870.546723371371627, 6207645.881060540676117 ] ] ] } },
{ "type": "Feature", "properties": { "restaurant_count": 0 }, "geometry": { "type": "Polygon", "coordinates": [ [ [ 366870.546723371371627, 6208145.881060540676117 ], [ 366870.546723371371627, 6208645.881060540676117 ], [ 366370.546723371371627, 6208645.881060540676117 ], [ 366370.546723371371627, 6208145.881060540676117 ], [ 366870.546723371371627, 6208145.881060540676117 ] ] ] } },
{ "type": "Feature", "properties": { "restaurant_count": 0 }, "geometry": { "type": "Polygon", "coordinates": [ [ [ 366870.546723371371627, 6208645.881060540676117 ], [ 366870.546723371371627, 6209145.881060540676117 ], [ 366370.546723371371627, 6209145.881060540676117 ], [ 366370.546723371371627, 6208645.881060540676117 ], [ 366870.546723371371627, 6208645.881060540676117 ] ] ] } },
{ "type": "Feature", "properties": { "restaurant_count": 0 }, "geometry": { "type": "Polygon", "coordinates": [ [ [ 366870.546723371371627, 6209145.881060540676117 ], [ 366870.546723371371627, 6209645.881060540676117 ], [ 366370.546723371371627, 6209645.881060540676117 ], [ 366370.546723371371627, 6209145.881060540676117 ], [ 366870.546723371371627, 6209145.881060540676117 ] ] ] } },
{ "type": "Feature", "properties": { "restaurant_count": 0 }, "geometry": { "type": "Polygon", "coordinates": [ [ [ 366870.546723371371627, 6209645.881060540676117 ], [ 366870.546723371371627, 6210145.881060540676117 ], [ 366370.546723371371627, 6210145.881060540676117 ], [ 366370.546723371371627, 6209645.881060540676117 ], [ 366870.546723371371627, 6209645.881060540676117 ] ] ] } },
{ "type": "Feature", "properties": { "restaurant_count": 0 }, "geometry": { "type": "Polygon", "coordinates": [ [ [ 366870.546723371371627, 6210145.881060540676117 ], [ 366870.546723371371627, 6210645.881060540676117 ], [ 366370.546723371371627, 6210645.881060540676117 ], [ 366370.546723371371627, 6210145.881060540676117 ], [ 366870.546723371371627, 6210145.881060540676117 ] ] ] } },
{ "type": "Feature", "properties": { "restaurant_count": 0 }, "geometry": { "type": "Polygon", "coordinates": [ [ [ 366870.546723371371627, 6210645.881060540676117 ], [ 366870.546723371371627, 6211145.881060540676117 ], [ 366370.546723371371627, 6211145.881060540676117 ], [ 366370.546723371371627, 6210645.881060540676117 ], [ 366870.546723371371627, 6210645.881060540676117 ] ] ] } },
{ "type": "Feature", "properties": { "restaurant_count": 0 }, "geometry": { "type": "Polygon", "coordinates": [ [ [ 366870.546723371371627, 6211145.881060540676117 ], [ 366870.546723371371627, 6211645.881060540676117 ], [ 366370.546723371371627, 6211645.881060540676117 ], [ 366370.546723371371627, 6211145.881060540676117 ], [ 366870.546723371371627, 6211145.881060540676117 ] ] ] } },
{ "type": "Feature", "properties": { "restaurant_count": 0 }, "geometry": { "type": "Polygon", "coordinates": [ [ [ 366870.546723371371627, 6211645.881060540676117 ], [ 366870.546723371371627, 6212145.881060540676117 ], [ 366370.546723371371627, 6212145.881060540676117 ], [ 366370.546723371371627, 6211645.881060540676117 ], [ 366870.546723371371627, 6211645.881060540676117 ] ] ] } },
{ "type": "Feature", "properties": { "restaurant_count": 0 }, "geometry": { "type": "Polygon", "coordinates": [ [ [ 366870.546723371371627, 6212145.881060540676117 ], [ 366870.546723371371627, 6212645.881060540676117 ], [ 366370.546723371371627, 6212645.881060540676117 ], [ 366370.546723371371627, 6212145.881060540676117 ], [ 366870.546723371371627, 6212145.881060540676117 ] ] ] } },
{ "type": "Feature", "properties": { "restaurant_count": 0 }, "geometry": { "type": "Polygon", "coordinates": [ [ [ 366870.546723371371627, 6212645.881060540676117 ], [ 366870.546723371371627, 6213145.881060540676117 ], [ 366370.546723371371627, 6213145.881060540676117 ], [ 366370.546723371371627, 6212645.881060540676117 ], [ 366870.546723371371627, 6212645.881060540676117 ] ] ] } },
{ "type": "Feature", "properties": { "restaurant_count": 0 }, "geometry": { "type": "Polygon", "coordinates": [ [ [ 366870.546723371371627, 6213145.881060540676117 ], [ 366870.546723371371627, 6213645.881060540676117 ], [ 366370.546723371371627, 6213645.881060540676117 ], [ 366370.546723371371627, 6213145.881060540676117 ], [ 366870.546723371371627, 6213145.881060540676117 ] ] ] } },
{ "type": "Feature", "properties": { "restaurant_count": 0 }, "geometry": { "type": "Polygon", "coordinates": [ [ [ 366870.546723371371627, 6213645.881060540676117 ], [ 366870.546723371371627, 6214145.881060540676117 ], [ 366370.546723371371627, 6214145.881060540676117 ], [ 366370.546723371371627, 6213645.881060540676117 ], [ 366870.546723371371627, 6213645.881060540676117 ] ] ] } },
{ "type": "Feature", "properties": { "restaurant_count": 0 }, "geometry": { "type": "Polygon", "coordinates": [ [ [ 366870.546723371371627, 6214145.881060540676117 ], [ 366870.546723371371627, 6214645.881060540676117 ], [ 366370.546723371371627, 6214645.881060540676117 ], [ 366370.546723371371627, 6214145.881060540676117 ], [ 366870.546723371371627, 6214145.881060540676117 ] ] ] } },
{ "type": "Feature", "properties": { "restaurant_count": 0 }, "geometry": { "type": "Polygon", "coordinates": [ [ [ 366870.546723371371627, 6214645.881060540676117 ], [ 366870.546723371371627, 6215145.881060540676117 ], [ 366370.546723371371627, 6215145.881060540676117 ], [ 366370.546723371371627, 6214645.881060540676117 ], [ 366870.546723371371627, 6214645.881060540676117 ] ] ] } },
{ "type": "Feature", "properties": { "restaurant_count": 0 }, "geometry": { "type": "Polygon", "coordinates": [ [ [ 366870.546723371371627, 6215145.881060540676117 ], [ 366870.546723371371627, 6215645.881060540676117 ], [ 366370.546723371371627, 6215645.881060540676117 ], [ 366370.546723371371627, 6215145.881060540676117 ], [ 366870.546723371371627, 6215145.881060540676117 ] ] ] } },
{ "type": "Feature", "properties": { "restaurant_count": 0 }, "geometry": { "type": "Polygon", "coordinates": [ [ [ 366870.546723371371627, 6215645.881060540676117 ], [ 366870.546723371371627, 6216145.881060540676117 ], [ 366370.546723371371627, 6216145.881060540676117 ], [ 366370.546723371371627, 6215645.881060540676117 ], [ 366870.546723371371627, 6215645.881060540676117 ] ] ] } },
{ "type": "Feature", "properties": { "restaurant_count": 0 }, "geometry": { "type": "Polygon", "coordinates": [ [ [ 366870.546723371371627, 6216145.881060540676117 ], [ 366870.546723371371627, 6216645.881060540676117 ], [ 366370.546723371371627, 6216645.881060540676117 ], [ 366370.546723371371627, 6216145.881060540676117 ], [ 366870.546723371371627, 6216145.881060540676117 ] ] ] } },
{ "type": "Feature", "properties": { "restaurant_count": 0 }, "geometry": { "type": "Polygon", "coordinates": [ [ [ 366870.546723371371627, 6216645.881060540676117 ], [ 366870.546723371371627, 6217145.881060540676117 ], [ 366370.546723371371627, 6217145.881060540676117 ], [ 366370.546723371371627, 6216645.881060540676117 ], [ 366870.546723371371627, 6216645.881060540676117 ] ] ] } },
{ "type": "Feature", "properties": { "restaurant_count": 0 }, "geometry": { "type": "Polygon", "coordinates": [ [ [ 366870.546723371371627, 6217145.881060540676117 ], [ 366870.546723371371627, 6217645.881060540676117 ], [ 366370.546723371371627, 6217645.881060540676117 ], [ 366370.546723371371627, 6217145.881060540676117 ], [ 366870.546723371371627, 6217145.881060540676117 ] ] ] } },
{ "type": "Feature", "properties": { "restaurant_count": 0 }, "geometry": { "type": "Polygon", "coordinates": [ [ [ 366870.546723371371627, 6217645.881060540676117 ], [ 366870.546723371371627, 6218145.881060540676117 ], [ 366370.546723371371627, 6218145.881060540676117 ], [ 366370.546723371371627, 6217645.881060540676117 ], [ 366870.546723371371627, 6217645.881060540676117 ] ] ] } },
{ "type": "Feature", "properties": { "restaurant_count": 0 }, "geometry": { "type": "Polygon", "coordinates": [ [ [ 366870.546723371371627, 6218145.881060540676117 ], [ 366870.546723371371627, 6218645.881060540676117 ], [ 366370.546723371371627, 6218645.881060540676117 ], [ 366370.546723371371627, 6218145.881060540676117 ], [ 366870.546723371371627, 6218145.881060540676117 ] ] ] } },
{ "type": "Feature", "properties": { "restaurant_count": 0 }, "geometry": { "type": "Polygon", "coordinates": [ [ [ 366870.546723371371627, 6218645.881060540676117 ], [ 366870.546723371371627, 6219145.881060540676117 ], [ 366370.546723371371627, 6219145.881060540676117 ], [ 366370.546723371371627, 6218645.881060540676117 ], [ 366870.546723371371627, 6218645.881060540676117 ] ] ] } },
{ "type": "Feature", "properties": { "restaurant_count": 0 }, "geometry": { "type": "Polygon", "coordinates": [ [ [ 366870.546723371371627, 6219145.881060540676117 ], [ 366870.546723371371627, 6219645.881060540676117 ], [ 366370.546723371371627, 6219645.881060540676117 ], [ 366370.546723371371627, 6219145.881060540676117 ], [ 366870.546723371371627, 6219145.881060540676117 ] ] ] } },
{ "type": "Feature", "properties": { "restaurant_count": 0 }, "geometry": { "type": "Polygon", "coordinates": [ [ [ 366870.546723371371627, 6219645.881060540676117 ], [ 366870.546723371371627, 6220145.881060540676117 ], [ 366370.546723371371627, 6220145.881060540676117 ], [ 366370.546723371371627, 6219645.881060540676117 ], [ 366870.546723371371627, 6219645.881060540676117 ] ] ] } },
{ "type": "Feature", "properties": { "restaurant_count": 0 }, "geometry": { "type": "Polygon", "coordinates": [ [ [ 366870.546723371371627, 6220145.881060540676117 ], [ 366870.546723371371627, 6220645.881060540676117 ], [ 366370.546723371371627, 6220645.881060540676117 ], [ 366370.546723371371627, 6220145.881060540676117 ], [ 366870.546723371371627, 6220145.881060540676117 ] ] ] } },
{ "type": "Feature", "properties": { "restaurant_count": 0 }, "geometry": { "type": "Polygon", "coordinates": [ [ [ 366870.546723371371627, 6220645.881060540676117 ], [ 366870.546723371371627, 6221145.881060540676117 ], [ 366370.546723371371627, 6221145.881060540676117 ], [ 366370.546723371371627, 6220645.881060540676117 ], [ 366870.546723371371627, 6220645.881060540676117 ] ] ] } },
{ "type": "Feature", "properties": { "restaurant_count": 0 }, "geometry": { "type": "Polygon", "coordinates": [ [ [ 366870.546723371371627, 6221145.881060540676117 ], [ 366870.546723371371627, 6221645.881060540676117 ], [ 366370.546723371371627, 6221645.881060540676117 ], [ 366370.546723371371627, 6221145.881060540676117 ], [ 366870.546723371371627, 6221145.881060540676117 ] ] ] } },
{ "type": "Feature", "properties": { "restaurant_count": 0 }, "geometry": { "type": "Polygon", "coordinates": [ [ [ 366870.546723371371627, 6221645.881060540676117 ], [ 366870.546723371371627, 6222145.881060540676117 ], [ 366370.546723371371627, 6222145.881060540676117 ], [ 366370.546723371371627, 6221645.881060540676117 ], [ 366870.546723371371627, 6221645.881060540676117 ] ] ] } },
{ "type": "Feature", "properties": { "restaurant_count": 0 }, "geometry": { "type": "Polygon", "coordinates": [ [ [ 366870.546723371371627, 6222145.881060540676117 ], [ 366870.546723371371627, 6222645.881060540676117 ], [ 366370.546723371371627, 6222645.881060540676117 ], [ 366370.546723371371627, 6222145.881060540676117 ], [ 366870.546723371371627, 6222145.881060540676117 ] ] ] } },
{ "type": "Feature", "properties": { "restaurant_count": 0 }, "geometry": { "type": "Polygon", "coordinates": [ [ [ 366870.546723371371627, 6222645.881060540676117 ], [ 366870.546723371371627, 6223145.881060540676117 ], [ 366370.546723371371627, 6223145.881060540676117 ], [ 366370.546723371371627, 6222645.881060540676117 ], [ 366870.546723371371627, 6222645.881060540676117 ] ] ] } },
{ "type": "Feature", "properties": { "restaurant_count": 0 }, "geometry": { "type": "Polygon", "coordinates": [ [ [ 366870.546723371371627, 6223145.881060540676117 ], [ 366870.546723371371627, 6223645.881060540676117 ], [ 366370.546723371371627, 6223645.881060540676117 ], [ 366370.546723371371627, 6223145.881060540676117 ], [ 366870.546723371371627, 6223145.881060540676117 ] ] ] } },
{ "type": "Feature", "properties": { "restaurant_count": 0 }, "geometry": { "type": "Polygon", "coordinates": [ [ [ 367370.546723371371627, 6203145.881060540676117 ], [ 367370.546723371371627, 6203645.881060540676117 ], [ 366870.546723371371627, 6203645.881060540676117 ], [ 366870.546723371371627, 6203145.881060540676117 ], [ 367370.546723371371627, 6203145.881060540676117 ] ] ] } },
{ "type": "Feature", "properties": { "restaurant_count": 0 }, "geometry": { "type": "Polygon", "coordinates": [ [ [ 367370.546723371371627, 6203645.881060540676117 ], [ 367370.546723371371627, 6204145.881060540676117 ], [ 366870.546723371371627, 6204145.881060540676117 ], [ 366870.546723371371627, 6203645.881060540676117 ], [ 367370.546723371371627, 6203645.881060540676117 ] ] ] } },
{ "type": "Feature", "properties": { "restaurant_count": 0 }, "geometry": { "type": "Polygon", "coordinates": [ [ [ 367370.546723371371627, 6204145.881060540676117 ], [ 367370.546723371371627, 6204645.881060540676117 ], [ 366870.546723371371627, 6204645.881060540676117 ], [ 366870.546723371371627, 6204145.881060540676117 ], [ 367370.546723371371627, 6204145.881060540676117 ] ] ] } },
{ "type": "Feature", "properties": { "restaurant_count": 0 }, "geometry": { "type": "Polygon", "coordinates": [ [ [ 367370.546723371371627, 6204645.881060540676117 ], [ 367370.546723371371627, 6205145.881060540676117 ], [ 366870.546723371371627, 6205145.881060540676117 ], [ 366870.546723371371627, 6204645.881060540676117 ], [ 367370.546723371371627, 6204645.881060540676117 ] ] ] } },
{ "type": "Feature", "properties": { "restaurant_count": 0 }, "geometry": { "type": "Polygon", "coordinates": [ [ [ 367370.546723371371627, 6205145.881060540676117 ], [ 367370.546723371371627, 6205645.881060540676117 ], [ 366870.546723371371627, 6205645.881060540676117 ], [ 366870.546723371371627, 6205145.881060540676117 ], [ 367370.546723371371627, 6205145.881060540676117 ] ] ] } },
{ "type": "Feature", "properties": { "restaurant_count": 0 }, "geometry": { "type": "Polygon", "coordinates": [ [ [ 367370.546723371371627, 6205645.881060540676117 ], [ 367370.546723371371627, 6206145.881060540676117 ], [ 366870.546723371371627, 6206145.881060540676117 ], [ 366870.546723371371627, 6205645.881060540676117 ], [ 367370.546723371371627, 6205645.881060540676117 ] ] ] } },
{ "type": "Feature", "properties": { "restaurant_count": 0 }, "geometry": { "type": "Polygon", "coordinates": [ [ [ 367370.546723371371627, 6206145.881060540676117 ], [ 367370.546723371371627, 6206645.881060540676117 ], [ 366870.546723371371627, 6206645.881060540676117 ], [ 366870.546723371371627, 6206145.881060540676117 ], [ 367370.546723371371627, 6206145.881060540676117 ] ] ] } },
{ "type": "Feature", "properties": { "restaurant_count": 0 }, "geometry": { "type": "Polygon", "coordinates": [ [ [ 367370.546723371371627, 6206645.881060540676117 ], [ 367370.546723371371627, 6207145.881060540676117 ], [ 366870.546723371371627, 6207145.881060540676117 ], [ 366870.546723371371627, 6206645.881060540676117 ], [ 367370.546723371371627, 6206645.881060540676117 ] ] ] } },
{ "type": "Feature", "properties": { "restaurant_count": 0 }, "geometry": { "type": "Polygon", "coordinates": [ [ [ 367370.546723371371627, 6207145.881060540676117 ], [ 367370.546723371371627, 6207645.881060540676117 ], [ 366870.546723371371627, 6207645.881060540676117 ], [ 366870.546723371371627, 6207145.881060540676117 ], [ 367370.546723371371627, 6207145.881060540676117 ] ] ] } },
{ "type": "Feature", "properties": { "restaurant_count": 0 }, "geometry": { "type": "Polygon", "coordinates": [ [ [ 367370.546723371371627, 6207645.881060540676117 ], [ 367370.546723371371627, 6208145.881060540676117 ], [ 366870.546723371371627, 6208145.881060540676117 ], [ 366870.546723371371627, 6207645.881060540676117 ], [ 367370.546723371371627, 6207645.881060540676117 ] ] ] } },
{ "type": "Feature", "properties": { "restaurant_count": 0 }, "geometry": { "type": "Polygon", "coordinates": [ [ [ 367370.546723371371627, 6208145.881060540676117 ], [ 367370.546723371371627, 6208645.881060540676117 ], [ 366870.546723371371627, 6208645.881060540676117 ], [ 366870.546723371371627, 6208145.881060540676117 ], [ 367370.546723371371627, 6208145.881060540676117 ] ] ] } },
{ "type": "Feature", "properties": { "restaurant_count": 0 }, "geometry": { "type": "Polygon", "coordinates": [ [ [ 367370.546723371371627, 6208645.881060540676117 ], [ 367370.546723371371627, 6209145.881060540676117 ], [ 366870.546723371371627, 6209145.881060540676117 ], [ 366870.546723371371627, 6208645.881060540676117 ], [ 367370.546723371371627, 6208645.881060540676117 ] ] ] } },
{ "type": "Feature", "properties": { "restaurant_count": 0 }, "geometry": { "type": "Polygon", "coordinates": [ [ [ 367370.546723371371627, 6209145.881060540676117 ], [ 367370.546723371371627, 6209645.881060540676117 ], [ 366870.546723371371627, 6209645.881060540676117 ], [ 366870.546723371371627, 6209145.881060540676117 ], [ 367370.546723371371627, 6209145.881060540676117 ] ] ] } },
{ "type": "Feature", "properties": { "restaurant_count": 0 }, "geometry": { "type": "Polygon", "coordinates": [ [ [ 367370.546723371371627, 6209645.881060540676117 ], [ 367370.546723371371627, 6210145.881060540676117 ], [ 366870.546723371371627, 6210145.881060540676117 ], [ 366870.546723371371627, 6209645.881060540676117 ], [ 367370.546723371371627, 6209645.881060540676117 ] ] ] } },
{ "type": "Feature", "properties": { "restaurant_count": 0 }, "geometry": { "type": "Polygon", "coordinates": [ [ [ 367370.546723371371627, 6210145.881060540676117 ], [ 367370.546723371371627, 6210645.881060540676117 ], [ 366870.546723371371627, 6210645.881060540676117 ], [ 366870.546723371371627, 6210145.881060540676117 ], [ 367370.546723371371627, 6210145.881060540676117 ] ] ] } },
{ "type": "Feature", "properties": { "restaurant_count": 0 }, "geometry": { "type": "Polygon", "coordinates": [ [ [ 367370.546723371371627, 6210645.881060540676117 ], [ 367370.546723371371627, 6211145.881060540676117 ], [ 366870.546723371371627, 6211145.881060540676117 ], [ 366870.546723371371627, 6210645.881060540676117 ], [ 367370.546723371371627, 6210645.881060540676117 ] ] ] } },
{ "type": "Feature", "properties": { "restaurant_count": 0 }, "geometry": { "type": "Polygon", "coordinates": [ [ [ 367370.546723371371627, 6211145.881060540676117 ], [ 367370.546723371371627, 6211645.881060540676117 ], [ 366870.546723371371627, 6211645.881060540676117 ], [ 366870.546723371371627, 6211145.881060540676117 ], [ 367370.546723371371627, 6211145.881060540676117 ] ] ] } },
{ "type": "Feature", "properties": { "restaurant_count": 0 }, "geometry": { "type": "Polygon", "coordinates": [ [ [ 367370.546723371371627, 6211645.881060540676117 ], [ 367370.546723371371627, 6212145.881060540676117 ], [ 366870.546723371371627, 6212145.881060540676117 ], [ 366870.546723371371627, 6211645.881060540676117 ], [ 367370.546723371371627, 6211645.881060540676117 ] ] ] } },
{ "type": "Feature", "properties": { "restaurant_count": 0 }, "geometry": { "type": "Polygon", "coordinates": [ [ [ 367370.546723371371627, 6212145.881060540676117 ], [ 367370.546723371371627, 6212645.881060540676117 ], [ 366870.546723371371627, 6212645.881060540676117 ], [ 366870.546723371371627, 6212145.881060540676117 ], [ 367370.546723371371627, 6212145.881060540676117 ] ] ] } },
{ "type": "Feature", "properties": { "restaurant_count": 0 }, "geometry": { "type": "Polygon", "coordinates": [ [ [ 367370.546723371371627, 6212645.881060540676117 ], [ 367370.546723371371627, 6213145.881060540676117 ], [ 366870.546723371371627, 6213145.881060540676117 ], [ 366870.546723371371627, 6212645.881060540676117 ], [ 367370.546723371371627, 6212645.881060540676117 ] ] ] } },
{ "type": "Feature", "properties": { "restaurant_count": 0 }, "geometry": { "type": "Polygon", "coordinates": [ [ [ 367370.546723371371627, 6213145.881060540676117 ], [ 367370.546723371371627, 6213645.881060540676117 ], [ 366870.546723371371627, 6213645.881060540676117 ], [ 366870.546723371371627, 6213145.881060540676117 ], [ 367370.546723371371627, 6213145.881060540676117 ] ] ] } },
{ "type": "Feature", "properties": { "restaurant_count": 0 }, "geometry": { "type": "Polygon", "coordinates": [ [ [ 367370.546723371371627, 6213645.881060540676117 ], [ 367370.546723371371627, 6214145.881060540676117 ], [ 366870.546723371371627, 6214145.881060540676117 ], [ 366870.546723371371627, 6213645.881060540676117 ], [ 367370.546723371371627, 6213645.881060540676117 ] ] ] } },
{ "type": "Feature", "properties": { "restaurant_count": 0 }, "geometry": { "type": "Polygon", "coordinates": [ [ [ 367370.546723371371627, 6214145.881060540676117 ], [ 367370.546723371371627, 6214645.881060540676117 ], [ 366870.546723371371627, 6214645.881060540676117 ], [ 366870.546723371371627, 6214145.881060540676117 ], [ 367370.546723371371627, 6214145.881060540676117 ] ] ] } },
{ "type": "Feature", "properties": { "restaurant_count": 0 }, "geometry": { "type": "Polygon", "coordinates": [ [ [ 367370.546723371371627, 6214645.881060540676117 ], [ 367370.546723371371627, 6215145.881060540676117 ], [ 366870.546723371371627, 6215145.881060540676117 ], [ 366870.546723371371627, 6214645.881060540676117 ], [ 367370.546723371371627, 6214645.881060540676117 ] ] ] } },
{ "type": "Feature", "properties": { "restaurant_count": 0 }, "geometry": { "type": "Polygon", "coordinates": [ [ [ 367370.546723371371627, 6215145.881060540676117 ], [ 367370.546723371371627, 6215645.881060540676117 ], [ 366870.546723371371627, 6215645.881060540676117 ], [ 366870.546723371371627, 6215145.881060540676117 ], [ 367370.546723371371627, 6215145.881060540676117 ] ] ] } },
{ "type": "Feature", "properties": { "restaurant_count": 0 }, "geometry": { "type": "Polygon", "coordinates": [ [ [ 367370.546723371371627, 6215645.881060540676117 ], [ 367370.546723371371627, 6216145.881060540676117 ], [ 366870.546723371371627, 6216145.881060540676117 ], [ 366870.546723371371627, 6215645.881060540676117 ], [ 367370.546723371371627, 6215645.881060540676117 ] ] ] } },
{ "type": "Feature", "properties": { "restaurant_count": 0 }, "geometry": { "type": "Polygon", "coordinates": [ [ [ 367370.546723371371627, 6216145.881060540676117 ], [ 367370.546723371371627, 6216645.881060540676117 ], [ 366870.546723371371627, 6216645.881060540676117 ], [ 366870.546723371371627, 6216145.881060540676117 ], [ 367370.546723371371627, 6216145.881060540676117 ] ] ] } },
{ "type": "Feature", "properties": { "restaurant_count": 0 }, "geometry": { "type": "Polygon", "coordinates": [ [ [ 367370.546723371371627, 6216645.881060540676117 ], [ 367370.546723371371627, 6217145.881060540676117 ], [ 366870.546723371371627, 6217145.881060540676117 ], [ 366870.546723371371627, 6216645.881060540676117 ], [ 367370.546723371371627, 6216645.881060540676117 ] ] ] } },
{ "type": "Feature", "properties": { "restaurant_count": 0 }, "geometry": { "type": "Polygon", "coordinates": [ [ [ 367370.546723371371627, 6217145.881060540676117 ], [ 367370.546723371371627, 6217645.881060540676117 ], [ 366870.546723371371627, 6217645.881060540676117 ], [ 366870.546723371371627, 6217145.881060540676117 ], [ 367370.546723371371627, 6217145.881060540676117 ] ] ] } },
{ "type": "Feature", "properties": { "restaurant_count": 0 }, "geometry": { "type": "Polygon", "coordinates": [ [ [ 367370.546723371371627, 6217645.881060540676117 ], [ 367370.546723371371627, 6218145.881060540676117 ], [ 366870.546723371371627, 6218145.881060540676117 ], [ 366870.546723371371627, 6217645.881060540676117 ], [ 367370.546723371371627, 6217645.881060540676117 ] ] ] } },
{ "type": "Feature", "properties": { "restaurant_count": 0 }, "geometry": { "type": "Polygon", "coordinates": [ [ [ 367370.546723371371627, 6218145.881060540676117 ], [ 367370.546723371371627, 6218645.881060540676117 ], [ 366870.546723371371627, 6218645.881060540676117 ], [ 366870.546723371371627, 6218145.881060540676117 ], [ 367370.546723371371627, 6218145.881060540676117 ] ] ] } },
{ "type": "Feature", "properties": { "restaurant_count": 0 }, "geometry": { "type": "Polygon", "coordinates": [ [ [ 367370.546723371371627, 6218645.881060540676117 ], [ 367370.546723371371627, 6219145.881060540676117 ], [ 366870.546723371371627, 6219145.881060540676117 ], [ 366870.546723371371627, 6218645.881060540676117 ], [ 367370.546723371371627, 6218645.881060540676117 ] ] ] } },
{ "type": "Feature", "properties": { "restaurant_count": 0 }, "geometry": { "type": "Polygon", "coordinates": [ [ [ 367370.546723371371627, 6219145.881060540676117 ], [ 367370.546723371371627, 6219645.881060540676117 ], [ 366870.546723371371627, 6219645.881060540676117 ], [ 366870.546723371371627, 6219145.881060540676117 ], [ 367370.546723371371627, 6219145.881060540676117 ] ] ] } },
{ "type": "Feature", "properties": { "restaurant_count": 0 }, "geometry": { "type": "Polygon", "coordinates": [ [ [ 367370.546723371371627, 6219645.881060540676117 ], [ 367370.546723371371627, 6220145.881060540676117 ], [ 366870.546723371371627, 6220145.881060540676117 ], [ 366870.546723371371627, 6219645.881060540676117 ], [ 367370.546723371371627, 6219645.881060540676117 ] ] ] } },
{ "type": "Feature", "properties": { "restaurant_count": 0 }, "geometry": { "type": "Polygon", "coordinates": [ [ [ 367370.546723371371627, 6220145.881060540676117 ], [ 367370.546723371371627, 6220645.881060540676117 ], [ 366870.546723371371627, 6220645.881060540676117 ], [ 366870.546723371371627, 6220145.881060540676117 ], [ 367370.546723371371627, 6220145.881060540676117 ] ] ] } },
{ "type": "Feature", "properties": { "restaurant_count": 0 }, "geometry": { "type": "Polygon", "coordinates": [ [ [ 367370.546723371371627, 6220645.881060540676117 ], [ 367370.546723371371627, 6221145.881060540676117 ], [ 366870.546723371371627, 6221145.881060540676117 ], [ 366870.546723371371627, 6220645.881060540676117 ], [ 367370.546723371371627, 6220645.881060540676117 ] ] ] } },
{ "type": "Feature", "properties": { "restaurant_count": 0 }, "geometry": { "type": "Polygon", "coordinates": [ [ [ 367370.546723371371627, 6221145.881060540676117 ], [ 367370.546723371371627, 6221645.881060540676117 ], [ 366870.546723371371627, 6221645.881060540676117 ], [ 366870.546723371371627, 6221145.881060540676117 ], [ 367370.546723371371627, 6221145.881060540676117 ] ] ] } },
{ "type": "Feature", "properties": { "restaurant_count": 0 }, "geometry": { "type": "Polygon", "coordinates": [ [ [ 367370.546723371371627, 6221645.881060540676117 ], [ 367370.546723371371627, 6222145.881060540676117 ], [ 366870.546723371371627, 6222145.881060540676117 ], [ 366870.546723371371627, 6221645.881060540676117 ], [ 367370.546723371371627, 6221645.881060540676117 ] ] ] } },
{ "type": "Feature", "properties": { "restaurant_count": 0 }, "geometry": { "type": "Polygon", "coordinates": [ [ [ 367370.546723371371627, 6222145.881060540676117 ], [ 367370.546723371371627, 6222645.881060540676117 ], [ 366870.546723371371627, 6222645.881060540676117 ], [ 366870.546723371371627, 6222145.881060540676117 ], [ 367370.546723371371627, 6222145.881060540676117 ] ] ] } },
{ "type": "Feature", "properties": { "restaurant_count": 0 }, "geometry": { "type": "Polygon", "coordinates": [ [ [ 367370.546723371371627, 6222645.881060540676117 ], [ 367370.546723371371627, 6223145.881060540676117 ], [ 366870.546723371371627, 6223145.881060540676117 ], [ 366870.546723371371627, 6222645.881060540676117 ], [ 367370.546723371371627, 6222645.881060540676117 ] ] ] } },
{ "type": "Feature", "properties": { "restaurant_count": 0 }, "geometry": { "type": "Polygon", "coordinates": [ [ [ 367370.546723371371627, 6223145.881060540676117 ], [ 367370.546723371371627, 6223645.881060540676117 ], [ 366870.546723371371627, 6223645.881060540676117 ], [ 366870.546723371371627, 6223145.881060540676117 ], [ 367370.546723371371627, 6223145.881060540676117 ] ] ] } },
{ "type": "Feature", "properties": { "restaurant_count": 0 }, "geometry": { "type": "Polygon", "coordinates": [ [ [ 367870.546723371371627, 6203145.881060540676117 ], [ 367870.546723371371627, 6203645.881060540676117 ], [ 367370.546723371371627, 6203645.881060540676117 ], [ 367370.546723371371627, 6203145.881060540676117 ], [ 367870.546723371371627, 6203145.881060540676117 ] ] ] } },
{ "type": "Feature", "properties": { "restaurant_count": 0 }, "geometry": { "type": "Polygon", "coordinates": [ [ [ 367870.546723371371627, 6203645.881060540676117 ], [ 367870.546723371371627, 6204145.881060540676117 ], [ 367370.546723371371627, 6204145.881060540676117 ], [ 367370.546723371371627, 6203645.881060540676117 ], [ 367870.546723371371627, 6203645.881060540676117 ] ] ] } },
{ "type": "Feature", "properties": { "restaurant_count": 0 }, "geometry": { "type": "Polygon", "coordinates": [ [ [ 367870.546723371371627, 6204145.881060540676117 ], [ 367870.546723371371627, 6204645.881060540676117 ], [ 367370.546723371371627, 6204645.881060540676117 ], [ 367370.546723371371627, 6204145.881060540676117 ], [ 367870.546723371371627, 6204145.881060540676117 ] ] ] } },
{ "type": "Feature", "properties": { "restaurant_count": 0 }, "geometry": { "type": "Polygon", "coordinates": [ [ [ 367870.546723371371627, 6204645.881060540676117 ], [ 367870.546723371371627, 6205145.881060540676117 ], [ 367370.546723371371627, 6205145.881060540676117 ], [ 367370.546723371371627, 6204645.881060540676117 ], [ 367870.546723371371627, 6204645.881060540676117 ] ] ] } },
{ "type": "Feature", "properties": { "restaurant_count": 0 }, "geometry": { "type": "Polygon", "coordinates": [ [ [ 367870.546723371371627, 6205145.881060540676117 ], [ 367870.546723371371627, 6205645.881060540676117 ], [ 367370.546723371371627, 6205645.881060540676117 ], [ 367370.546723371371627, 6205145.881060540676117 ], [ 367870.546723371371627, 6205145.881060540676117 ] ] ] } },
{ "type": "Feature", "properties": { "restaurant_count": 0 }, "geometry": { "type": "Polygon", "coordinates": [ [ [ 367870.546723371371627, 6205645.881060540676117 ], [ 367870.546723371371627, 6206145.881060540676117 ], [ 367370.546723371371627, 6206145.881060540676117 ], [ 367370.546723371371627, 6205645.881060540676117 ], [ 367870.546723371371627, 6205645.881060540676117 ] ] ] } },
{ "type": "Feature", "properties": { "restaurant_count": 0 }, "geometry": { "type": "Polygon", "coordinates": [ [ [ 367870.546723371371627, 6206145.881060540676117 ], [ 367870.546723371371627, 6206645.881060540676117 ], [ 367370.546723371371627, 6206645.881060540676117 ], [ 367370.546723371371627, 6206145.881060540676117 ], [ 367870.546723371371627, 6206145.881060540676117 ] ] ] } },
{ "type": "Feature", "properties": { "restaurant_count": 0 }, "geometry": { "type": "Polygon", "coordinates": [ [ [ 367870.546723371371627, 6206645.881060540676117 ], [ 367870.546723371371627, 6207145.881060540676117 ], [ 367370.546723371371627, 6207145.881060540676117 ], [ 367370.546723371371627, 6206645.881060540676117 ], [ 367870.546723371371627, 6206645.881060540676117 ] ] ] } },
{ "type": "Feature", "properties": { "restaurant_count": 0 }, "geometry": { "type": "Polygon", "coordinates": [ [ [ 367870.546723371371627, 6207145.881060540676117 ], [ 367870.546723371371627, 6207645.881060540676117 ], [ 367370.546723371371627, 6207645.881060540676117 ], [ 367370.546723371371627, 6207145.881060540676117 ], [ 367870.546723371371627, 6207145.881060540676117 ] ] ] } },
{ "type": "Feature", "properties": { "restaurant_count": 0 }, "geometry": { "type": "Polygon", "coordinates": [ [ [ 367870.546723371371627, 6207645.881060540676117 ], [ 367870.546723371371627, 6208145.881060540676117 ], [ 367370.546723371371627, 6208145.881060540676117 ], [ 367370.546723371371627, 6207645.881060540676117 ], [ 367870.546723371371627, 6207645.881060540676117 ] ] ] } },
{ "type": "Feature", "properties": { "restaurant_count": 0 }, "geometry": { "type": "Polygon", "coordinates": [ [ [ 367870.546723371371627, 6208145.881060540676117 ], [ 367870.546723371371627, 6208645.881060540676117 ], [ 367370.546723371371627, 6208645.881060540676117 ], [ 367370.546723371371627, 6208145.881060540676117 ], [ 367870.546723371371627, 6208145.881060540676117 ] ] ] } },
{ "type": "Feature", "properties": { "restaurant_count": 0 }, "geometry": { "type": "Polygon", "coordinates": [ [ [ 367870.546723371371627, 6208645.881060540676117 ], [ 367870.546723371371627, 6209145.881060540676117 ], [ 367370.546723371371627, 6209145.881060540676117 ], [ 367370.546723371371627, 6208645.881060540676117 ], [ 367870.546723371371627, 6208645.881060540676117 ] ] ] } },
{ "type": "Feature", "properties": { "restaurant_count": 0 }, "geometry": { "type": "Polygon", "coordinates": [ [ [ 367870.546723371371627, 6209145.881060540676117 ], [ 367870.546723371371627, 6209645.881060540676117 ], [ 367370.546723371371627, 6209645.881060540676117 ], [ 367370.546723371371627, 6209145.881060540676117 ], [ 367870.546723371371627, 6209145.881060540676117 ] ] ] } },
{ "type": "Feature", "properties": { "restaurant_count": 0 }, "geometry": { "type": "Polygon", "coordinates": [ [ [ 367870.546723371371627, 6209645.881060540676117 ], [ 367870.546723371371627, 6210145.881060540676117 ], [ 367370.546723371371627, 6210145.881060540676117 ], [ 367370.546723371371627, 6209645.881060540676117 ], [ 367870.546723371371627, 6209645.881060540676117 ] ] ] } },
{ "type": "Feature", "properties": { "restaurant_count": 0 }, "geometry": { "type": "Polygon", "coordinates": [ [ [ 367870.546723371371627, 6210145.881060540676117 ], [ 367870.546723371371627, 6210645.881060540676117 ], [ 367370.546723371371627, 6210645.881060540676117 ], [ 367370.546723371371627, 6210145.881060540676117 ], [ 367870.546723371371627, 6210145.881060540676117 ] ] ] } },
{ "type": "Feature", "properties": { "restaurant_count": 0 }, "geometry": { "type": "Polygon", "coordinates": [ [ [ 367870.546723371371627, 6210645.881060540676117 ], [ 367870.546723371371627, 6211145.881060540676117 ], [ 367370.546723371371627, 6211145.881060540676117 ], [ 367370.546723371371627, 6210645.881060540676117 ], [ 367870.546723371371627, 6210645.881060540676117 ] ] ] } },
{ "type": "Feature", "properties": { "restaurant_count": 0 }, "geometry": { "type": "Polygon", "coordinates": [ [ [ 367870.546723371371627, 6211145.881060540676117 ], [ 367870.546723371371627, 6211645.881060540676117 ], [ 367370.546723371371627, 6211645.881060540676117 ], [ 367370.546723371371627, 6211145.881060540676117 ], [ 367870.546723371371627, 6211145.881060540676117 ] ] ] } },
{ "type": "Feature", "properties": { "restaurant_count": 0 }, "geometry": { "type": "Polygon", "coordinates": [ [ [ 367870.546723371371627, 6211645.881060540676117 ], [ 367870.546723371371627, 6212145.881060540676117 ], [ 367370.546723371371627, 6212145.881060540676117 ], [ 367370.546723371371627, 6211645.881060540676117 ], [ 367870.546723371371627, 6211645.881060540676117 ] ] ] } },
{ "type": "Feature", "properties": { "restaurant_count": 0 }, "geometry": { "type": "Polygon", "coordinates": [ [ [ 367870.546723371371627, 6212145.881060540676117 ], [ 367870.546723371371627, 6212645.881060540676117 ], [ 367370.546723371371627, 6212645.881060540676117 ], [ 367370.546723371371627, 6212145.881060540676117 ], [ 367870.546723371371627, 6212145.881060540676117 ] ] ] } },
{ "type": "Feature", "properties": { "restaurant_count": 0 }, "geometry": { "type": "Polygon", "coordinates": [ [ [ 367870.546723371371627, 6212645.881060540676117 ], [ 367870.546723371371627, 6213145.881060540676117 ], [ 367370.546723371371627, 6213145.881060540676117 ], [ 367370.546723371371627, 6212645.881060540676117 ], [ 367870.546723371371627, 6212645.881060540676117 ] ] ] } },
{ "type": "Feature", "properties": { "restaurant_count": 0 }, "geometry": { "type": "Polygon", "coordinates": [ [ [ 367870.546723371371627, 6213145.881060540676117 ], [ 367870.546723371371627, 6213645.881060540676117 ], [ 367370.546723371371627, 6213645.881060540676117 ], [ 367370.546723371371627, 6213145.881060540676117 ], [ 367870.546723371371627, 6213145.881060540676117 ] ] ] } },
{ "type": "Feature", "properties": { "restaurant_count": 0 }, "geometry": { "type": "Polygon", "coordinates": [ [ [ 367870.546723371371627, 6213645.881060540676117 ], [ 367870.546723371371627, 6214145.881060540676117 ], [ 367370.546723371371627, 6214145.881060540676117 ], [ 367370.546723371371627, 6213645.881060540676117 ], [ 367870.546723371371627, 6213645.881060540676117 ] ] ] } },
{ "type": "Feature", "properties": { "restaurant_count": 0 }, "geometry": { "type": "Polygon", "coordinates": [ [ [ 367870.546723371371627, 6214145.881060540676117 ], [ 367870.546723371371627, 6214645.881060540676117 ], [ 367370.546723371371627, 6214645.881060540676117 ], [ 367370.546723371371627, 6214145.881060540676117 ], [ 367870.546723371371627, 6214145.881060540676117 ] ] ] } },
{ "type": "Feature", "properties": { "restaurant_count": 0 }, "geometry": { "type": "Polygon", "coordinates": [ [ [ 367870.546723371371627, 6214645.881060540676117 ], [ 367870.546723371371627, 6215145.881060540676117 ], [ 367370.546723371371627, 6215145.881060540676117 ], [ 367370.546723371371627, 6214645.881060540676117 ], [ 367870.546723371371627, 6214645.881060540676117 ] ] ] } },
{ "type": "Feature", "properties": { "restaurant_count": 0 }, "geometry": { "type": "Polygon", "coordinates": [ [ [ 367870.546723371371627, 6215145.881060540676117 ], [ 367870.546723371371627, 6215645.881060540676117 ], [ 367370.546723371371627, 6215645.881060540676117 ], [ 367370.546723371371627, 6215145.881060540676117 ], [ 367870.546723371371627, 6215145.881060540676117 ] ] ] } },
{ "type": "Feature", "properties": { "restaurant_count": 0 }, "geometry": { "type": "Polygon", "coordinates": [ [ [ 367870.546723371371627, 6215645.881060540676117 ], [ 367870.546723371371627, 6216145.881060540676117 ], [ 367370.546723371371627, 6216145.881060540676117 ], [ 367370.546723371371627, 6215645.881060540676117 ], [ 367870.546723371371627, 6215645.881060540676117 ] ] ] } },
{ "type": "Feature", "properties": { "restaurant_count": 0 }, "geometry": { "type": "Polygon", "coordinates": [ [ [ 367870.546723371371627, 6216145.881060540676117 ], [ 367870.546723371371627, 6216645.881060540676117 ], [ 367370.546723371371627, 6216645.881060540676117 ], [ 367370.546723371371627, 6216145.881060540676117 ], [ 367870.546723371371627, 6216145.881060540676117 ] ] ] } },
{ "type": "Feature", "properties": { "restaurant_count": 0 }, "geometry": { "type": "Polygon", "coordinates": [ [ [ 367870.546723371371627, 6216645.881060540676117 ], [ 367870.546723371371627, 6217145.881060540676117 ], [ 367370.546723371371627, 6217145.881060540676117 ], [ 367370.546723371371627, 6216645.881060540676117 ], [ 367870.546723371371627, 6216645.881060540676117 ] ] ] } },
{ "type": "Feature", "properties": { "restaurant_count": 0 }, "geometry": { "type": "Polygon", "coordinates": [ [ [ 367870.546723371371627, 6217145.881060540676117 ], [ 367870.546723371371627, 6217645.881060540676117 ], [ 367370.546723371371627, 6217645.881060540676117 ], [ 367370.546723371371627, 6217145.881060540676117 ], [ 367870.546723371371627, 6217145.881060540676117 ] ] ] } },
{ "type": "Feature", "properties": { "restaurant_count": 0 }, "geometry": { "type": "Polygon", "coordinates": [ [ [ 367870.546723371371627, 6217645.881060540676117 ], [ 367870.546723371371627, 6218145.881060540676117 ], [ 367370.546723371371627, 6218145.881060540676117 ], [ 367370.546723371371627, 6217645.881060540676117 ], [ 367870.546723371371627, 6217645.881060540676117 ] ] ] } },
{ "type": "Feature", "properties": { "restaurant_count": 0 }, "geometry": { "type": "Polygon", "coordinates": [ [ [ 367870.546723371371627, 6218145.881060540676117 ], [ 367870.546723371371627, 6218645.881060540676117 ], [ 367370.546723371371627, 6218645.881060540676117 ], [ 367370.546723371371627, 6218145.881060540676117 ], [ 367870.546723371371627, 6218145.881060540676117 ] ] ] } },
{ "type": "Feature", "properties": { "restaurant_count": 0 }, "geometry": { "type": "Polygon", "coordinates": [ [ [ 367870.546723371371627, 6218645.881060540676117 ], [ 367870.546723371371627, 6219145.881060540676117 ], [ 367370.546723371371627, 6219145.881060540676117 ], [ 367370.546723371371627, 6218645.881060540676117 ], [ 367870.546723371371627, 6218645.881060540676117 ] ] ] } },
{ "type": "Feature", "properties": { "restaurant_count": 0 }, "geometry": { "type": "Polygon", "coordinates": [ [ [ 367870.546723371371627, 6219145.881060540676117 ], [ 367870.546723371371627, 6219645.881060540676117 ], [ 367370.546723371371627, 6219645.881060540676117 ], [ 367370.546723371371627, 6219145.881060540676117 ], [ 367870.546723371371627, 6219145.881060540676117 ] ] ] } },
{ "type": "Feature", "properties": { "restaurant_count": 0 }, "geometry": { "type": "Polygon", "coordinates": [ [ [ 367870.546723371371627, 6219645.881060540676117 ], [ 367870.546723371371627, 6220145.881060540676117 ], [ 367370.546723371371627, 6220145.881060540676117 ], [ 367370.546723371371627, 6219645.881060540676117 ], [ 367870.546723371371627, 6219645.881060540676117 ] ] ] } },
{ "type": "Feature", "properties": { "restaurant_count": 0 }, "geometry": { "type": "Polygon", "coordinates": [ [ [ 367870.546723371371627, 6220145.881060540676117 ], [ 367870.546723371371627, 6220645.881060540676117 ], [ 367370.546723371371627, 6220645.881060540676117 ], [ 367370.546723371371627, 6220145.881060540676117 ], [ 367870.546723371371627, 6220145.881060540676117 ] ] ] } },
{ "type": "Feature", "properties": { "restaurant_count": 0 }, "geometry": { "type": "Polygon", "coordinates": [ [ [ 367870.546723371371627, 6220645.881060540676117 ], [ 367870.546723371371627, 6221145.881060540676117 ], [ 367370.546723371371627, 6221145.881060540676117 ], [ 367370.546723371371627, 6220645.881060540676117 ], [ 367870.546723371371627, 6220645.881060540676117 ] ] ] } },
{ "type": "Feature", "properties": { "restaurant_count": 0 }, "geometry": { "type": "Polygon", "coordinates": [ [ [ 367870.546723371371627, 6221145.881060540676117 ], [ 367870.546723371371627, 6221645.881060540676117 ], [ 367370.546723371371627, 6221645.881060540676117 ], [ 367370.546723371371627, 6221145.881060540676117 ], [ 367870.546723371371627, 6221145.881060540676117 ] ] ] } },
{ "type": "Feature", "properties": { "restaurant_count": 0 }, "geometry": { "type": "Polygon", "coordinates": [ [ [ 367870.546723371371627, 6221645.881060540676117 ], [ 367870.546723371371627, 6222145.881060540676117 ], [ 367370.546723371371627, 6222145.881060540676117 ], [ 367370.546723371371627, 6221645.881060540676117 ], [ 367870.546723371371627, 6221645.881060540676117 ] ] ] } },
{ "type": "Feature", "properties": { "restaurant_count": 0 }, "geometry": { "type": "Polygon", "coordinates": [ [ [ 367870.546723371371627, 6222145.881060540676117 ], [ 367870.546723371371627, 6222645.881060540676117 ], [ 367370.546723371371627, 6222645.881060540676117 ], [ 367370.546723371371627, 6222145.881060540676117 ], [ 367870.546723371371627, 6222145.881060540676117 ] ] ] } },
{ "type": "Feature", "properties": { "restaurant_count": 0 }, "geometry": { "type": "Polygon", "coordinates": [ [ [ 367870.546723371371627, 6222645.881060540676117 ], [ 367870.546723371371627, 6223145.881060540676117 ], [ 367370.546723371371627, 6223145.881060540676117 ], [ 367370.546723371371627, 6222645.881060540676117 ], [ 367870.546723371371627, 6222645.881060540676117 ] ] ] } },
{ "type": "Feature", "properties": { "restaurant_count": 0 }, "geometry": { "type": "Polygon", "coordinates": [ [ [ 367870.546723371371627, 6223145.881060540676117 ], [ 367870.546723371371627, 6223645.881060540676117 ], [ 367370.546723371371627, 6223645.881060540676117 ], [ 367370.546723371371627, 6223145.881060540676117 ], [ 367870.546723371371627, 6223145.881060540676117 ] ] ] } },
{ "type": "Feature", "properties": { "restaurant_count": 0 }, "geometry": { "type": "Polygon", "coordinates": [ [ [ 368370.546723371371627, 6203145.881060540676117 ], [ 368370.546723371371627, 6203645.881060540676117 ], [ 367870.546723371371627, 6203645.881060540676117 ], [ 367870.546723371371627, 6203145.881060540676117 ], [ 368370.546723371371627, 6203145.881060540676117 ] ] ] } },
{ "type": "Feature", "properties": { "restaurant_count": 0 }, "geometry": { "type": "Polygon", "coordinates": [ [ [ 368370.546723371371627, 6203645.881060540676117 ], [ 368370.546723371371627, 6204145.881060540676117 ], [ 367870.546723371371627, 6204145.881060540676117 ], [ 367870.546723371371627, 6203645.881060540676117 ], [ 368370.546723371371627, 6203645.881060540676117 ] ] ] } },
{ "type": "Feature", "properties": { "restaurant_count": 0 }, "geometry": { "type": "Polygon", "coordinates": [ [ [ 368370.546723371371627, 6204145.881060540676117 ], [ 368370.546723371371627, 6204645.881060540676117 ], [ 367870.546723371371627, 6204645.881060540676117 ], [ 367870.546723371371627, 6204145.881060540676117 ], [ 368370.546723371371627, 6204145.881060540676117 ] ] ] } },
{ "type": "Feature", "properties": { "restaurant_count": 0 }, "geometry": { "type": "Polygon", "coordinates": [ [ [ 368370.546723371371627, 6204645.881060540676117 ], [ 368370.546723371371627, 6205145.881060540676117 ], [ 367870.546723371371627, 6205145.881060540676117 ], [ 367870.546723371371627, 6204645.881060540676117 ], [ 368370.546723371371627, 6204645.881060540676117 ] ] ] } },
{ "type": "Feature", "properties": { "restaurant_count": 0 }, "geometry": { "type": "Polygon", "coordinates": [ [ [ 368370.546723371371627, 6205145.881060540676117 ], [ 368370.546723371371627, 6205645.881060540676117 ], [ 367870.546723371371627, 6205645.881060540676117 ], [ 367870.546723371371627, 6205145.881060540676117 ], [ 368370.546723371371627, 6205145.881060540676117 ] ] ] } },
{ "type": "Feature", "properties": { "restaurant_count": 0 }, "geometry": { "type": "Polygon", "coordinates": [ [ [ 368370.546723371371627, 6205645.881060540676117 ], [ 368370.546723371371627, 6206145.881060540676117 ], [ 367870.546723371371627, 6206145.881060540676117 ], [ 367870.546723371371627, 6205645.881060540676117 ], [ 368370.546723371371627, 6205645.881060540676117 ] ] ] } },
{ "type": "Feature", "properties": { "restaurant_count": 0 }, "geometry": { "type": "Polygon", "coordinates": [ [ [ 368370.546723371371627, 6206145.881060540676117 ], [ 368370.546723371371627, 6206645.881060540676117 ], [ 367870.546723371371627, 6206645.881060540676117 ], [ 367870.546723371371627, 6206145.881060540676117 ], [ 368370.546723371371627, 6206145.881060540676117 ] ] ] } },
{ "type": "Feature", "properties": { "restaurant_count": 0 }, "geometry": { "type": "Polygon", "coordinates": [ [ [ 368370.546723371371627, 6206645.881060540676117 ], [ 368370.546723371371627, 6207145.881060540676117 ], [ 367870.546723371371627, 6207145.881060540676117 ], [ 367870.546723371371627, 6206645.881060540676117 ], [ 368370.546723371371627, 6206645.881060540676117 ] ] ] } },
{ "type": "Feature", "properties": { "restaurant_count": 0 }, "geometry": { "type": "Polygon", "coordinates": [ [ [ 368370.546723371371627, 6207145.881060540676117 ], [ 368370.546723371371627, 6207645.881060540676117 ], [ 367870.546723371371627, 6207645.881060540676117 ], [ 367870.546723371371627, 6207145.881060540676117 ], [ 368370.546723371371627, 6207145.881060540676117 ] ] ] } },
{ "type": "Feature", "properties": { "restaurant_count": 0 }, "geometry": { "type": "Polygon", "coordinates": [ [ [ 368370.546723371371627, 6207645.881060540676117 ], [ 368370.546723371371627, 6208145.881060540676117 ], [ 367870.546723371371627, 6208145.881060540676117 ], [ 367870.546723371371627, 6207645.881060540676117 ], [ 368370.546723371371627, 6207645.881060540676117 ] ] ] } },
{ "type": "Feature", "properties": { "restaurant_count": 0 }, "geometry": { "type": "Polygon", "coordinates": [ [ [ 368370.546723371371627, 6208145.881060540676117 ], [ 368370.546723371371627, 6208645.881060540676117 ], [ 367870.546723371371627, 6208645.881060540676117 ], [ 367870.546723371371627, 6208145.881060540676117 ], [ 368370.546723371371627, 6208145.881060540676117 ] ] ] } },
{ "type": "Feature", "properties": { "restaurant_count": 0 }, "geometry": { "type": "Polygon", "coordinates": [ [ [ 368370.546723371371627, 6208645.881060540676117 ], [ 368370.546723371371627, 6209145.881060540676117 ], [ 367870.546723371371627, 6209145.881060540676117 ], [ 367870.546723371371627, 6208645.881060540676117 ], [ 368370.546723371371627, 6208645.881060540676117 ] ] ] } },
{ "type": "Feature", "properties": { "restaurant_count": 0 }, "geometry": { "type": "Polygon", "coordinates": [ [ [ 368370.546723371371627, 6209145.881060540676117 ], [ 368370.546723371371627, 6209645.881060540676117 ], [ 367870.546723371371627, 6209645.881060540676117 ], [ 367870.546723371371627, 6209145.881060540676117 ], [ 368370.546723371371627, 6209145.881060540676117 ] ] ] } },
{ "type": "Feature", "properties": { "restaurant_count": 0 }, "geometry": { "type": "Polygon", "coordinates": [ [ [ 368370.546723371371627, 6209645.881060540676117 ], [ 368370.546723371371627, 6210145.881060540676117 ], [ 367870.546723371371627, 6210145.881060540676117 ], [ 367870.546723371371627, 6209645.881060540676117 ], [ 368370.546723371371627, 6209645.881060540676117 ] ] ] } },
{ "type": "Feature", "properties": { "restaurant_count": 0 }, "geometry": { "type": "Polygon", "coordinates": [ [ [ 368370.546723371371627, 6210145.881060540676117 ], [ 368370.546723371371627, 6210645.881060540676117 ], [ 367870.546723371371627, 6210645.881060540676117 ], [ 367870.546723371371627, 6210145.881060540676117 ], [ 368370.546723371371627, 6210145.881060540676117 ] ] ] } },
{ "type": "Feature", "properties": { "restaurant_count": 0 }, "geometry": { "type": "Polygon", "coordinates": [ [ [ 368370.546723371371627, 6210645.881060540676117 ], [ 368370.546723371371627, 6211145.881060540676117 ], [ 367870.546723371371627, 6211145.881060540676117 ], [ 367870.546723371371627, 6210645.881060540676117 ], [ 368370.546723371371627, 6210645.881060540676117 ] ] ] } },
{ "type": "Feature", "properties": { "restaurant_count": 0 }, "geometry": { "type": "Polygon", "coordinates": [ [ [ 368370.546723371371627, 6211145.881060540676117 ], [ 368370.546723371371627, 6211645.881060540676117 ], [ 367870.546723371371627, 6211645.881060540676117 ], [ 367870.546723371371627, 6211145.881060540676117 ], [ 368370.546723371371627, 6211145.881060540676117 ] ] ] } },
{ "type": "Feature", "properties": { "restaurant_count": 0 }, "geometry": { "type": "Polygon", "coordinates": [ [ [ 368370.546723371371627, 6211645.881060540676117 ], [ 368370.546723371371627, 6212145.881060540676117 ], [ 367870.546723371371627, 6212145.881060540676117 ], [ 367870.546723371371627, 6211645.881060540676117 ], [ 368370.546723371371627, 6211645.881060540676117 ] ] ] } },
{ "type": "Feature", "properties": { "restaurant_count": 0 }, "geometry": { "type": "Polygon", "coordinates": [ [ [ 368370.546723371371627, 6212145.881060540676117 ], [ 368370.546723371371627, 6212645.881060540676117 ], [ 367870.546723371371627, 6212645.881060540676117 ], [ 367870.546723371371627, 6212145.881060540676117 ], [ 368370.546723371371627, 6212145.881060540676117 ] ] ] } },
{ "type": "Feature", "properties": { "restaurant_count": 0 }, "geometry": { "type": "Polygon", "coordinates": [ [ [ 368370.546723371371627, 6212645.881060540676117 ], [ 368370.546723371371627, 6213145.881060540676117 ], [ 367870.546723371371627, 6213145.881060540676117 ], [ 367870.546723371371627, 6212645.881060540676117 ], [ 368370.546723371371627, 6212645.881060540676117 ] ] ] } },
{ "type": "Feature", "properties": { "restaurant_count": 0 }, "geometry": { "type": "Polygon", "coordinates": [ [ [ 368370.546723371371627, 6213145.881060540676117 ], [ 368370.546723371371627, 6213645.881060540676117 ], [ 367870.546723371371627, 6213645.881060540676117 ], [ 367870.546723371371627, 6213145.881060540676117 ], [ 368370.546723371371627, 6213145.881060540676117 ] ] ] } },
{ "type": "Feature", "properties": { "restaurant_count": 0 }, "geometry": { "type": "Polygon", "coordinates": [ [ [ 368370.546723371371627, 6213645.881060540676117 ], [ 368370.546723371371627, 6214145.881060540676117 ], [ 367870.546723371371627, 6214145.881060540676117 ], [ 367870.546723371371627, 6213645.881060540676117 ], [ 368370.546723371371627, 6213645.881060540676117 ] ] ] } },
{ "type": "Feature", "properties": { "restaurant_count": 1 }, "geometry": { "type": "Polygon", "coordinates": [ [ [ 368370.546723371371627, 6214145.881060540676117 ], [ 368370.546723371371627, 6214645.881060540676117 ], [ 367870.546723371371627, 6214645.881060540676117 ], [ 367870.546723371371627, 6214145.881060540676117 ], [ 368370.546723371371627, 6214145.881060540676117 ] ] ] } },
{ "type": "Feature", "properties": { "restaurant_count": 0 }, "geometry": { "type": "Polygon", "coordinates": [ [ [ 368370.546723371371627, 6214645.881060540676117 ], [ 368370.546723371371627, 6215145.881060540676117 ], [ 367870.546723371371627, 6215145.881060540676117 ], [ 367870.546723371371627, 6214645.881060540676117 ], [ 368370.546723371371627, 6214645.881060540676117 ] ] ] } },
{ "type": "Feature", "properties": { "restaurant_count": 0 }, "geometry": { "type": "Polygon", "coordinates": [ [ [ 368370.546723371371627, 6215145.881060540676117 ], [ 368370.546723371371627, 6215645.881060540676117 ], [ 367870.546723371371627, 6215645.881060540676117 ], [ 367870.546723371371627, 6215145.881060540676117 ], [ 368370.546723371371627, 6215145.881060540676117 ] ] ] } },
{ "type": "Feature", "properties": { "restaurant_count": 0 }, "geometry": { "type": "Polygon", "coordinates": [ [ [ 368370.546723371371627, 6215645.881060540676117 ], [ 368370.546723371371627, 6216145.881060540676117 ], [ 367870.546723371371627, 6216145.881060540676117 ], [ 367870.546723371371627, 6215645.881060540676117 ], [ 368370.546723371371627, 6215645.881060540676117 ] ] ] } },
{ "type": "Feature", "properties": { "restaurant_count": 0 }, "geometry": { "type": "Polygon", "coordinates": [ [ [ 368370.546723371371627, 6216145.881060540676117 ], [ 368370.546723371371627, 6216645.881060540676117 ], [ 367870.546723371371627, 6216645.881060540676117 ], [ 367870.546723371371627, 6216145.881060540676117 ], [ 368370.546723371371627, 6216145.881060540676117 ] ] ] } },
{ "type": "Feature", "properties": { "restaurant_count": 0 }, "geometry": { "type": "Polygon", "coordinates": [ [ [ 368370.546723371371627, 6216645.881060540676117 ], [ 368370.546723371371627, 6217145.881060540676117 ], [ 367870.546723371371627, 6217145.881060540676117 ], [ 367870.546723371371627, 6216645.881060540676117 ], [ 368370.546723371371627, 6216645.881060540676117 ] ] ] } },
{ "type": "Feature", "properties": { "restaurant_count": 0 }, "geometry": { "type": "Polygon", "coordinates": [ [ [ 368370.546723371371627, 6217145.881060540676117 ], [ 368370.546723371371627, 6217645.881060540676117 ], [ 367870.546723371371627, 6217645.881060540676117 ], [ 367870.546723371371627, 6217145.881060540676117 ], [ 368370.546723371371627, 6217145.881060540676117 ] ] ] } },
{ "type": "Feature", "properties": { "restaurant_count": 0 }, "geometry": { "type": "Polygon", "coordinates": [ [ [ 368370.546723371371627, 6217645.881060540676117 ], [ 368370.546723371371627, 6218145.881060540676117 ], [ 367870.546723371371627, 6218145.881060540676117 ], [ 367870.546723371371627, 6217645.881060540676117 ], [ 368370.546723371371627, 6217645.881060540676117 ] ] ] } },
{ "type": "Feature", "properties": { "restaurant_count": 0 }, "geometry": { "type": "Polygon", "coordinates": [ [ [ 368370.546723371371627, 6218145.881060540676117 ], [ 368370.546723371371627, 6218645.881060540676117 ], [ 367870.546723371371627, 6218645.881060540676117 ], [ 367870.546723371371627, 6218145.881060540676117 ], [ 368370.546723371371627, 6218145.881060540676117 ] ] ] } },
{ "type": "Feature", "properties": { "restaurant_count": 0 }, "geometry": { "type": "Polygon", "coordinates": [ [ [ 368370.546723371371627, 6218645.881060540676117 ], [ 368370.546723371371627, 6219145.881060540676117 ], [ 367870.546723371371627, 6219145.881060540676117 ], [ 367870.546723371371627, 6218645.881060540676117 ], [ 368370.546723371371627, 6218645.881060540676117 ] ] ] } },
{ "type": "Feature", "properties": { "restaurant_count": 0 }, "geometry": { "type": "Polygon", "coordinates": [ [ [ 368370.546723371371627, 6219145.881060540676117 ], [ 368370.546723371371627, 6219645.881060540676117 ], [ 367870.546723371371627, 6219645.881060540676117 ], [ 367870.546723371371627, 6219145.881060540676117 ], [ 368370.546723371371627, 6219145.881060540676117 ] ] ] } },
{ "type": "Feature", "properties": { "restaurant_count": 0 }, "geometry": { "type": "Polygon", "coordinates": [ [ [ 368370.546723371371627, 6219645.881060540676117 ], [ 368370.546723371371627, 6220145.881060540676117 ], [ 367870.546723371371627, 6220145.881060540676117 ], [ 367870.546723371371627, 6219645.881060540676117 ], [ 368370.546723371371627, 6219645.881060540676117 ] ] ] } },
{ "type": "Feature", "properties": { "restaurant_count": 0 }, "geometry": { "type": "Polygon", "coordinates": [ [ [ 368370.546723371371627, 6220145.881060540676117 ], [ 368370.546723371371627, 6220645.881060540676117 ], [ 367870.546723371371627, 6220645.881060540676117 ], [ 367870.546723371371627, 6220145.881060540676117 ], [ 368370.546723371371627, 6220145.881060540676117 ] ] ] } },
{ "type": "Feature", "properties": { "restaurant_count": 0 }, "geometry": { "type": "Polygon", "coordinates": [ [ [ 368370.546723371371627, 6220645.881060540676117 ], [ 368370.546723371371627, 6221145.881060540676117 ], [ 367870.546723371371627, 6221145.881060540676117 ], [ 367870.546723371371627, 6220645.881060540676117 ], [ 368370.546723371371627, 6220645.881060540676117 ] ] ] } },
{ "type": "Feature", "properties": { "restaurant_count": 0 }, "geometry": { "type": "Polygon", "coordinates": [ [ [ 368370.546723371371627, 6221145.881060540676117 ], [ 368370.546723371371627, 6221645.881060540676117 ], [ 367870.546723371371627, 6221645.881060540676117 ], [ 367870.546723371371627, 6221145.881060540676117 ], [ 368370.546723371371627, 6221145.881060540676117 ] ] ] } },
{ "type": "Feature", "properties": { "restaurant_count": 0 }, "geometry": { "type": "Polygon", "coordinates": [ [ [ 368370.546723371371627, 6221645.881060540676117 ], [ 368370.546723371371627, 6222145.881060540676117 ], [ 367870.546723371371627, 6222145.881060540676117 ], [ 367870.546723371371627, 6221645.881060540676117 ], [ 368370.546723371371627, 6221645.881060540676117 ] ] ] } },
{ "type": "Feature", "properties": { "restaurant_count": 0 }, "geometry": { "type": "Polygon", "coordinates": [ [ [ 368370.546723371371627, 6222145.881060540676117 ], [ 368370.546723371371627, 6222645.881060540676117 ], [ 367870.546723371371627, 6222645.881060540676117 ], [ 367870.546723371371627, 6222145.881060540676117 ], [ 368370.546723371371627, 6222145.881060540676117 ] ] ] } },
{ "type": "Feature", "properties": { "restaurant_count": 0 }, "geometry": { "type": "Polygon", "coordinates": [ [ [ 368370.546723371371627, 6222645.881060540676117 ], [ 368370.546723371371627, 6223145.881060540676117 ], [ 367870.546723371371627, 6223145.881060540676117 ], [ 367870.546723371371627, 6222645.881060540676117 ], [ 368370.546723371371627, 6222645.881060540676117 ] ] ] } },
{ "type": "Feature", "properties": { "restaurant_count": 0 }, "geometry": { "type": "Polygon", "coordinates": [ [ [ 368370.546723371371627, 6223145.881060540676117 ], [ 368370.546723371371627, 6223645.881060540676117 ], [ 367870.546723371371627, 6223645.881060540676117 ], [ 367870.546723371371627, 6223145.881060540676117 ], [ 368370.546723371371627, 6223145.881060540676117 ] ] ] } }
]
}
